user_id,variant,country,first_exposure_ts,orders,converted,revenue_eur,bundle_orders,returned
U019962,control,IT,2026-04-13 00:22:11,2.0,1,165.04,0.0,1.0
U008500,control,DE,2026-04-13 00:34:45,1.0,1,87.98,0.0,0.0
U019122,treatment,IT,2026-04-13 00:42:01,0.0,0,0.0,0.0,0.0
U021279,treatment,IT,2026-04-13 00:43:54,2.0,1,157.65,0.0,0.0
U015500,treatment,IT,2026-04-13 00:47:29,0.0,0,0.0,0.0,0.0
U010104,control,DE,2026-04-13 01:00:59,0.0,0,0.0,0.0,0.0
U005931,control,IT,2026-04-13 01:01:43,3.0,1,290.91,0.0,0.0
U005732,control,DE,2026-04-13 01:19:32,1.0,1,99.96,0.0,0.0
U012396,treatment,DE,2026-04-13 01:24:03,0.0,0,0.0,0.0,0.0
U007701,control,DE,2026-04-13 01:28:25,2.0,1,101.95,0.0,0.0
U012966,treatment,DE,2026-04-13 01:32:59,1.0,1,34.98,0.0,0.0
U004898,control,DE,2026-04-13 01:45:00,0.0,0,0.0,0.0,0.0
U022367,control,IT,2026-04-13 01:45:27,0.0,0,0.0,0.0,0.0
U012506,treatment,IT,2026-04-13 01:46:56,0.0,0,0.0,0.0,0.0
U000785,control,DE,2026-04-13 01:48:25,0.0,0,0.0,0.0,0.0
U021514,treatment,DE,2026-04-13 01:50:01,1.0,1,14.99,0.0,0.0
U016220,control,DE,2026-04-13 01:51:38,0.0,0,0.0,0.0,0.0
U007783,treatment,IT,2026-04-13 01:59:02,0.0,0,0.0,0.0,0.0
U024225,control,DE,2026-04-13 02:05:53,1.0,1,16.99,0.0,0.0
U000891,treatment,IT,2026-04-13 02:10:05,0.0,0,0.0,0.0,0.0
U005662,treatment,DE,2026-04-13 02:28:34,1.0,1,39.99,0.0,0.0
U015784,treatment,DE,2026-04-13 02:51:27,1.0,1,14.99,0.0,0.0
U012881,control,IT,2026-04-13 02:57:02,0.0,0,0.0,0.0,0.0
U014696,treatment,DE,2026-04-13 03:04:58,0.0,0,0.0,0.0,0.0
U009961,control,IT,2026-04-13 03:05:24,1.0,1,56.97,0.0,0.0
U020149,control,DE,2026-04-13 03:05:51,0.0,0,0.0,0.0,0.0
U006035,treatment,IT,2026-04-13 03:06:32,1.0,1,55.98,0.0,0.0
U006675,treatment,DE,2026-04-13 03:12:01,1.0,1,27.99,0.0,0.0
U021753,treatment,DE,2026-04-13 03:24:34,3.0,1,175.93,0.0,0.0
U014590,treatment,DE,2026-04-13 03:34:23,2.0,1,119.95,0.0,0.0
U015558,control,DE,2026-04-13 03:41:13,0.0,0,0.0,0.0,0.0
U024226,control,DE,2026-04-13 04:07:18,1.0,1,41.98,0.0,0.0
U020093,control,DE,2026-04-13 04:07:35,0.0,0,0.0,0.0,0.0
U018732,treatment,IT,2026-04-13 04:24:09,1.0,1,73.22,1.0,0.0
U018686,treatment,IT,2026-04-13 04:51:04,2.0,1,97.71,1.0,0.0
U015504,control,IT,2026-04-13 05:20:34,2.0,1,101.96,0.0,0.0
U019741,control,IT,2026-04-13 05:26:53,1.0,1,14.99,0.0,0.0
U014746,treatment,DE,2026-04-13 05:33:30,1.0,1,58.97,0.0,0.0
U018586,control,DE,2026-04-13 05:33:51,1.0,1,25.98,0.0,0.0
U023594,treatment,DE,2026-04-13 05:43:23,0.0,0,0.0,0.0,0.0
U007845,treatment,DE,2026-04-13 06:08:43,1.0,1,49.73,1.0,0.0
U007792,control,DE,2026-04-13 06:11:42,1.0,1,44.99,0.0,0.0
U020821,treatment,IT,2026-04-13 06:13:48,0.0,0,0.0,0.0,0.0
U016464,control,DE,2026-04-13 06:28:09,1.0,1,29.99,0.0,0.0
U020826,control,DE,2026-04-13 06:31:48,1.0,1,78.97,0.0,0.0
U014281,treatment,IT,2026-04-13 06:35:25,0.0,0,0.0,0.0,0.0
U008216,control,DE,2026-04-13 06:37:52,1.0,1,26.99,0.0,1.0
U018286,treatment,IT,2026-04-13 06:41:26,2.0,1,68.71,1.0,0.0
U015107,treatment,IT,2026-04-13 06:46:06,0.0,0,0.0,0.0,0.0
U019408,treatment,IT,2026-04-13 06:50:55,0.0,0,0.0,0.0,0.0
U023434,treatment,IT,2026-04-13 06:53:58,0.0,0,0.0,0.0,0.0
U022413,treatment,IT,2026-04-13 06:54:34,0.0,0,0.0,0.0,0.0
U004600,treatment,DE,2026-04-13 06:59:33,2.0,1,250.66,1.0,0.0
U024227,treatment,IT,2026-04-13 07:33:19,1.0,1,26.99,0.0,0.0
U018221,treatment,IT,2026-04-13 08:03:05,1.0,1,43.98,0.0,0.0
U021999,control,DE,2026-04-13 08:15:10,1.0,1,103.97,0.0,0.0
U024228,treatment,IT,2026-04-13 08:29:19,2.0,1,67.82,1.0,0.0
U021033,control,DE,2026-04-13 08:31:38,0.0,0,0.0,0.0,0.0
U012931,treatment,DE,2026-04-13 09:04:12,0.0,0,0.0,0.0,0.0
U024230,treatment,DE,2026-04-13 09:04:33,1.0,1,99.97,1.0,0.0
U024229,control,IT,2026-04-13 09:09:03,1.0,1,37.78,0.0,0.0
U003719,control,DE,2026-04-13 09:13:57,2.0,1,79.96,0.0,0.0
U002660,control,IT,2026-04-13 09:40:47,0.0,0,0.0,0.0,0.0
U017459,treatment,DE,2026-04-13 09:46:47,0.0,0,0.0,0.0,0.0
U011617,treatment,DE,2026-04-13 09:48:18,1.0,1,75.97,0.0,0.0
U022731,control,IT,2026-04-13 09:52:38,2.0,1,56.97,0.0,0.0
U009779,treatment,DE,2026-04-13 09:54:50,0.0,0,0.0,0.0,0.0
U014357,control,IT,2026-04-13 09:54:55,1.0,1,111.97,0.0,0.0
U020590,control,DE,2026-04-13 09:54:58,2.0,1,134.95,0.0,0.0
U013638,treatment,IT,2026-04-13 10:02:08,2.0,1,110.95,0.0,0.0
U024231,control,DE,2026-04-13 10:03:47,1.0,1,16.19,0.0,1.0
U024232,treatment,IT,2026-04-13 10:10:07,1.0,1,54.02,1.0,0.0
U023544,control,IT,2026-04-13 10:37:25,1.0,1,34.98,0.0,0.0
U001475,treatment,DE,2026-04-13 10:40:12,1.0,1,59.97,0.0,0.0
U024233,control,DE,2026-04-13 10:42:46,2.0,1,44.78,0.0,0.0
U008794,treatment,DE,2026-04-13 10:49:09,0.0,0,0.0,0.0,0.0
U020684,control,DE,2026-04-13 10:58:21,0.0,0,0.0,0.0,0.0
U018215,control,DE,2026-04-13 11:10:42,3.0,1,142.95,0.0,0.0
U019043,control,DE,2026-04-13 11:12:00,1.0,1,74.98,0.0,0.0
U024234,treatment,DE,2026-04-13 11:19:12,1.0,1,19.99,0.0,0.0
U005493,treatment,DE,2026-04-13 11:27:27,0.0,0,0.0,0.0,0.0
U018197,treatment,IT,2026-04-13 11:29:27,0.0,0,0.0,0.0,0.0
U024236,treatment,DE,2026-04-13 11:33:08,1.0,1,22.49,0.0,0.0
U001613,treatment,DE,2026-04-13 11:35:59,0.0,0,0.0,0.0,0.0
U024235,treatment,IT,2026-04-13 11:36:44,1.0,1,39.58,0.0,0.0
U015266,control,IT,2026-04-13 11:54:41,0.0,0,0.0,0.0,0.0
U019036,treatment,IT,2026-04-13 11:58:59,0.0,0,0.0,0.0,0.0
U024237,control,DE,2026-04-13 12:07:03,1.0,1,29.99,0.0,0.0
U024005,treatment,IT,2026-04-13 12:09:12,0.0,0,0.0,0.0,0.0
U015304,treatment,IT,2026-04-13 12:13:33,1.0,1,19.99,0.0,0.0
U007224,treatment,IT,2026-04-13 12:29:24,1.0,1,39.98,0.0,0.0
U000714,control,DE,2026-04-13 12:48:51,0.0,0,0.0,0.0,0.0
U024238,control,DE,2026-04-13 12:52:12,1.0,1,32.98,0.0,0.0
U024239,control,DE,2026-04-13 12:59:01,1.0,1,56.97,0.0,0.0
U018596,treatment,IT,2026-04-13 13:03:59,0.0,0,0.0,0.0,0.0
U024240,control,DE,2026-04-13 13:06:10,1.0,1,21.99,0.0,0.0
U023506,control,IT,2026-04-13 13:09:14,1.0,1,30.98,0.0,0.0
U016169,control,IT,2026-04-13 13:10:32,0.0,0,0.0,0.0,0.0
U004664,treatment,IT,2026-04-13 13:10:48,0.0,0,0.0,0.0,0.0
U018538,control,IT,2026-04-13 13:16:41,3.0,1,98.65,0.0,0.0
U019828,treatment,IT,2026-04-13 13:32:01,1.0,1,66.97,0.0,1.0
U024241,treatment,DE,2026-04-13 13:39:29,1.0,1,74.72,1.0,0.0
U014693,control,DE,2026-04-13 13:46:04,1.0,1,79.98,0.0,0.0
U017701,control,DE,2026-04-13 13:50:36,2.0,1,189.94,0.0,0.0
U018131,treatment,DE,2026-04-13 13:52:46,0.0,0,0.0,0.0,0.0
U020327,control,DE,2026-04-13 13:53:06,0.0,0,0.0,0.0,0.0
U013767,control,IT,2026-04-13 13:55:07,0.0,0,0.0,0.0,0.0
U015933,control,IT,2026-04-13 14:07:31,3.0,1,283.89,0.0,1.0
U024242,control,DE,2026-04-13 14:10:44,3.0,1,229.92,0.0,0.0
U017697,treatment,IT,2026-04-13 14:17:55,1.0,1,19.99,0.0,0.0
U023832,treatment,IT,2026-04-13 14:22:36,0.0,0,0.0,0.0,0.0
U003721,treatment,DE,2026-04-13 14:23:11,1.0,1,93.21,1.0,0.0
U021449,treatment,DE,2026-04-13 14:26:56,0.0,0,0.0,0.0,0.0
U014568,control,IT,2026-04-13 14:33:55,2.0,1,114.97,0.0,0.0
U009497,control,DE,2026-04-13 14:41:02,0.0,0,0.0,0.0,0.0
U018608,control,IT,2026-04-13 15:14:49,0.0,0,0.0,0.0,0.0
U020643,control,IT,2026-04-13 15:15:45,0.0,0,0.0,0.0,0.0
U024243,treatment,DE,2026-04-13 15:16:40,1.0,1,19.99,0.0,0.0
U020525,control,DE,2026-04-13 15:17:14,1.0,1,69.96,0.0,0.0
U018635,control,DE,2026-04-13 15:22:17,0.0,0,0.0,0.0,0.0
U019323,treatment,DE,2026-04-13 15:29:14,0.0,0,0.0,0.0,0.0
U017583,control,DE,2026-04-13 15:30:30,0.0,0,0.0,0.0,0.0
U008051,treatment,DE,2026-04-13 15:32:55,2.0,1,107.95,0.0,0.0
U011611,control,DE,2026-04-13 15:48:07,0.0,0,0.0,0.0,0.0
U018111,treatment,IT,2026-04-13 16:03:00,0.0,0,0.0,0.0,0.0
U002640,treatment,DE,2026-04-13 16:05:02,1.0,1,37.98,0.0,0.0
U018275,control,DE,2026-04-13 16:16:06,1.0,1,54.97,0.0,0.0
U014528,control,IT,2026-04-13 16:18:14,1.0,1,34.18,0.0,0.0
U007517,control,DE,2026-04-13 16:20:20,1.0,1,155.94,0.0,0.0
U018368,control,IT,2026-04-13 16:21:13,0.0,0,0.0,0.0,0.0
U022144,control,DE,2026-04-13 16:35:40,0.0,0,0.0,0.0,0.0
U024244,treatment,IT,2026-04-13 16:44:56,1.0,1,26.23,1.0,1.0
U020806,control,IT,2026-04-13 16:45:29,0.0,0,0.0,0.0,0.0
U012106,treatment,IT,2026-04-13 16:55:39,2.0,1,133.95,0.0,0.0
U022828,control,DE,2026-04-13 17:06:44,0.0,0,0.0,0.0,0.0
U022506,control,DE,2026-04-13 17:09:48,0.0,0,0.0,0.0,0.0
U017079,control,DE,2026-04-13 17:21:18,0.0,0,0.0,0.0,0.0
U010852,treatment,DE,2026-04-13 17:24:29,1.0,1,136.96,0.0,0.0
U023756,treatment,IT,2026-04-13 17:39:12,1.0,1,29.99,0.0,0.0
U022374,control,IT,2026-04-13 17:43:24,1.0,1,19.99,0.0,0.0
U010897,control,DE,2026-04-13 17:46:10,1.0,1,39.99,0.0,0.0
U024246,treatment,IT,2026-04-13 17:47:33,1.0,1,48.98,0.0,0.0
U024245,treatment,DE,2026-04-13 17:48:17,1.0,1,32.98,0.0,0.0
U022324,treatment,IT,2026-04-13 17:48:54,0.0,0,0.0,0.0,0.0
U024247,treatment,DE,2026-04-13 18:17:04,1.0,1,51.98,0.0,0.0
U005638,treatment,IT,2026-04-13 18:18:07,1.0,1,28.98,0.0,0.0
U002417,treatment,IT,2026-04-13 18:29:55,1.0,1,49.98,0.0,0.0
U019210,treatment,IT,2026-04-13 18:38:08,2.0,1,95.96,0.0,0.0
U024249,control,IT,2026-04-13 18:44:37,1.0,1,33.28,0.0,0.0
U018726,control,DE,2026-04-13 18:46:47,1.0,1,39.98,0.0,0.0
U021130,treatment,IT,2026-04-13 18:50:57,0.0,0,0.0,0.0,0.0
U024248,treatment,IT,2026-04-13 18:51:49,1.0,1,21.59,0.0,0.0
U018876,control,DE,2026-04-13 19:03:51,0.0,0,0.0,0.0,0.0
U015931,control,IT,2026-04-13 19:14:48,0.0,0,0.0,0.0,0.0
U024250,treatment,IT,2026-04-13 19:23:45,1.0,1,24.29,0.0,0.0
U012175,treatment,IT,2026-04-13 19:28:41,2.0,1,151.96,0.0,0.0
U024251,treatment,DE,2026-04-13 19:37:25,1.0,1,26.09,0.0,0.0
U002363,control,DE,2026-04-13 19:37:55,0.0,0,0.0,0.0,0.0
U022707,treatment,IT,2026-04-13 19:40:30,0.0,0,0.0,0.0,0.0
U024252,control,DE,2026-04-13 19:42:11,1.0,1,15.29,0.0,0.0
U022604,treatment,DE,2026-04-13 19:47:28,1.0,1,116.96,1.0,0.0
U001516,control,IT,2026-04-13 19:48:57,1.0,1,36.98,0.0,0.0
U017878,control,IT,2026-04-13 19:59:58,0.0,0,0.0,0.0,0.0
U021388,control,IT,2026-04-13 20:11:46,2.0,1,102.96,0.0,0.0
U024253,control,DE,2026-04-13 20:15:39,1.0,1,52.17,0.0,0.0
U018135,control,DE,2026-04-13 20:16:23,0.0,0,0.0,0.0,0.0
U020473,treatment,DE,2026-04-13 20:18:26,0.0,0,0.0,0.0,0.0
U014722,treatment,IT,2026-04-13 20:21:15,0.0,0,0.0,0.0,0.0
U024254,treatment,DE,2026-04-13 20:21:41,1.0,1,49.98,0.0,0.0
U024255,treatment,IT,2026-04-13 20:47:49,1.0,1,34.33,1.0,0.0
U022177,treatment,DE,2026-04-13 20:49:44,1.0,1,125.2,1.0,0.0
U012905,control,IT,2026-04-13 20:49:52,0.0,0,0.0,0.0,0.0
U005263,treatment,IT,2026-04-13 20:51:55,0.0,0,0.0,0.0,0.0
U024257,control,IT,2026-04-13 20:54:41,1.0,1,24.99,0.0,0.0
U024258,control,IT,2026-04-13 20:55:13,1.0,1,17.99,0.0,0.0
U021664,control,IT,2026-04-13 21:01:00,1.0,1,102.97,0.0,0.0
U024256,treatment,DE,2026-04-13 21:03:02,1.0,1,38.98,0.0,1.0
U023559,treatment,DE,2026-04-13 21:07:04,1.0,1,43.98,0.0,0.0
U009922,treatment,DE,2026-04-13 21:11:18,3.0,1,229.9,0.0,0.0
U017709,control,IT,2026-04-13 21:12:13,0.0,0,0.0,0.0,0.0
U020420,control,DE,2026-04-13 21:19:29,0.0,0,0.0,0.0,0.0
U002677,control,DE,2026-04-13 21:31:50,3.0,1,232.92,0.0,0.0
U013526,control,IT,2026-04-13 21:32:45,1.0,1,16.99,0.0,0.0
U023159,treatment,IT,2026-04-13 21:38:22,0.0,0,0.0,0.0,0.0
U014632,treatment,DE,2026-04-13 21:39:59,0.0,0,0.0,0.0,0.0
U007704,control,DE,2026-04-13 21:52:52,0.0,0,0.0,0.0,0.0
U010989,treatment,DE,2026-04-13 22:03:50,1.0,1,59.97,0.0,0.0
U020061,control,IT,2026-04-13 22:07:08,1.0,1,101.96,0.0,0.0
U023396,control,IT,2026-04-13 22:09:40,0.0,0,0.0,0.0,0.0
U022287,control,DE,2026-04-13 22:12:16,1.0,1,19.99,0.0,0.0
U016357,treatment,IT,2026-04-13 22:19:42,2.0,1,201.92,1.0,0.0
U014922,control,DE,2026-04-13 22:42:49,0.0,0,0.0,0.0,0.0
U018482,treatment,DE,2026-04-13 22:57:23,1.0,1,49.22,1.0,0.0
U021864,control,DE,2026-04-13 23:00:53,2.0,1,129.95,0.0,0.0
U002641,control,IT,2026-04-13 23:11:50,2.0,1,82.97,0.0,0.0
U024181,control,DE,2026-04-13 23:23:31,0.0,0,0.0,0.0,0.0
U021122,treatment,DE,2026-04-13 23:27:53,1.0,1,84.71,1.0,0.0
U017297,control,DE,2026-04-13 23:43:12,3.0,1,379.1,0.0,0.0
U021352,control,DE,2026-04-13 23:48:49,0.0,0,0.0,0.0,0.0
U016243,control,IT,2026-04-13 23:50:53,0.0,0,0.0,0.0,0.0
U008658,control,DE,2026-04-14 00:01:04,0.0,0,0.0,0.0,0.0
U022131,treatment,DE,2026-04-14 00:09:32,1.0,1,74.97,0.0,0.0
U022938,treatment,DE,2026-04-14 00:10:25,0.0,0,0.0,0.0,0.0
U005143,control,IT,2026-04-14 00:15:21,2.0,1,200.92,0.0,0.0
U016070,control,IT,2026-04-14 00:29:09,0.0,0,0.0,0.0,0.0
U014164,control,DE,2026-04-14 00:32:47,0.0,0,0.0,0.0,0.0
U020365,treatment,IT,2026-04-14 00:44:24,1.0,1,35.98,0.0,0.0
U012192,control,DE,2026-04-14 00:45:54,0.0,0,0.0,0.0,0.0
U024259,treatment,DE,2026-04-14 00:59:02,1.0,1,15.99,0.0,0.0
U015635,treatment,IT,2026-04-14 01:02:55,0.0,0,0.0,0.0,0.0
U004683,control,DE,2026-04-14 01:07:04,1.0,1,59.99,0.0,0.0
U006381,control,DE,2026-04-14 01:13:10,0.0,0,0.0,0.0,0.0
U004796,treatment,DE,2026-04-14 01:22:15,0.0,0,0.0,0.0,0.0
U004805,control,DE,2026-04-14 01:28:43,0.0,0,0.0,0.0,0.0
U020062,control,IT,2026-04-14 01:35:59,0.0,0,0.0,0.0,0.0
U021427,treatment,IT,2026-04-14 01:45:32,0.0,0,0.0,0.0,0.0
U000110,control,IT,2026-04-14 01:49:05,0.0,0,0.0,0.0,0.0
U011045,control,DE,2026-04-14 02:04:28,0.0,0,0.0,0.0,0.0
U020268,treatment,DE,2026-04-14 02:10:12,0.0,0,0.0,0.0,0.0
U018361,treatment,DE,2026-04-14 02:11:20,1.0,1,32.98,0.0,0.0
U000549,control,DE,2026-04-14 02:19:14,0.0,0,0.0,0.0,0.0
U023476,treatment,IT,2026-04-14 02:27:55,0.0,0,0.0,0.0,0.0
U023708,treatment,DE,2026-04-14 02:28:34,3.0,1,214.92,0.0,0.0
U018517,control,DE,2026-04-14 03:10:38,0.0,0,0.0,0.0,0.0
U024075,control,DE,2026-04-14 03:28:26,0.0,0,0.0,0.0,0.0
U019641,control,IT,2026-04-14 03:38:59,1.0,1,14.99,0.0,0.0
U022943,control,DE,2026-04-14 03:59:24,1.0,1,43.98,0.0,0.0
U022941,control,IT,2026-04-14 04:09:22,0.0,0,0.0,0.0,0.0
U022705,control,IT,2026-04-14 04:17:35,0.0,0,0.0,0.0,0.0
U019133,treatment,DE,2026-04-14 04:21:47,0.0,0,0.0,0.0,0.0
U021663,control,DE,2026-04-14 04:40:41,1.0,1,57.98,0.0,0.0
U020943,treatment,IT,2026-04-14 04:53:34,1.0,1,69.97,0.0,0.0
U016280,treatment,IT,2026-04-14 04:55:54,0.0,0,0.0,0.0,0.0
U020395,control,DE,2026-04-14 05:01:04,0.0,0,0.0,0.0,0.0
U016116,control,DE,2026-04-14 05:07:50,2.0,1,72.97,0.0,0.0
U022013,treatment,IT,2026-04-14 05:16:35,1.0,1,59.72,1.0,0.0
U020960,treatment,IT,2026-04-14 05:27:42,0.0,0,0.0,0.0,0.0
U013067,control,DE,2026-04-14 05:27:50,0.0,0,0.0,0.0,0.0
U007394,control,IT,2026-04-14 05:32:31,1.0,1,96.97,0.0,0.0
U021923,treatment,DE,2026-04-14 05:32:53,0.0,0,0.0,0.0,0.0
U007751,control,DE,2026-04-14 05:41:58,1.0,1,34.98,0.0,0.0
U018808,treatment,IT,2026-04-14 05:46:56,0.0,0,0.0,0.0,0.0
U022037,treatment,DE,2026-04-14 05:57:30,0.0,0,0.0,0.0,0.0
U024260,control,DE,2026-04-14 05:57:31,4.0,1,246.89,0.0,0.0
U023077,control,IT,2026-04-14 05:59:52,0.0,0,0.0,0.0,0.0
U008404,control,DE,2026-04-14 06:00:02,0.0,0,0.0,0.0,0.0
U015766,treatment,IT,2026-04-14 06:20:33,0.0,0,0.0,0.0,0.0
U013782,treatment,IT,2026-04-14 06:26:34,0.0,0,0.0,0.0,0.0
U016681,treatment,IT,2026-04-14 06:36:25,0.0,0,0.0,0.0,0.0
U022027,control,IT,2026-04-14 06:47:36,0.0,0,0.0,0.0,0.0
U023496,treatment,DE,2026-04-14 06:47:58,0.0,0,0.0,0.0,0.0
U018695,treatment,DE,2026-04-14 06:56:29,0.0,0,0.0,0.0,0.0
U016683,control,DE,2026-04-14 06:57:05,1.0,1,80.96,0.0,0.0
U020391,treatment,DE,2026-04-14 07:55:11,0.0,0,0.0,0.0,0.0
U019886,treatment,DE,2026-04-14 08:00:40,0.0,0,0.0,0.0,0.0
U024261,control,IT,2026-04-14 08:20:18,1.0,1,19.99,0.0,0.0
U022816,treatment,DE,2026-04-14 08:24:01,0.0,0,0.0,0.0,0.0
U003054,treatment,DE,2026-04-14 08:37:39,0.0,0,0.0,0.0,0.0
U020029,treatment,DE,2026-04-14 08:54:02,1.0,1,19.99,0.0,0.0
U019955,control,DE,2026-04-14 09:01:32,0.0,0,0.0,0.0,0.0
U024262,treatment,DE,2026-04-14 09:17:06,3.0,1,237.41,2.0,0.0
U011277,control,IT,2026-04-14 09:20:10,1.0,1,75.97,0.0,0.0
U015824,control,DE,2026-04-14 09:26:06,1.0,1,225.94,0.0,0.0
U001343,control,IT,2026-04-14 09:30:24,0.0,0,0.0,0.0,0.0
U024263,control,IT,2026-04-14 09:31:38,1.0,1,11.99,0.0,0.0
U010373,control,IT,2026-04-14 09:39:52,0.0,0,0.0,0.0,0.0
U007905,control,DE,2026-04-14 09:46:47,2.0,1,69.97,0.0,0.0
U012454,treatment,DE,2026-04-14 09:56:03,0.0,0,0.0,0.0,0.0
U024082,treatment,DE,2026-04-14 10:08:15,0.0,0,0.0,0.0,0.0
U012729,control,DE,2026-04-14 10:10:46,1.0,1,39.98,0.0,0.0
U016172,control,DE,2026-04-14 10:11:44,1.0,1,39.99,0.0,0.0
U013262,control,IT,2026-04-14 10:16:49,0.0,0,0.0,0.0,0.0
U022535,treatment,DE,2026-04-14 10:19:11,0.0,0,0.0,0.0,0.0
U015799,control,IT,2026-04-14 10:29:40,2.0,1,67.97,0.0,0.0
U024264,treatment,DE,2026-04-14 10:41:38,1.0,1,43.08,1.0,0.0
U006275,control,DE,2026-04-14 10:51:18,1.0,1,32.98,0.0,0.0
U020049,treatment,IT,2026-04-14 10:55:39,2.0,1,74.97,0.0,1.0
U018781,treatment,DE,2026-04-14 10:56:03,1.0,1,79.98,0.0,0.0
U024265,control,IT,2026-04-14 10:56:39,1.0,1,16.99,0.0,0.0
U024266,treatment,DE,2026-04-14 10:57:12,0.0,0,0.0,0.0,0.0
U020867,treatment,IT,2026-04-14 11:03:09,2.0,1,64.97,0.0,0.0
U024268,control,IT,2026-04-14 11:13:12,2.0,1,43.97,0.0,0.0
U021833,treatment,DE,2026-04-14 11:16:49,1.0,1,43.98,1.0,0.0
U000298,control,DE,2026-04-14 11:17:18,1.0,1,83.97,0.0,0.0
U024267,treatment,IT,2026-04-14 11:17:22,1.0,1,36.78,1.0,0.0
U004901,control,DE,2026-04-14 11:17:33,0.0,0,0.0,0.0,0.0
U022807,control,DE,2026-04-14 11:18:15,0.0,0,0.0,0.0,0.0
U017953,control,IT,2026-04-14 11:21:28,0.0,0,0.0,0.0,0.0
U018898,treatment,DE,2026-04-14 11:23:15,0.0,0,0.0,0.0,0.0
U001033,control,IT,2026-04-14 11:31:09,0.0,0,0.0,0.0,0.0
U006799,treatment,DE,2026-04-14 11:34:09,1.0,1,30.98,0.0,0.0
U008084,control,IT,2026-04-14 11:39:09,0.0,0,0.0,0.0,0.0
U012083,treatment,IT,2026-04-14 11:42:58,1.0,1,24.99,0.0,0.0
U014253,treatment,IT,2026-04-14 12:01:10,0.0,0,0.0,0.0,0.0
U008204,treatment,DE,2026-04-14 12:25:56,0.0,0,0.0,0.0,0.0
U022442,treatment,DE,2026-04-14 12:26:58,2.0,1,37.98,0.0,0.0
U012265,treatment,DE,2026-04-14 12:30:43,0.0,0,0.0,0.0,0.0
U019490,control,IT,2026-04-14 12:35:45,0.0,0,0.0,0.0,0.0
U020294,treatment,IT,2026-04-14 12:38:28,2.0,1,166.69,2.0,0.0
U020321,treatment,IT,2026-04-14 12:38:41,0.0,0,0.0,0.0,0.0
U017715,treatment,DE,2026-04-14 12:48:22,0.0,0,0.0,0.0,0.0
U019544,treatment,DE,2026-04-14 12:52:04,0.0,0,0.0,0.0,0.0
U016585,control,IT,2026-04-14 12:54:41,2.0,1,34.98,0.0,0.0
U005133,treatment,IT,2026-04-14 12:54:51,0.0,0,0.0,0.0,0.0
U024269,control,DE,2026-04-14 12:56:51,1.0,1,17.99,0.0,0.0
U019022,control,IT,2026-04-14 12:57:25,0.0,0,0.0,0.0,0.0
U023965,treatment,DE,2026-04-14 13:06:39,0.0,0,0.0,0.0,0.0
U016989,treatment,DE,2026-04-14 13:20:08,0.0,0,0.0,0.0,0.0
U008572,treatment,IT,2026-04-14 13:57:39,0.0,0,0.0,0.0,0.0
U015509,treatment,IT,2026-04-14 14:06:26,0.0,0,0.0,0.0,0.0
U016882,control,IT,2026-04-14 14:07:47,0.0,0,0.0,0.0,0.0
U016098,treatment,DE,2026-04-14 14:08:41,0.0,0,0.0,0.0,0.0
U012339,treatment,DE,2026-04-14 14:13:02,0.0,0,0.0,0.0,0.0
U004066,control,DE,2026-04-14 14:15:50,0.0,0,0.0,0.0,0.0
U009091,treatment,DE,2026-04-14 14:20:46,2.0,1,152.94,1.0,0.0
U016814,control,IT,2026-04-14 14:21:11,1.0,1,12.99,0.0,0.0
U022495,treatment,DE,2026-04-14 14:59:15,1.0,1,14.99,0.0,0.0
U001297,treatment,IT,2026-04-14 15:03:25,1.0,1,76.97,1.0,0.0
U024270,treatment,IT,2026-04-14 15:08:23,3.0,1,231.92,0.0,0.0
U000911,treatment,IT,2026-04-14 15:10:59,0.0,0,0.0,0.0,0.0
U016984,control,DE,2026-04-14 15:11:17,0.0,0,0.0,0.0,0.0
U003334,control,IT,2026-04-14 15:27:14,0.0,0,0.0,0.0,0.0
U010018,treatment,DE,2026-04-14 15:27:47,0.0,0,0.0,0.0,0.0
U018893,treatment,DE,2026-04-14 15:28:41,0.0,0,0.0,0.0,0.0
U021343,treatment,IT,2026-04-14 15:40:54,2.0,1,142.95,0.0,0.0
U023771,control,IT,2026-04-14 15:43:33,2.0,1,99.96,0.0,0.0
U001618,treatment,DE,2026-04-14 15:43:42,1.0,1,75.98,0.0,0.0
U021317,treatment,DE,2026-04-14 15:49:45,0.0,0,0.0,0.0,0.0
U015593,treatment,DE,2026-04-14 15:57:14,0.0,0,0.0,0.0,0.0
U016700,control,DE,2026-04-14 16:00:40,0.0,0,0.0,0.0,0.0
U017560,treatment,IT,2026-04-14 16:02:43,0.0,0,0.0,0.0,0.0
U008808,treatment,IT,2026-04-14 16:13:02,1.0,1,14.99,0.0,0.0
U007157,treatment,DE,2026-04-14 16:14:40,0.0,0,0.0,0.0,0.0
U024271,treatment,IT,2026-04-14 16:16:31,1.0,1,24.29,0.0,0.0
U024273,treatment,IT,2026-04-14 16:25:52,1.0,1,37.98,0.0,0.0
U011467,control,IT,2026-04-14 16:26:32,3.0,1,273.92,0.0,0.0
U024274,treatment,IT,2026-04-14 16:31:44,1.0,1,44.08,0.0,0.0
U024272,treatment,DE,2026-04-14 16:34:41,1.0,1,34.98,0.0,0.0
U004917,control,IT,2026-04-14 16:47:55,0.0,0,0.0,0.0,0.0
U024276,treatment,IT,2026-04-14 17:01:32,1.0,1,17.99,0.0,0.0
U024275,treatment,DE,2026-04-14 17:03:36,0.0,0,0.0,0.0,0.0
U009015,control,IT,2026-04-14 17:10:36,0.0,0,0.0,0.0,0.0
U019935,treatment,IT,2026-04-14 17:12:34,2.0,1,96.47,0.0,0.0
U019378,treatment,DE,2026-04-14 17:18:12,0.0,0,0.0,0.0,0.0
U024277,treatment,IT,2026-04-14 17:23:39,1.0,1,41.98,0.0,0.0
U018086,treatment,DE,2026-04-14 17:26:03,1.0,1,46.98,0.0,0.0
U024278,treatment,DE,2026-04-14 17:49:31,1.0,1,41.98,0.0,0.0
U024279,control,IT,2026-04-14 17:56:29,1.0,1,26.99,0.0,0.0
U024280,control,DE,2026-04-14 18:12:26,1.0,1,21.99,0.0,0.0
U011817,treatment,DE,2026-04-14 18:18:48,2.0,1,102.96,0.0,0.0
U022494,control,IT,2026-04-14 18:24:09,1.0,1,19.99,0.0,0.0
U013186,control,IT,2026-04-14 18:25:31,1.0,1,39.99,0.0,0.0
U021512,treatment,DE,2026-04-14 18:29:31,0.0,0,0.0,0.0,0.0
U024281,treatment,DE,2026-04-14 18:35:59,1.0,1,41.98,0.0,0.0
U019263,control,DE,2026-04-14 18:38:58,0.0,0,0.0,0.0,0.0
U023663,treatment,IT,2026-04-14 18:40:36,0.0,0,0.0,0.0,0.0
U024282,control,IT,2026-04-14 18:46:36,2.0,1,75.28,0.0,0.0
U012231,treatment,IT,2026-04-14 18:48:39,0.0,0,0.0,0.0,0.0
U023627,control,IT,2026-04-14 18:50:22,1.0,1,84.98,0.0,0.0
U004713,control,DE,2026-04-14 18:50:22,0.0,0,0.0,0.0,0.0
U012051,control,IT,2026-04-14 18:52:19,1.0,1,29.99,0.0,0.0
U020450,control,DE,2026-04-14 18:54:40,0.0,0,0.0,0.0,0.0
U024283,control,DE,2026-04-14 18:56:37,1.0,1,16.99,0.0,0.0
U008195,treatment,DE,2026-04-14 19:03:46,1.0,1,24.99,0.0,0.0
U008430,control,DE,2026-04-14 19:11:04,1.0,1,76.97,0.0,0.0
U023262,treatment,IT,2026-04-14 19:18:07,0.0,0,0.0,0.0,0.0
U024284,control,DE,2026-04-14 19:30:26,1.0,1,24.29,0.0,0.0
U022499,treatment,IT,2026-04-14 19:36:58,0.0,0,0.0,0.0,0.0
U022977,treatment,DE,2026-04-14 19:37:41,0.0,0,0.0,0.0,0.0
U001769,control,IT,2026-04-14 19:40:43,2.0,1,161.95,0.0,0.0
U017970,treatment,IT,2026-04-14 19:44:38,1.0,1,34.98,0.0,1.0
U012498,control,IT,2026-04-14 20:16:25,0.0,0,0.0,0.0,0.0
U004730,control,IT,2026-04-14 20:23:25,0.0,0,0.0,0.0,0.0
U021499,control,DE,2026-04-14 20:23:31,0.0,0,0.0,0.0,0.0
U012588,treatment,DE,2026-04-14 20:23:51,1.0,1,132.96,0.0,0.0
U024285,control,IT,2026-04-14 20:29:23,1.0,1,42.98,0.0,0.0
U003781,treatment,DE,2026-04-14 20:40:16,1.0,1,34.99,0.0,0.0
U020895,control,IT,2026-04-14 20:54:42,0.0,0,0.0,0.0,0.0
U019080,treatment,IT,2026-04-14 21:05:11,0.0,0,0.0,0.0,0.0
U022407,treatment,DE,2026-04-14 21:06:27,0.0,0,0.0,0.0,0.0
U024287,control,DE,2026-04-14 21:07:32,1.0,1,17.99,0.0,0.0
U015142,treatment,DE,2026-04-14 21:11:18,0.0,0,0.0,0.0,0.0
U024286,control,DE,2026-04-14 21:16:46,1.0,1,39.58,0.0,0.0
U018668,treatment,DE,2026-04-14 21:36:14,0.0,0,0.0,0.0,0.0
U024288,control,DE,2026-04-14 21:37:47,2.0,1,106.85,0.0,0.0
U020378,control,DE,2026-04-14 21:37:58,0.0,0,0.0,0.0,0.0
U006756,control,DE,2026-04-14 21:38:42,4.0,1,520.86,0.0,0.0
U024289,treatment,IT,2026-04-14 21:39:28,1.0,1,16.99,0.0,0.0
U019606,control,IT,2026-04-14 21:43:07,0.0,0,0.0,0.0,0.0
U024290,control,DE,2026-04-14 21:50:45,1.0,1,52.18,0.0,0.0
U024291,control,DE,2026-04-14 21:52:00,1.0,1,19.99,0.0,0.0
U024292,control,DE,2026-04-14 22:12:07,1.0,1,41.98,0.0,0.0
U002512,control,DE,2026-04-14 22:21:33,0.0,0,0.0,0.0,0.0
U021002,control,DE,2026-04-14 22:22:00,0.0,0,0.0,0.0,0.0
U020444,control,IT,2026-04-14 22:27:51,0.0,0,0.0,0.0,0.0
U000127,treatment,IT,2026-04-14 22:35:40,3.0,1,349.9,0.0,0.0
U024293,control,DE,2026-04-14 22:43:01,1.0,1,15.29,0.0,0.0
U019163,control,DE,2026-04-14 22:45:57,0.0,0,0.0,0.0,0.0
U024294,control,DE,2026-04-14 22:50:38,1.0,1,16.19,0.0,0.0
U015802,treatment,IT,2026-04-14 22:53:20,0.0,0,0.0,0.0,0.0
U004784,control,IT,2026-04-14 23:00:12,1.0,1,114.97,0.0,1.0
U020914,treatment,IT,2026-04-14 23:06:03,0.0,0,0.0,0.0,0.0
U021801,treatment,IT,2026-04-14 23:32:34,0.0,0,0.0,0.0,0.0
U024295,control,DE,2026-04-14 23:36:36,1.0,1,44.08,0.0,0.0
U021857,treatment,IT,2026-04-14 23:47:47,0.0,0,0.0,0.0,0.0
U018767,control,DE,2026-04-14 23:54:56,0.0,0,0.0,0.0,0.0
U013388,control,DE,2026-04-15 00:00:26,1.0,1,71.97,0.0,0.0
U022936,control,DE,2026-04-15 00:24:16,0.0,0,0.0,0.0,0.0
U021229,treatment,DE,2026-04-15 00:24:28,2.0,1,89.97,0.0,0.0
U020239,treatment,DE,2026-04-15 00:30:39,1.0,1,36.98,0.0,0.0
U022153,treatment,IT,2026-04-15 00:33:20,1.0,1,28.99,0.0,0.0
U024296,control,DE,2026-04-15 00:44:14,1.0,1,26.09,0.0,0.0
U022525,control,IT,2026-04-15 00:53:50,1.0,1,55.96,0.0,0.0
U023014,treatment,DE,2026-04-15 00:58:24,0.0,0,0.0,0.0,0.0
U018599,treatment,IT,2026-04-15 01:01:41,0.0,0,0.0,0.0,0.0
U024297,control,DE,2026-04-15 01:45:31,1.0,1,19.99,0.0,0.0
U015479,control,IT,2026-04-15 02:00:17,0.0,0,0.0,0.0,0.0
U016862,control,DE,2026-04-15 02:04:34,0.0,0,0.0,0.0,0.0
U004515,treatment,IT,2026-04-15 02:17:07,2.0,1,111.96,0.0,0.0
U022841,control,IT,2026-04-15 02:29:47,1.0,1,39.99,0.0,0.0
U017307,control,DE,2026-04-15 02:43:01,1.0,1,14.99,0.0,0.0
U015840,control,DE,2026-04-15 02:47:31,2.0,1,68.97,0.0,1.0
U001111,control,DE,2026-04-15 02:55:55,0.0,0,0.0,0.0,0.0
U010467,treatment,DE,2026-04-15 03:08:40,2.0,1,104.98,0.0,0.0
U013910,control,IT,2026-04-15 03:09:39,0.0,0,0.0,0.0,0.0
U019888,treatment,IT,2026-04-15 03:34:14,0.0,0,0.0,0.0,0.0
U011599,control,IT,2026-04-15 03:37:13,0.0,0,0.0,0.0,0.0
U016118,treatment,DE,2026-04-15 03:46:41,0.0,0,0.0,0.0,0.0
U007915,treatment,DE,2026-04-15 04:03:20,3.0,1,173.67,1.0,0.0
U023795,treatment,DE,2026-04-15 04:09:55,2.0,1,89.96,0.0,0.0
U014053,treatment,DE,2026-04-15 04:14:07,2.0,1,73.97,0.0,0.0
U022079,treatment,DE,2026-04-15 04:15:12,0.0,0,0.0,0.0,0.0
U010698,control,DE,2026-04-15 04:47:59,1.0,1,19.99,0.0,0.0
U016649,control,IT,2026-04-15 05:07:29,1.0,1,19.99,0.0,0.0
U015822,treatment,IT,2026-04-15 05:16:57,1.0,1,44.73,1.0,0.0
U014699,treatment,DE,2026-04-15 05:19:25,1.0,1,84.71,1.0,0.0
U010631,control,IT,2026-04-15 05:23:01,1.0,1,43.98,0.0,0.0
U023315,treatment,IT,2026-04-15 05:31:17,0.0,0,0.0,0.0,0.0
U021451,treatment,DE,2026-04-15 05:31:56,0.0,0,0.0,0.0,0.0
U013819,treatment,IT,2026-04-15 05:33:38,1.0,1,33.28,0.0,0.0
U017492,control,IT,2026-04-15 05:35:59,2.0,1,112.94,0.0,0.0
U012543,control,DE,2026-04-15 05:39:42,1.0,1,79.98,0.0,0.0
U004617,control,DE,2026-04-15 05:47:10,1.0,1,89.98,0.0,0.0
U018923,control,DE,2026-04-15 05:47:13,1.0,1,101.97,0.0,0.0
U019774,control,IT,2026-04-15 05:52:16,1.0,1,142.96,0.0,0.0
U013921,treatment,DE,2026-04-15 05:54:37,0.0,0,0.0,0.0,0.0
U016744,treatment,DE,2026-04-15 05:58:22,0.0,0,0.0,0.0,0.0
U020347,treatment,DE,2026-04-15 06:09:25,0.0,0,0.0,0.0,0.0
U002824,treatment,DE,2026-04-15 06:13:43,3.0,1,255.65,2.0,0.0
U007949,treatment,DE,2026-04-15 06:21:48,0.0,0,0.0,0.0,0.0
U019100,control,DE,2026-04-15 06:26:28,0.0,0,0.0,0.0,0.0
U021415,control,DE,2026-04-15 06:37:01,0.0,0,0.0,0.0,0.0
U004257,control,DE,2026-04-15 06:56:40,3.0,1,153.14,0.0,0.0
U020334,control,DE,2026-04-15 07:00:22,1.0,1,49.98,0.0,0.0
U022001,control,IT,2026-04-15 07:06:58,0.0,0,0.0,0.0,0.0
U024077,treatment,DE,2026-04-15 07:10:31,0.0,0,0.0,0.0,0.0
U021256,control,DE,2026-04-15 07:17:27,1.0,1,28.99,0.0,0.0
U003890,treatment,DE,2026-04-15 07:19:10,0.0,0,0.0,0.0,0.0
U014839,control,IT,2026-04-15 07:30:33,2.0,1,50.97,0.0,0.0
U005016,control,DE,2026-04-15 07:32:33,0.0,0,0.0,0.0,0.0
U023170,control,DE,2026-04-15 07:39:49,3.0,1,127.95,0.0,0.0
U014787,treatment,DE,2026-04-15 07:41:48,2.0,1,207.92,0.0,0.0
U020771,control,DE,2026-04-15 07:44:48,0.0,0,0.0,0.0,0.0
U021528,control,DE,2026-04-15 07:52:00,0.0,0,0.0,0.0,0.0
U024298,control,IT,2026-04-15 08:23:31,2.0,1,31.98,0.0,0.0
U024299,control,IT,2026-04-15 08:23:49,1.0,1,64.77,0.0,0.0
U015880,treatment,DE,2026-04-15 08:25:37,1.0,1,40.72,1.0,0.0
U016229,control,DE,2026-04-15 08:25:40,0.0,0,0.0,0.0,0.0
U021381,treatment,IT,2026-04-15 08:39:49,0.0,0,0.0,0.0,0.0
U009448,treatment,DE,2026-04-15 08:42:15,0.0,0,0.0,0.0,0.0
U006083,control,DE,2026-04-15 08:55:41,1.0,1,59.98,0.0,0.0
U023817,control,DE,2026-04-15 09:09:58,0.0,0,0.0,0.0,0.0
U024300,treatment,DE,2026-04-15 09:28:55,1.0,1,41.98,0.0,0.0
U020855,control,IT,2026-04-15 09:29:36,0.0,0,0.0,0.0,0.0
U004219,treatment,IT,2026-04-15 09:43:51,2.0,1,124.71,1.0,0.0
U008122,treatment,IT,2026-04-15 09:43:54,0.0,0,0.0,0.0,0.0
U013283,treatment,IT,2026-04-15 09:46:02,2.0,1,176.67,1.0,0.0
U005718,treatment,DE,2026-04-15 10:11:20,2.0,1,115.69,1.0,0.0
U014129,treatment,DE,2026-04-15 10:15:34,0.0,0,0.0,0.0,0.0
U019656,treatment,DE,2026-04-15 10:24:39,1.0,1,21.99,0.0,0.0
U015995,treatment,IT,2026-04-15 10:25:18,0.0,0,0.0,0.0,0.0
U013557,control,IT,2026-04-15 10:26:40,0.0,0,0.0,0.0,0.0
U018604,treatment,DE,2026-04-15 10:34:17,2.0,1,94.96,0.0,1.0
U001163,control,IT,2026-04-15 10:39:08,0.0,0,0.0,0.0,0.0
U024301,treatment,DE,2026-04-15 10:40:38,1.0,1,40.73,1.0,0.0
U024302,control,IT,2026-04-15 10:48:01,1.0,1,39.58,0.0,0.0
U000914,control,IT,2026-04-15 10:56:08,1.0,1,86.98,0.0,0.0
U009580,control,DE,2026-04-15 11:06:11,0.0,0,0.0,0.0,0.0
U024303,treatment,IT,2026-04-15 11:10:42,1.0,1,21.99,0.0,0.0
U021164,treatment,IT,2026-04-15 11:10:51,0.0,0,0.0,0.0,0.0
U024304,treatment,IT,2026-04-15 11:11:43,1.0,1,78.97,1.0,0.0
U016154,control,DE,2026-04-15 11:17:03,0.0,0,0.0,0.0,0.0
U016309,treatment,DE,2026-04-15 11:32:32,1.0,1,16.99,0.0,0.0
U010629,control,DE,2026-04-15 11:34:12,0.0,0,0.0,0.0,0.0
U019684,treatment,IT,2026-04-15 11:50:47,0.0,0,0.0,0.0,0.0
U022849,treatment,IT,2026-04-15 11:52:25,1.0,1,12.99,0.0,0.0
U019788,control,DE,2026-04-15 11:53:33,0.0,0,0.0,0.0,0.0
U024305,control,IT,2026-04-15 12:12:37,1.0,1,36.87,0.0,0.0
U020992,treatment,DE,2026-04-15 12:17:22,0.0,0,0.0,0.0,0.0
U024306,control,DE,2026-04-15 12:26:50,1.0,1,42.98,0.0,1.0
U020896,control,DE,2026-04-15 12:34:27,1.0,1,29.99,0.0,0.0
U018701,control,DE,2026-04-15 12:40:35,0.0,0,0.0,0.0,0.0
U015911,treatment,IT,2026-04-15 12:42:03,1.0,1,24.99,0.0,0.0
U020189,treatment,IT,2026-04-15 12:42:20,0.0,0,0.0,0.0,0.0
U024307,control,IT,2026-04-15 12:44:35,1.0,1,21.99,0.0,0.0
U019723,treatment,IT,2026-04-15 12:57:09,0.0,0,0.0,0.0,0.0
U016269,treatment,DE,2026-04-15 13:06:46,0.0,0,0.0,0.0,0.0
U024308,treatment,IT,2026-04-15 13:19:27,1.0,1,36.98,1.0,1.0
U023581,control,IT,2026-04-15 13:21:17,0.0,0,0.0,0.0,0.0
U020394,treatment,IT,2026-04-15 13:21:46,0.0,0,0.0,0.0,0.0
U021573,treatment,DE,2026-04-15 13:31:47,0.0,0,0.0,0.0,0.0
U024309,control,DE,2026-04-15 13:34:31,1.0,1,22.49,0.0,0.0
U019782,treatment,DE,2026-04-15 13:51:30,1.0,1,47.98,0.0,0.0
U020500,control,IT,2026-04-15 14:01:08,1.0,1,254.93,0.0,0.0
U013742,treatment,DE,2026-04-15 14:12:44,0.0,0,0.0,0.0,0.0
U017372,treatment,IT,2026-04-15 14:19:00,1.0,1,53.23,1.0,0.0
U001905,control,IT,2026-04-15 14:39:45,1.0,1,19.99,0.0,0.0
U024310,treatment,DE,2026-04-15 14:40:05,1.0,1,16.99,0.0,0.0
U021924,treatment,DE,2026-04-15 14:43:41,3.0,1,244.93,0.0,0.0
U016298,control,DE,2026-04-15 15:05:13,1.0,1,89.97,0.0,0.0
U002034,treatment,IT,2026-04-15 15:10:29,0.0,0,0.0,0.0,0.0
U024311,control,DE,2026-04-15 15:11:58,1.0,1,22.49,0.0,0.0
U017227,treatment,IT,2026-04-15 15:23:40,0.0,0,0.0,0.0,0.0
U015137,control,IT,2026-04-15 15:38:12,2.0,1,65.95,0.0,0.0
U024194,control,DE,2026-04-15 15:59:07,0.0,0,0.0,0.0,0.0
U023902,control,DE,2026-04-15 16:08:15,1.0,1,44.08,0.0,0.0
U024312,control,DE,2026-04-15 16:17:36,1.0,1,19.99,0.0,0.0
U020304,control,IT,2026-04-15 16:36:10,1.0,1,29.99,0.0,0.0
U024313,control,IT,2026-04-15 16:37:11,1.0,1,32.98,0.0,0.0
U020966,treatment,DE,2026-04-15 16:44:24,1.0,1,21.99,0.0,0.0
U016540,control,DE,2026-04-15 16:48:41,1.0,1,21.99,0.0,0.0
U024048,control,DE,2026-04-15 16:49:27,1.0,1,19.99,0.0,0.0
U023350,control,DE,2026-04-15 16:52:35,0.0,0,0.0,0.0,0.0
U024047,control,DE,2026-04-15 17:03:19,0.0,0,0.0,0.0,0.0
U019949,control,DE,2026-04-15 17:05:54,2.0,1,110.95,0.0,0.0
U024314,treatment,DE,2026-04-15 17:09:00,1.0,1,49.98,0.0,0.0
U021715,treatment,DE,2026-04-15 17:13:28,0.0,0,0.0,0.0,0.0
U012197,control,DE,2026-04-15 17:16:13,1.0,1,26.99,0.0,0.0
U023575,treatment,IT,2026-04-15 17:30:43,0.0,0,0.0,0.0,0.0
U016012,treatment,IT,2026-04-15 17:35:44,1.0,1,29.98,1.0,0.0
U014809,control,IT,2026-04-15 17:46:59,1.0,1,34.98,0.0,0.0
U014192,control,DE,2026-04-15 17:47:33,0.0,0,0.0,0.0,0.0
U024315,control,DE,2026-04-15 17:49:53,1.0,1,24.99,0.0,0.0
U013193,control,DE,2026-04-15 17:50:52,0.0,0,0.0,0.0,0.0
U024200,control,DE,2026-04-15 18:01:57,1.0,1,33.28,0.0,0.0
U023395,treatment,IT,2026-04-15 18:07:53,0.0,0,0.0,0.0,0.0
U024316,control,DE,2026-04-15 18:20:08,2.0,1,42.48,0.0,0.0
U002065,control,IT,2026-04-15 18:23:12,0.0,0,0.0,0.0,0.0
U015662,control,IT,2026-04-15 18:26:43,1.0,1,19.99,0.0,0.0
U024317,control,IT,2026-04-15 18:29:46,1.0,1,28.99,0.0,0.0
U022254,treatment,IT,2026-04-15 18:32:31,0.0,0,0.0,0.0,0.0
U024318,treatment,DE,2026-04-15 18:52:13,1.0,1,29.99,0.0,0.0
U015659,treatment,IT,2026-04-15 19:01:14,0.0,0,0.0,0.0,0.0
U024319,control,IT,2026-04-15 19:01:39,1.0,1,16.99,0.0,0.0
U009637,treatment,DE,2026-04-15 19:03:58,1.0,1,94.96,0.0,1.0
U013110,treatment,DE,2026-04-15 19:07:37,0.0,0,0.0,0.0,0.0
U018661,control,DE,2026-04-15 19:12:05,1.0,1,59.99,0.0,0.0
U014832,treatment,DE,2026-04-15 19:18:10,2.0,1,140.96,0.0,0.0
U024320,treatment,IT,2026-04-15 19:23:17,1.0,1,32.73,1.0,0.0
U015862,treatment,DE,2026-04-15 19:30:19,0.0,0,0.0,0.0,0.0
U019197,treatment,IT,2026-04-15 19:46:06,0.0,0,0.0,0.0,0.0
U019391,treatment,DE,2026-04-15 19:53:29,1.0,1,92.71,1.0,0.0
U011452,treatment,IT,2026-04-15 19:59:13,0.0,0,0.0,0.0,0.0
U015123,control,IT,2026-04-15 20:01:31,0.0,0,0.0,0.0,0.0
U010602,control,IT,2026-04-15 20:19:42,0.0,0,0.0,0.0,0.0
U024321,treatment,DE,2026-04-15 20:30:49,1.0,1,70.16,0.0,0.0
U024322,treatment,DE,2026-04-15 20:37:15,1.0,1,32.98,0.0,0.0
U023222,control,IT,2026-04-15 20:37:21,1.0,1,49.98,0.0,0.0
U010140,treatment,DE,2026-04-15 20:37:44,0.0,0,0.0,0.0,0.0
U018501,control,DE,2026-04-15 20:44:40,1.0,1,12.99,0.0,0.0
U024324,treatment,DE,2026-04-15 20:49:43,1.0,1,26.99,0.0,0.0
U024323,treatment,IT,2026-04-15 20:59:58,1.0,1,52.72,1.0,0.0
U014999,control,DE,2026-04-15 21:01:09,0.0,0,0.0,0.0,0.0
U022150,treatment,DE,2026-04-15 21:11:39,0.0,0,0.0,0.0,0.0
U024326,treatment,DE,2026-04-15 21:12:38,1.0,1,75.98,0.0,0.0
U018595,control,DE,2026-04-15 21:14:19,1.0,1,26.99,0.0,0.0
U024325,treatment,DE,2026-04-15 21:14:40,1.0,1,17.99,0.0,0.0
U024329,control,IT,2026-04-15 21:15:31,1.0,1,62.97,0.0,0.0
U024328,treatment,IT,2026-04-15 21:17:49,1.0,1,15.29,0.0,0.0
U003222,control,IT,2026-04-15 21:19:45,1.0,1,82.77,0.0,0.0
U023265,control,DE,2026-04-15 21:21:15,1.0,1,51.98,0.0,0.0
U024327,treatment,IT,2026-04-15 21:23:08,1.0,1,39.98,0.0,1.0
U024330,treatment,IT,2026-04-15 21:29:52,2.0,1,57.98,0.0,0.0
U007914,control,DE,2026-04-15 21:32:57,0.0,0,0.0,0.0,0.0
U024331,treatment,DE,2026-04-15 21:37:09,1.0,1,45.98,1.0,0.0
U014480,control,IT,2026-04-15 21:38:44,0.0,0,0.0,0.0,0.0
U024332,control,IT,2026-04-15 21:39:29,2.0,1,128.42,0.0,0.0
U002672,control,DE,2026-04-15 21:56:24,1.0,1,70.16,0.0,0.0
U024333,control,IT,2026-04-15 21:59:45,1.0,1,11.99,0.0,0.0
U004354,control,IT,2026-04-15 22:03:04,0.0,0,0.0,0.0,0.0
U016993,treatment,DE,2026-04-15 22:06:20,1.0,1,138.96,1.0,0.0
U024334,control,IT,2026-04-15 22:22:43,1.0,1,79.97,0.0,0.0
U006535,treatment,DE,2026-04-15 22:26:45,0.0,0,0.0,0.0,0.0
U003858,treatment,IT,2026-04-15 22:58:32,0.0,0,0.0,0.0,0.0
U000289,treatment,IT,2026-04-15 23:06:51,0.0,0,0.0,0.0,0.0
U015329,control,IT,2026-04-15 23:30:22,1.0,1,79.97,0.0,0.0
U024335,treatment,IT,2026-04-15 23:34:15,1.0,1,26.99,0.0,0.0
U007798,control,DE,2026-04-15 23:36:28,2.0,1,57.98,0.0,0.0
U024336,treatment,IT,2026-04-16 00:10:52,1.0,1,63.67,1.0,0.0
U007745,control,DE,2026-04-16 00:26:58,0.0,0,0.0,0.0,0.0
U014104,treatment,DE,2026-04-16 00:42:28,0.0,0,0.0,0.0,0.0
U017557,treatment,DE,2026-04-16 00:56:25,0.0,0,0.0,0.0,0.0
U022756,treatment,IT,2026-04-16 01:03:05,0.0,0,0.0,0.0,0.0
U024337,control,DE,2026-04-16 01:08:08,2.0,1,39.28,0.0,0.0
U014143,treatment,DE,2026-04-16 01:09:32,1.0,1,74.98,0.0,0.0
U018508,treatment,DE,2026-04-16 01:28:33,0.0,0,0.0,0.0,0.0
U020918,treatment,IT,2026-04-16 01:43:13,0.0,0,0.0,0.0,0.0
U004585,control,DE,2026-04-16 01:45:49,2.0,1,154.96,0.0,0.0
U024338,treatment,IT,2026-04-16 01:49:16,1.0,1,37.78,0.0,0.0
U024339,control,DE,2026-04-16 02:25:57,1.0,1,24.99,0.0,0.0
U021908,treatment,DE,2026-04-16 02:29:39,1.0,1,129.96,0.0,0.0
U019936,control,DE,2026-04-16 02:32:47,1.0,1,76.47,0.0,1.0
U013831,treatment,DE,2026-04-16 02:54:37,1.0,1,51.98,1.0,0.0
U021522,treatment,IT,2026-04-16 03:05:01,0.0,0,0.0,0.0,0.0
U000169,treatment,IT,2026-04-16 03:11:51,0.0,0,0.0,0.0,0.0
U022188,control,DE,2026-04-16 03:24:07,0.0,0,0.0,0.0,0.0
U007265,control,DE,2026-04-16 03:30:55,0.0,0,0.0,0.0,0.0
U020028,treatment,IT,2026-04-16 03:56:04,0.0,0,0.0,0.0,0.0
U015065,control,DE,2026-04-16 03:59:59,0.0,0,0.0,0.0,0.0
U020423,control,DE,2026-04-16 04:03:53,1.0,1,19.99,0.0,0.0
U020586,control,DE,2026-04-16 04:13:18,0.0,0,0.0,0.0,0.0
U023353,treatment,DE,2026-04-16 04:16:14,1.0,1,111.97,0.0,0.0
U009086,treatment,DE,2026-04-16 04:20:35,2.0,1,149.96,0.0,0.0
U016716,treatment,DE,2026-04-16 04:22:56,0.0,0,0.0,0.0,0.0
U016869,treatment,DE,2026-04-16 04:26:19,1.0,1,59.98,0.0,0.0
U021778,control,IT,2026-04-16 04:37:52,1.0,1,27.98,0.0,0.0
U019866,control,IT,2026-04-16 04:55:45,0.0,0,0.0,0.0,0.0
U011051,treatment,DE,2026-04-16 04:58:26,1.0,1,16.99,0.0,0.0
U013840,control,IT,2026-04-16 05:02:51,1.0,1,26.99,0.0,0.0
U024340,control,IT,2026-04-16 05:07:17,2.0,1,76.76,0.0,0.0
U023640,control,IT,2026-04-16 05:16:44,1.0,1,64.98,0.0,0.0
U014162,treatment,DE,2026-04-16 05:22:31,2.0,1,147.95,0.0,0.0
U012443,control,DE,2026-04-16 05:22:50,0.0,0,0.0,0.0,0.0
U020056,treatment,IT,2026-04-16 05:23:23,0.0,0,0.0,0.0,0.0
U015020,control,IT,2026-04-16 05:36:14,0.0,0,0.0,0.0,0.0
U013292,control,IT,2026-04-16 06:16:27,0.0,0,0.0,0.0,0.0
U022110,treatment,IT,2026-04-16 06:18:29,2.0,1,131.68,1.0,1.0
U002725,treatment,IT,2026-04-16 06:30:58,0.0,0,0.0,0.0,0.0
U016880,treatment,DE,2026-04-16 06:37:01,0.0,0,0.0,0.0,0.0
U019806,control,DE,2026-04-16 06:46:58,1.0,1,42.98,0.0,0.0
U001200,control,DE,2026-04-16 06:54:06,0.0,0,0.0,0.0,0.0
U014711,treatment,DE,2026-04-16 07:07:50,1.0,1,47.98,0.0,0.0
U011224,control,IT,2026-04-16 07:11:25,1.0,1,52.97,0.0,0.0
U024189,treatment,DE,2026-04-16 07:27:31,3.0,1,124.69,2.0,0.0
U021001,control,IT,2026-04-16 07:31:12,2.0,1,114.95,0.0,0.0
U020984,treatment,DE,2026-04-16 07:33:40,0.0,0,0.0,0.0,0.0
U024341,control,IT,2026-04-16 07:35:53,3.0,1,173.24,0.0,0.0
U020547,control,DE,2026-04-16 08:24:07,1.0,1,57.97,0.0,0.0
U019427,control,IT,2026-04-16 08:28:12,1.0,1,14.99,0.0,0.0
U010183,control,DE,2026-04-16 08:35:34,0.0,0,0.0,0.0,0.0
U013810,control,DE,2026-04-16 08:38:03,0.0,0,0.0,0.0,0.0
U018225,control,IT,2026-04-16 08:50:15,3.0,1,145.94,0.0,1.0
U024342,control,IT,2026-04-16 08:53:25,1.0,1,37.77,0.0,0.0
U008060,control,DE,2026-04-16 08:53:28,0.0,0,0.0,0.0,0.0
U020141,control,IT,2026-04-16 08:59:50,0.0,0,0.0,0.0,0.0
U020322,control,IT,2026-04-16 09:20:41,1.0,1,99.98,0.0,0.0
U024343,control,DE,2026-04-16 09:26:18,1.0,1,24.29,0.0,0.0
U018567,treatment,DE,2026-04-16 09:51:48,1.0,1,81.98,0.0,0.0
U011627,treatment,DE,2026-04-16 09:55:00,0.0,0,0.0,0.0,0.0
U024344,control,DE,2026-04-16 09:58:35,1.0,1,17.99,0.0,0.0
U018466,control,DE,2026-04-16 10:13:16,0.0,0,0.0,0.0,0.0
U014386,control,DE,2026-04-16 10:15:15,1.0,1,12.99,0.0,0.0
U012626,treatment,IT,2026-04-16 10:15:15,0.0,0,0.0,0.0,0.0
U023527,treatment,DE,2026-04-16 10:21:21,1.0,1,27.98,0.0,0.0
U000403,treatment,DE,2026-04-16 10:25:51,2.0,1,146.94,1.0,1.0
U001930,treatment,IT,2026-04-16 10:44:58,2.0,1,91.7,1.0,0.0
U009154,treatment,DE,2026-04-16 11:01:34,0.0,0,0.0,0.0,0.0
U008305,treatment,IT,2026-04-16 11:23:34,3.0,1,327.67,1.0,0.0
U021550,treatment,IT,2026-04-16 11:47:50,0.0,0,0.0,0.0,0.0
U024345,treatment,DE,2026-04-16 11:56:28,1.0,1,34.73,1.0,0.0
U018702,treatment,DE,2026-04-16 12:00:28,3.0,1,78.95,0.0,0.0
U023858,control,IT,2026-04-16 12:00:46,0.0,0,0.0,0.0,0.0
U024346,treatment,IT,2026-04-16 12:11:16,1.0,1,39.58,0.0,0.0
U022512,control,IT,2026-04-16 12:24:18,1.0,1,71.96,0.0,0.0
U022372,treatment,IT,2026-04-16 12:25:07,1.0,1,24.99,0.0,0.0
U019460,control,IT,2026-04-16 13:01:12,0.0,0,0.0,0.0,0.0
U024347,treatment,IT,2026-04-16 13:15:44,1.0,1,46.77,0.0,0.0
U021552,control,DE,2026-04-16 13:26:22,1.0,1,44.97,0.0,0.0
U020409,control,IT,2026-04-16 13:35:45,0.0,0,0.0,0.0,0.0
U011740,treatment,DE,2026-04-16 13:38:15,0.0,0,0.0,0.0,0.0
U024348,control,DE,2026-04-16 13:54:13,1.0,1,15.99,0.0,0.0
U024349,control,DE,2026-04-16 14:13:36,1.0,1,21.99,0.0,0.0
U009752,control,DE,2026-04-16 14:21:11,1.0,1,95.97,0.0,0.0
U024350,control,IT,2026-04-16 14:35:23,1.0,1,35.98,0.0,0.0
U022513,control,DE,2026-04-16 14:52:43,1.0,1,29.98,0.0,0.0
U017991,treatment,DE,2026-04-16 14:53:06,0.0,0,0.0,0.0,0.0
U017333,treatment,DE,2026-04-16 15:05:52,0.0,0,0.0,0.0,0.0
U015273,treatment,IT,2026-04-16 15:10:43,1.0,1,12.99,0.0,0.0
U021697,control,IT,2026-04-16 15:29:11,1.0,1,67.96,0.0,0.0
U023472,control,IT,2026-04-16 15:31:13,1.0,1,14.99,0.0,0.0
U000895,control,IT,2026-04-16 15:34:43,1.0,1,50.97,0.0,0.0
U002419,control,DE,2026-04-16 15:51:13,1.0,1,164.96,0.0,0.0
U018478,treatment,DE,2026-04-16 16:25:23,1.0,1,56.98,0.0,0.0
U024351,control,DE,2026-04-16 16:27:51,2.0,1,154.95,0.0,0.0
U024353,treatment,IT,2026-04-16 16:33:50,1.0,1,52.98,0.0,0.0
U012383,control,IT,2026-04-16 16:36:44,0.0,0,0.0,0.0,0.0
U024352,control,IT,2026-04-16 16:38:00,1.0,1,34.98,0.0,0.0
U017586,control,DE,2026-04-16 16:45:30,3.0,1,279.92,0.0,0.0
U024354,control,DE,2026-04-16 17:16:24,1.0,1,32.38,0.0,0.0
U023385,control,DE,2026-04-16 17:29:50,0.0,0,0.0,0.0,0.0
U023632,control,IT,2026-04-16 17:31:44,1.0,1,59.98,0.0,0.0
U013163,treatment,DE,2026-04-16 17:46:37,0.0,0,0.0,0.0,0.0
U015568,treatment,IT,2026-04-16 18:03:11,1.0,1,54.97,1.0,0.0
U022405,treatment,DE,2026-04-16 18:07:29,0.0,0,0.0,0.0,0.0
U003644,control,IT,2026-04-16 18:19:19,0.0,0,0.0,0.0,0.0
U024355,control,DE,2026-04-16 18:26:04,1.0,1,19.79,0.0,0.0
U007272,treatment,DE,2026-04-16 18:38:44,0.0,0,0.0,0.0,0.0
U017812,control,DE,2026-04-16 18:46:58,0.0,0,0.0,0.0,0.0
U023941,control,DE,2026-04-16 18:52:45,1.0,1,39.98,0.0,0.0
U019298,treatment,DE,2026-04-16 19:02:57,1.0,1,41.98,0.0,0.0
U024356,treatment,IT,2026-04-16 19:05:32,1.0,1,12.99,0.0,0.0
U012895,control,DE,2026-04-16 19:05:46,1.0,1,19.99,0.0,0.0
U020363,treatment,DE,2026-04-16 19:16:58,2.0,1,73.96,0.0,0.0
U002215,control,IT,2026-04-16 19:22:55,1.0,1,27.98,0.0,0.0
U003998,treatment,IT,2026-04-16 19:23:00,0.0,0,0.0,0.0,0.0
U024357,control,IT,2026-04-16 19:32:30,1.0,1,26.99,0.0,0.0
U024358,treatment,IT,2026-04-16 19:58:09,2.0,1,111.95,0.0,0.0
U024359,control,IT,2026-04-16 20:06:59,1.0,1,28.99,0.0,0.0
U023597,control,DE,2026-04-16 20:15:06,0.0,0,0.0,0.0,0.0
U018985,control,DE,2026-04-16 20:15:45,0.0,0,0.0,0.0,0.0
U024169,treatment,IT,2026-04-16 20:22:55,1.0,1,14.99,0.0,0.0
U024360,control,DE,2026-04-16 20:29:06,1.0,1,37.78,0.0,0.0
U011554,control,IT,2026-04-16 20:30:31,1.0,1,39.98,0.0,0.0
U019898,treatment,IT,2026-04-16 20:52:06,0.0,0,0.0,0.0,0.0
U022787,control,IT,2026-04-16 21:00:38,1.0,1,24.98,0.0,0.0
U022651,treatment,IT,2026-04-16 21:05:49,0.0,0,0.0,0.0,0.0
U016972,treatment,DE,2026-04-16 21:10:39,0.0,0,0.0,0.0,0.0
U013428,control,DE,2026-04-16 21:14:14,0.0,0,0.0,0.0,0.0
U021606,treatment,DE,2026-04-16 21:15:24,2.0,1,125.95,0.0,0.0
U024361,control,DE,2026-04-16 21:27:34,1.0,1,43.98,0.0,0.0
U003437,control,IT,2026-04-16 21:28:03,0.0,0,0.0,0.0,0.0
U000688,treatment,DE,2026-04-16 21:36:58,0.0,0,0.0,0.0,0.0
U016209,control,DE,2026-04-16 21:43:33,0.0,0,0.0,0.0,0.0
U023055,control,DE,2026-04-16 21:48:53,1.0,1,44.98,0.0,0.0
U024362,treatment,IT,2026-04-16 21:49:22,1.0,1,43.98,0.0,0.0
U024363,treatment,IT,2026-04-16 22:03:00,1.0,1,31.98,0.0,0.0
U021410,control,DE,2026-04-16 22:10:44,2.0,1,90.96,0.0,0.0
U024364,control,IT,2026-04-16 22:13:06,1.0,1,21.99,0.0,0.0
U024365,control,DE,2026-04-16 22:33:02,1.0,1,39.98,0.0,0.0
U022034,control,DE,2026-04-16 22:51:42,0.0,0,0.0,0.0,0.0
U000555,treatment,IT,2026-04-16 23:13:20,1.0,1,146.96,1.0,1.0
U023308,control,DE,2026-04-16 23:17:11,0.0,0,0.0,0.0,0.0
U003947,treatment,DE,2026-04-16 23:18:30,1.0,1,40.48,0.0,0.0
U015446,control,IT,2026-04-16 23:28:43,2.0,1,84.98,0.0,0.0
U016406,treatment,DE,2026-04-16 23:43:45,1.0,1,16.99,0.0,0.0
U001214,control,DE,2026-04-16 23:52:03,0.0,0,0.0,0.0,0.0
U018601,control,IT,2026-04-16 23:57:54,0.0,0,0.0,0.0,0.0
U000419,control,DE,2026-04-16 23:58:09,2.0,1,130.94,0.0,0.0
U007928,treatment,DE,2026-04-16 23:59:07,0.0,0,0.0,0.0,0.0
U006718,treatment,IT,2026-04-17 00:01:42,0.0,0,0.0,0.0,0.0
U022526,treatment,DE,2026-04-17 00:03:52,1.0,1,29.99,0.0,0.0
U014934,treatment,DE,2026-04-17 00:05:16,0.0,0,0.0,0.0,0.0
U006308,treatment,IT,2026-04-17 00:29:38,0.0,0,0.0,0.0,0.0
U024366,treatment,DE,2026-04-17 00:29:53,1.0,1,19.79,0.0,0.0
U012682,control,DE,2026-04-17 00:35:03,0.0,0,0.0,0.0,0.0
U004966,control,DE,2026-04-17 00:36:16,2.0,1,194.94,0.0,0.0
U016161,control,IT,2026-04-17 00:48:54,0.0,0,0.0,0.0,0.0
U009997,control,IT,2026-04-17 00:53:14,0.0,0,0.0,0.0,0.0
U016062,treatment,DE,2026-04-17 01:05:39,0.0,0,0.0,0.0,0.0
U017759,treatment,DE,2026-04-17 01:08:39,1.0,1,71.97,1.0,0.0
U014041,control,IT,2026-04-17 01:11:40,1.0,1,37.98,0.0,0.0
U018828,control,DE,2026-04-17 01:33:03,0.0,0,0.0,0.0,0.0
U017596,treatment,DE,2026-04-17 01:41:22,1.0,1,59.97,0.0,0.0
U021330,treatment,IT,2026-04-17 01:45:31,0.0,0,0.0,0.0,0.0
U020457,treatment,DE,2026-04-17 01:50:18,0.0,0,0.0,0.0,0.0
U024367,control,IT,2026-04-17 02:03:29,1.0,1,41.98,0.0,0.0
U014291,treatment,IT,2026-04-17 02:20:39,0.0,0,0.0,0.0,0.0
U021939,control,DE,2026-04-17 02:28:57,0.0,0,0.0,0.0,0.0
U001939,control,DE,2026-04-17 02:29:38,0.0,0,0.0,0.0,0.0
U013822,control,IT,2026-04-17 02:33:13,2.0,1,276.92,0.0,0.0
U014885,treatment,IT,2026-04-17 02:35:18,0.0,0,0.0,0.0,0.0
U017986,treatment,DE,2026-04-17 02:54:49,0.0,0,0.0,0.0,0.0
U013084,treatment,DE,2026-04-17 02:57:33,1.0,1,66.98,0.0,0.0
U023461,treatment,DE,2026-04-17 03:01:53,1.0,1,92.97,0.0,0.0
U010929,control,DE,2026-04-17 03:21:35,0.0,0,0.0,0.0,0.0
U023888,control,DE,2026-04-17 03:42:45,1.0,1,14.99,0.0,0.0
U022620,control,IT,2026-04-17 03:52:03,1.0,1,69.98,0.0,0.0
U018297,treatment,DE,2026-04-17 04:02:51,3.0,1,147.92,1.0,0.0
U007759,treatment,DE,2026-04-17 04:11:45,1.0,1,79.98,0.0,0.0
U019072,treatment,IT,2026-04-17 04:13:44,1.0,1,29.99,0.0,0.0
U013450,treatment,DE,2026-04-17 04:35:12,0.0,0,0.0,0.0,0.0
U008220,control,DE,2026-04-17 04:41:45,0.0,0,0.0,0.0,0.0
U011124,control,DE,2026-04-17 04:48:03,1.0,1,14.99,0.0,0.0
U006663,control,IT,2026-04-17 05:05:14,1.0,1,37.98,0.0,0.0
U019621,treatment,DE,2026-04-17 05:15:00,1.0,1,108.97,0.0,0.0
U020529,control,DE,2026-04-17 05:40:29,1.0,1,98.97,0.0,0.0
U003366,control,DE,2026-04-17 05:44:36,1.0,1,19.99,0.0,0.0
U012250,treatment,IT,2026-04-17 05:57:45,0.0,0,0.0,0.0,0.0
U013413,treatment,DE,2026-04-17 06:45:13,1.0,1,14.99,0.0,0.0
U003880,control,DE,2026-04-17 06:55:56,1.0,1,19.99,0.0,0.0
U002765,treatment,IT,2026-04-17 07:24:30,1.0,1,14.99,0.0,0.0
U020057,treatment,DE,2026-04-17 07:37:38,0.0,0,0.0,0.0,0.0
U022703,treatment,DE,2026-04-17 07:48:00,2.0,1,43.98,0.0,0.0
U022025,control,DE,2026-04-17 07:50:00,1.0,1,44.98,0.0,0.0
U022848,control,IT,2026-04-17 07:51:06,0.0,0,0.0,0.0,0.0
U024368,control,DE,2026-04-17 07:52:58,1.0,1,26.99,0.0,0.0
U001208,control,IT,2026-04-17 07:55:57,0.0,0,0.0,0.0,0.0
U017936,control,IT,2026-04-17 08:01:00,0.0,0,0.0,0.0,0.0
U012038,treatment,DE,2026-04-17 08:01:55,1.0,1,28.99,0.0,0.0
U008367,control,DE,2026-04-17 08:03:50,1.0,1,53.98,0.0,0.0
U021247,treatment,IT,2026-04-17 08:14:43,0.0,0,0.0,0.0,0.0
U023764,control,IT,2026-04-17 08:17:27,1.0,1,53.98,0.0,0.0
U024369,treatment,DE,2026-04-17 08:20:20,1.0,1,39.98,0.0,0.0
U022185,control,DE,2026-04-17 08:30:04,0.0,0,0.0,0.0,0.0
U007667,treatment,DE,2026-04-17 08:41:45,0.0,0,0.0,0.0,0.0
U022947,control,IT,2026-04-17 08:46:52,2.0,1,135.94,0.0,0.0
U017157,control,DE,2026-04-17 08:49:38,1.0,1,79.98,0.0,0.0
U022696,treatment,DE,2026-04-17 08:58:53,0.0,0,0.0,0.0,0.0
U023529,treatment,DE,2026-04-17 09:05:17,0.0,0,0.0,0.0,0.0
U024071,treatment,DE,2026-04-17 09:25:25,0.0,0,0.0,0.0,0.0
U001565,treatment,DE,2026-04-17 09:26:19,3.0,1,192.68,1.0,0.0
U024370,control,DE,2026-04-17 09:40:22,1.0,1,102.96,0.0,0.0
U009865,treatment,IT,2026-04-17 09:45:18,1.0,1,74.71,1.0,1.0
U024371,treatment,IT,2026-04-17 09:49:21,1.0,1,34.98,1.0,0.0
U024372,treatment,IT,2026-04-17 09:53:25,1.0,1,29.73,1.0,0.0
U023716,control,IT,2026-04-17 09:57:33,0.0,0,0.0,0.0,0.0
U021205,control,DE,2026-04-17 10:00:42,0.0,0,0.0,0.0,0.0
U023304,control,DE,2026-04-17 10:17:28,1.0,1,34.99,0.0,0.0
U005526,treatment,DE,2026-04-17 10:38:18,1.0,1,17.99,0.0,0.0
U022607,control,IT,2026-04-17 10:40:32,1.0,1,27.99,0.0,0.0
U013796,control,IT,2026-04-17 10:50:28,0.0,0,0.0,0.0,0.0
U011229,control,DE,2026-04-17 10:57:11,2.0,1,134.95,0.0,0.0
U008687,control,IT,2026-04-17 10:57:52,1.0,1,30.98,0.0,0.0
U005590,control,IT,2026-04-17 11:03:59,0.0,0,0.0,0.0,0.0
U020048,treatment,IT,2026-04-17 11:10:42,0.0,0,0.0,0.0,0.0
U022695,control,IT,2026-04-17 11:16:43,1.0,1,33.98,0.0,0.0
U024373,control,DE,2026-04-17 11:18:41,1.0,1,44.98,0.0,0.0
U002483,control,IT,2026-04-17 11:22:20,0.0,0,0.0,0.0,0.0
U020559,control,DE,2026-04-17 11:29:55,1.0,1,17.99,0.0,0.0
U012656,control,DE,2026-04-17 11:33:21,0.0,0,0.0,0.0,0.0
U009803,treatment,DE,2026-04-17 11:52:23,0.0,0,0.0,0.0,0.0
U008680,treatment,IT,2026-04-17 11:57:29,1.0,1,36.98,1.0,0.0
U014223,treatment,IT,2026-04-17 11:57:56,0.0,0,0.0,0.0,0.0
U024374,control,DE,2026-04-17 11:59:04,1.0,1,21.99,0.0,0.0
U009416,control,DE,2026-04-17 11:59:24,1.0,1,110.96,0.0,0.0
U023172,treatment,DE,2026-04-17 12:04:39,0.0,0,0.0,0.0,0.0
U024375,treatment,DE,2026-04-17 12:33:46,1.0,1,88.17,0.0,0.0
U024376,treatment,DE,2026-04-17 12:50:28,1.0,1,24.29,0.0,0.0
U009734,treatment,IT,2026-04-17 13:02:18,0.0,0,0.0,0.0,0.0
U024377,control,IT,2026-04-17 13:02:29,1.0,1,41.98,0.0,0.0
U022711,control,IT,2026-04-17 13:08:00,0.0,0,0.0,0.0,0.0
U024378,treatment,IT,2026-04-17 13:20:02,1.0,1,48.98,0.0,1.0
U024379,treatment,IT,2026-04-17 13:29:30,1.0,1,24.29,0.0,0.0
U022897,treatment,IT,2026-04-17 13:33:23,0.0,0,0.0,0.0,0.0
U008646,control,DE,2026-04-17 13:39:24,1.0,1,58.97,0.0,0.0
U024380,control,DE,2026-04-17 13:39:59,1.0,1,16.99,0.0,0.0
U018524,control,IT,2026-04-17 13:44:30,0.0,0,0.0,0.0,0.0
U021771,treatment,IT,2026-04-17 13:44:57,1.0,1,44.97,0.0,0.0
U024381,treatment,DE,2026-04-17 13:47:59,1.0,1,22.49,0.0,0.0
U011227,control,IT,2026-04-17 13:51:14,0.0,0,0.0,0.0,0.0
U014367,treatment,DE,2026-04-17 13:55:40,1.0,1,74.96,0.0,0.0
U012663,treatment,IT,2026-04-17 14:00:57,0.0,0,0.0,0.0,0.0
U016665,control,DE,2026-04-17 14:06:02,2.0,1,54.98,0.0,1.0
U000574,control,DE,2026-04-17 14:13:06,1.0,1,12.99,0.0,0.0
U007401,treatment,DE,2026-04-17 14:14:59,1.0,1,106.96,0.0,0.0
U024382,control,IT,2026-04-17 14:15:36,1.0,1,33.28,0.0,0.0
U020706,control,IT,2026-04-17 14:21:12,0.0,0,0.0,0.0,0.0
U020561,control,IT,2026-04-17 14:38:12,0.0,0,0.0,0.0,0.0
U017112,treatment,IT,2026-04-17 14:43:40,1.0,1,132.7,1.0,0.0
U011132,treatment,DE,2026-04-17 14:54:46,0.0,0,0.0,0.0,0.0
U019182,treatment,DE,2026-04-17 14:55:53,2.0,1,155.2,1.0,0.0
U024133,treatment,IT,2026-04-17 15:27:10,1.0,1,27.73,1.0,0.0
U008343,control,DE,2026-04-17 15:27:21,2.0,1,49.98,0.0,0.0
U019998,treatment,DE,2026-04-17 15:27:46,2.0,1,118.95,2.0,0.0
U012963,control,DE,2026-04-17 15:30:40,0.0,0,0.0,0.0,0.0
U011254,control,IT,2026-04-17 15:35:18,3.0,1,98.96,0.0,0.0
U021414,treatment,DE,2026-04-17 15:41:20,1.0,1,59.97,0.0,0.0
U021022,control,IT,2026-04-17 15:44:44,0.0,0,0.0,0.0,0.0
U022508,treatment,DE,2026-04-17 15:46:07,0.0,0,0.0,0.0,0.0
U017162,treatment,IT,2026-04-17 15:57:07,0.0,0,0.0,0.0,0.0
U024383,treatment,DE,2026-04-17 16:23:32,1.0,1,94.97,1.0,0.0
U023183,control,IT,2026-04-17 16:27:25,0.0,0,0.0,0.0,0.0
U023218,control,DE,2026-04-17 16:31:01,2.0,1,132.93,0.0,0.0
U018150,treatment,IT,2026-04-17 16:31:52,1.0,1,61.97,0.0,0.0
U024384,treatment,IT,2026-04-17 16:50:54,1.0,1,31.48,0.0,0.0
U023751,treatment,DE,2026-04-17 16:59:19,1.0,1,139.97,0.0,0.0
U024385,treatment,DE,2026-04-17 17:04:05,1.0,1,43.98,0.0,0.0
U014823,treatment,IT,2026-04-17 17:14:07,0.0,0,0.0,0.0,0.0
U013148,control,IT,2026-04-17 17:14:24,0.0,0,0.0,0.0,0.0
U022684,treatment,DE,2026-04-17 17:43:42,0.0,0,0.0,0.0,0.0
U009762,treatment,DE,2026-04-17 17:51:58,1.0,1,21.99,0.0,0.0
U014105,treatment,DE,2026-04-17 17:53:10,1.0,1,19.99,0.0,0.0
U022552,treatment,DE,2026-04-17 18:02:55,2.0,1,49.72,1.0,0.0
U024386,treatment,DE,2026-04-17 18:08:51,1.0,1,29.73,1.0,0.0
U017519,treatment,IT,2026-04-17 18:15:10,0.0,0,0.0,0.0,0.0
U000512,control,IT,2026-04-17 18:15:59,1.0,1,21.99,0.0,0.0
U023425,control,IT,2026-04-17 18:17:39,1.0,1,59.98,0.0,0.0
U024388,treatment,DE,2026-04-17 18:32:09,1.0,1,56.22,1.0,0.0
U024387,treatment,DE,2026-04-17 18:33:34,1.0,1,19.79,0.0,0.0
U015171,control,DE,2026-04-17 18:37:03,2.0,1,59.97,0.0,0.0
U022299,control,DE,2026-04-17 18:53:34,0.0,0,0.0,0.0,0.0
U019831,treatment,DE,2026-04-17 18:54:09,1.0,1,152.94,1.0,0.0
U007748,control,DE,2026-04-17 18:54:51,0.0,0,0.0,0.0,0.0
U000056,treatment,DE,2026-04-17 19:12:13,0.0,0,0.0,0.0,0.0
U024389,treatment,DE,2026-04-17 19:19:18,0.0,0,0.0,0.0,0.0
U022597,control,DE,2026-04-17 19:23:23,0.0,0,0.0,0.0,0.0
U017814,control,IT,2026-04-17 19:25:16,0.0,0,0.0,0.0,0.0
U000768,treatment,DE,2026-04-17 19:25:18,0.0,0,0.0,0.0,0.0
U001938,control,DE,2026-04-17 19:27:48,0.0,0,0.0,0.0,0.0
U012208,control,DE,2026-04-17 19:35:17,1.0,1,19.99,0.0,0.0
U001943,treatment,IT,2026-04-17 19:35:24,1.0,1,59.98,0.0,0.0
U024062,control,IT,2026-04-17 19:37:06,0.0,0,0.0,0.0,0.0
U003793,control,IT,2026-04-17 19:39:15,0.0,0,0.0,0.0,0.0
U005021,treatment,DE,2026-04-17 19:40:48,1.0,1,42.73,1.0,0.0
U024390,treatment,IT,2026-04-17 19:41:21,1.0,1,61.07,1.0,0.0
U023669,control,IT,2026-04-17 19:42:57,0.0,0,0.0,0.0,0.0
U024391,control,IT,2026-04-17 19:43:48,1.0,1,48.98,0.0,0.0
U023794,treatment,DE,2026-04-17 20:09:22,0.0,0,0.0,0.0,0.0
U017853,control,DE,2026-04-17 20:11:57,0.0,0,0.0,0.0,0.0
U020482,control,DE,2026-04-17 20:36:41,2.0,1,104.97,0.0,0.0
U016492,treatment,DE,2026-04-17 20:51:35,0.0,0,0.0,0.0,0.0
U024393,control,DE,2026-04-17 20:54:07,1.0,1,41.98,0.0,0.0
U024392,treatment,DE,2026-04-17 20:57:18,1.0,1,73.98,0.0,0.0
U014571,control,DE,2026-04-17 21:03:07,0.0,0,0.0,0.0,0.0
U012143,control,DE,2026-04-17 21:14:06,2.0,1,79.95,0.0,0.0
U024394,control,IT,2026-04-17 21:18:01,1.0,1,30.98,0.0,0.0
U024395,treatment,DE,2026-04-17 21:22:46,1.0,1,35.23,1.0,0.0
U022111,control,IT,2026-04-17 21:23:17,1.0,1,64.98,0.0,0.0
U024396,treatment,DE,2026-04-17 21:24:56,1.0,1,37.73,1.0,0.0
U009608,treatment,DE,2026-04-17 21:35:34,2.0,1,64.97,0.0,0.0
U015855,control,DE,2026-04-17 21:44:31,2.0,1,77.96,0.0,0.0
U020745,control,DE,2026-04-17 21:52:34,0.0,0,0.0,0.0,0.0
U014001,control,DE,2026-04-17 21:54:51,0.0,0,0.0,0.0,0.0
U009939,treatment,DE,2026-04-17 22:07:54,0.0,0,0.0,0.0,0.0
U015341,control,DE,2026-04-17 22:08:32,0.0,0,0.0,0.0,0.0
U004014,control,IT,2026-04-17 22:19:16,1.0,1,19.99,0.0,0.0
U010784,treatment,IT,2026-04-17 22:21:56,0.0,0,0.0,0.0,0.0
U024397,control,DE,2026-04-17 22:36:38,1.0,1,22.49,0.0,0.0
U024398,treatment,DE,2026-04-17 22:47:27,1.0,1,73.97,1.0,1.0
U022077,control,IT,2026-04-17 23:27:21,1.0,1,61.98,0.0,1.0
U024399,treatment,IT,2026-04-18 00:11:09,2.0,1,99.71,1.0,0.0
U009519,treatment,DE,2026-04-18 00:12:33,0.0,0,0.0,0.0,0.0
U004780,control,IT,2026-04-18 00:14:17,1.0,1,161.95,0.0,0.0
U022310,treatment,IT,2026-04-18 00:18:10,1.0,1,69.98,0.0,0.0
U020325,treatment,DE,2026-04-18 00:18:49,0.0,0,0.0,0.0,0.0
U016014,treatment,DE,2026-04-18 00:45:49,0.0,0,0.0,0.0,0.0
U018821,treatment,IT,2026-04-18 01:01:50,2.0,1,158.96,0.0,0.0
U024400,control,DE,2026-04-18 01:06:21,3.0,1,376.87,0.0,0.0
U018638,treatment,DE,2026-04-18 01:24:40,2.0,1,204.94,0.0,1.0
U021880,treatment,DE,2026-04-18 01:28:17,1.0,1,84.71,1.0,0.0
U011595,treatment,IT,2026-04-18 01:35:19,0.0,0,0.0,0.0,0.0
U021389,control,DE,2026-04-18 01:42:06,0.0,0,0.0,0.0,0.0
U017213,treatment,IT,2026-04-18 01:42:15,0.0,0,0.0,0.0,0.0
U013031,treatment,IT,2026-04-18 01:54:22,1.0,1,104.96,0.0,0.0
U014028,treatment,DE,2026-04-18 02:00:02,0.0,0,0.0,0.0,0.0
U022653,treatment,DE,2026-04-18 02:10:44,0.0,0,0.0,0.0,0.0
U022303,treatment,IT,2026-04-18 02:31:22,1.0,1,39.98,0.0,0.0
U007328,treatment,DE,2026-04-18 02:41:25,2.0,1,127.7,1.0,0.0
U023486,control,IT,2026-04-18 02:43:48,1.0,1,15.99,0.0,0.0
U014550,treatment,DE,2026-04-18 02:47:00,1.0,1,44.73,1.0,0.0
U015153,treatment,DE,2026-04-18 02:58:25,1.0,1,19.99,0.0,0.0
U001474,treatment,IT,2026-04-18 03:32:24,0.0,0,0.0,0.0,0.0
U016812,control,DE,2026-04-18 03:50:13,0.0,0,0.0,0.0,0.0
U007624,treatment,DE,2026-04-18 04:10:28,1.0,1,63.97,0.0,0.0
U018151,treatment,DE,2026-04-18 04:24:38,0.0,0,0.0,0.0,0.0
U015518,treatment,IT,2026-04-18 04:39:03,1.0,1,29.98,1.0,0.0
U017265,treatment,DE,2026-04-18 04:40:57,0.0,0,0.0,0.0,0.0
U012560,treatment,IT,2026-04-18 04:54:14,0.0,0,0.0,0.0,0.0
U023216,treatment,IT,2026-04-18 04:57:16,0.0,0,0.0,0.0,0.0
U020705,treatment,DE,2026-04-18 05:19:49,1.0,1,14.99,0.0,0.0
U003775,control,DE,2026-04-18 05:27:02,0.0,0,0.0,0.0,0.0
U004716,control,DE,2026-04-18 05:42:51,0.0,0,0.0,0.0,0.0
U004727,treatment,IT,2026-04-18 05:56:13,0.0,0,0.0,0.0,0.0
U017357,treatment,DE,2026-04-18 05:59:05,0.0,0,0.0,0.0,0.0
U020532,control,IT,2026-04-18 06:05:30,0.0,0,0.0,0.0,0.0
U022403,treatment,DE,2026-04-18 06:30:07,0.0,0,0.0,0.0,0.0
U019654,control,DE,2026-04-18 06:55:00,0.0,0,0.0,0.0,0.0
U008074,control,IT,2026-04-18 07:08:28,1.0,1,93.97,0.0,0.0
U024085,control,DE,2026-04-18 07:10:41,0.0,0,0.0,0.0,0.0
U024081,treatment,DE,2026-04-18 07:22:54,0.0,0,0.0,0.0,0.0
U011622,treatment,IT,2026-04-18 07:33:18,0.0,0,0.0,0.0,0.0
U023101,treatment,IT,2026-04-18 07:36:15,1.0,1,39.98,0.0,0.0
U020762,treatment,DE,2026-04-18 07:51:23,1.0,1,37.73,1.0,0.0
U024401,treatment,IT,2026-04-18 07:52:52,1.0,1,35.98,0.0,0.0
U012887,control,DE,2026-04-18 08:07:08,0.0,0,0.0,0.0,0.0
U023549,control,IT,2026-04-18 08:13:41,1.0,1,46.98,0.0,0.0
U021591,treatment,DE,2026-04-18 08:14:17,1.0,1,39.99,0.0,0.0
U024402,treatment,DE,2026-04-18 08:19:32,1.0,1,84.71,1.0,0.0
U022458,treatment,DE,2026-04-18 08:55:03,1.0,1,29.99,0.0,0.0
U018890,treatment,IT,2026-04-18 09:05:15,2.0,1,279.91,2.0,0.0
U000662,control,DE,2026-04-18 09:13:29,1.0,1,29.99,0.0,0.0
U024403,control,DE,2026-04-18 09:28:35,1.0,1,21.99,0.0,0.0
U020793,control,DE,2026-04-18 09:32:44,0.0,0,0.0,0.0,0.0
U006085,control,IT,2026-04-18 09:51:36,0.0,0,0.0,0.0,0.0
U024404,treatment,IT,2026-04-18 09:52:15,1.0,1,46.98,1.0,0.0
U002874,treatment,DE,2026-04-18 09:52:18,0.0,0,0.0,0.0,0.0
U019825,control,IT,2026-04-18 10:06:07,0.0,0,0.0,0.0,0.0
U023714,control,DE,2026-04-18 10:22:08,1.0,1,99.97,0.0,0.0
U021837,treatment,DE,2026-04-18 10:25:09,1.0,1,12.99,0.0,0.0
U021635,control,DE,2026-04-18 10:25:16,0.0,0,0.0,0.0,0.0
U024405,treatment,IT,2026-04-18 10:25:38,0.0,0,0.0,0.0,0.0
U014436,control,DE,2026-04-18 10:30:28,1.0,1,39.98,0.0,0.0
U019786,control,IT,2026-04-18 10:53:13,1.0,1,53.98,0.0,0.0
U014844,control,IT,2026-04-18 11:17:22,0.0,0,0.0,0.0,0.0
U023248,control,DE,2026-04-18 11:19:00,1.0,1,49.98,0.0,0.0
U022229,control,IT,2026-04-18 11:29:59,1.0,1,24.99,0.0,0.0
U024406,treatment,DE,2026-04-18 11:58:15,1.0,1,38.98,1.0,0.0
U020724,control,IT,2026-04-18 12:02:14,1.0,1,29.99,0.0,0.0
U024407,treatment,DE,2026-04-18 12:12:45,1.0,1,36.98,1.0,0.0
U016143,control,DE,2026-04-18 12:16:38,2.0,1,37.98,0.0,0.0
U009726,treatment,DE,2026-04-18 12:23:51,1.0,1,110.97,1.0,0.0
U024408,control,DE,2026-04-18 12:38:06,1.0,1,54.97,0.0,0.0
U023872,control,DE,2026-04-18 12:40:03,1.0,1,17.99,0.0,0.0
U021207,control,DE,2026-04-18 12:43:53,0.0,0,0.0,0.0,0.0
U018165,treatment,DE,2026-04-18 12:44:15,1.0,1,53.97,0.0,0.0
U019280,treatment,IT,2026-04-18 12:45:06,0.0,0,0.0,0.0,0.0
U009415,treatment,DE,2026-04-18 12:45:14,2.0,1,224.94,0.0,0.0
U016486,treatment,DE,2026-04-18 12:47:14,2.0,1,124.96,0.0,0.0
U018105,control,IT,2026-04-18 12:50:34,1.0,1,79.97,0.0,0.0
U010988,control,DE,2026-04-18 13:02:59,0.0,0,0.0,0.0,0.0
U023327,control,DE,2026-04-18 13:13:55,0.0,0,0.0,0.0,0.0
U022423,treatment,DE,2026-04-18 13:37:18,0.0,0,0.0,0.0,0.0
U018748,control,IT,2026-04-18 13:46:48,1.0,1,37.98,0.0,0.0
U017400,control,DE,2026-04-18 13:52:56,0.0,0,0.0,0.0,0.0
U013601,treatment,IT,2026-04-18 13:55:27,0.0,0,0.0,0.0,0.0
U023793,treatment,IT,2026-04-18 14:14:13,0.0,0,0.0,0.0,0.0
U021605,control,IT,2026-04-18 14:18:10,1.0,1,59.99,0.0,0.0
U024409,control,DE,2026-04-18 14:47:58,1.0,1,26.99,0.0,0.0
U007461,treatment,DE,2026-04-18 15:00:45,0.0,0,0.0,0.0,0.0
U009203,treatment,IT,2026-04-18 15:07:51,0.0,0,0.0,0.0,0.0
U023422,treatment,DE,2026-04-18 15:09:11,0.0,0,0.0,0.0,0.0
U010375,treatment,IT,2026-04-18 15:22:31,0.0,0,0.0,0.0,0.0
U022762,treatment,IT,2026-04-18 15:29:49,0.0,0,0.0,0.0,0.0
U019681,control,IT,2026-04-18 15:40:06,0.0,0,0.0,0.0,0.0
U024410,treatment,IT,2026-04-18 15:47:34,1.0,1,26.09,0.0,0.0
U015248,control,DE,2026-04-18 15:54:47,1.0,1,116.97,0.0,0.0
U010052,control,IT,2026-04-18 16:08:00,1.0,1,76.97,0.0,0.0
U002909,treatment,DE,2026-04-18 16:48:31,1.0,1,89.71,1.0,0.0
U004282,control,IT,2026-04-18 16:51:35,0.0,0,0.0,0.0,0.0
U023587,control,IT,2026-04-18 16:58:56,1.0,1,12.99,0.0,0.0
U020108,control,IT,2026-04-18 17:08:34,3.0,1,117.93,0.0,0.0
U021066,control,DE,2026-04-18 17:16:59,0.0,0,0.0,0.0,0.0
U004598,control,DE,2026-04-18 18:02:33,0.0,0,0.0,0.0,0.0
U018988,control,DE,2026-04-18 18:03:49,0.0,0,0.0,0.0,0.0
U024412,treatment,IT,2026-04-18 18:07:14,1.0,1,44.98,0.0,0.0
U002410,control,DE,2026-04-18 18:09:43,2.0,1,99.97,0.0,0.0
U024411,control,DE,2026-04-18 18:16:27,1.0,1,39.98,0.0,0.0
U024413,treatment,IT,2026-04-18 18:23:51,1.0,1,16.19,0.0,0.0
U024414,control,DE,2026-04-18 18:29:48,1.0,1,21.99,0.0,0.0
U012008,treatment,DE,2026-04-18 18:34:20,0.0,0,0.0,0.0,0.0
U019960,treatment,DE,2026-04-18 18:39:15,1.0,1,54.98,0.0,0.0
U020498,control,IT,2026-04-18 18:40:17,2.0,1,124.96,0.0,0.0
U019807,control,IT,2026-04-18 18:50:07,0.0,0,0.0,0.0,0.0
U024416,control,DE,2026-04-18 19:10:06,1.0,1,29.99,0.0,0.0
U024415,control,IT,2026-04-18 19:10:54,1.0,1,21.99,0.0,0.0
U024417,treatment,DE,2026-04-18 19:12:39,1.0,1,49.97,0.0,0.0
U024418,treatment,DE,2026-04-18 19:23:50,1.0,1,35.98,0.0,0.0
U010504,treatment,IT,2026-04-18 19:29:54,0.0,0,0.0,0.0,0.0
U000961,control,IT,2026-04-18 19:43:32,1.0,1,59.97,0.0,0.0
U008675,control,IT,2026-04-18 20:00:10,1.0,1,28.99,0.0,0.0
U007501,control,DE,2026-04-18 20:02:46,0.0,0,0.0,0.0,0.0
U009106,treatment,IT,2026-04-18 20:07:21,0.0,0,0.0,0.0,0.0
U012839,treatment,DE,2026-04-18 20:07:31,1.0,1,24.99,0.0,1.0
U024419,treatment,DE,2026-04-18 20:10:39,1.0,1,28.78,0.0,0.0
U018404,treatment,IT,2026-04-18 20:12:02,1.0,1,66.97,0.0,0.0
U022221,control,IT,2026-04-18 20:18:34,0.0,0,0.0,0.0,0.0
U024421,treatment,IT,2026-04-18 20:32:58,1.0,1,48.98,0.0,0.0
U003095,control,DE,2026-04-18 20:36:14,2.0,1,82.96,0.0,0.0
U024420,control,IT,2026-04-18 20:46:40,1.0,1,17.99,0.0,0.0
U010355,treatment,DE,2026-04-18 20:47:39,0.0,0,0.0,0.0,0.0
U023852,control,DE,2026-04-18 20:48:23,0.0,0,0.0,0.0,0.0
U024422,treatment,IT,2026-04-18 20:51:12,1.0,1,42.98,0.0,0.0
U002679,treatment,IT,2026-04-18 20:56:56,2.0,1,153.93,0.0,0.0
U022789,treatment,IT,2026-04-18 20:59:12,0.0,0,0.0,0.0,0.0
U024423,treatment,DE,2026-04-18 21:04:15,1.0,1,26.99,0.0,0.0
U024424,treatment,IT,2026-04-18 21:12:41,1.0,1,42.27,0.0,0.0
U020099,treatment,IT,2026-04-18 21:14:00,0.0,0,0.0,0.0,0.0
U018647,control,IT,2026-04-18 21:42:22,1.0,1,23.98,0.0,1.0
U019528,treatment,IT,2026-04-18 21:50:10,0.0,0,0.0,0.0,0.0
U009562,treatment,DE,2026-04-18 22:10:48,0.0,0,0.0,0.0,0.0
U014240,treatment,IT,2026-04-18 22:11:58,0.0,0,0.0,0.0,0.0
U022174,control,DE,2026-04-18 22:12:31,0.0,0,0.0,0.0,0.0
U024425,treatment,IT,2026-04-18 22:16:09,1.0,1,19.99,0.0,0.0
U008807,treatment,IT,2026-04-18 22:22:49,0.0,0,0.0,0.0,0.0
U012402,treatment,IT,2026-04-18 22:36:19,0.0,0,0.0,0.0,0.0
U011838,control,DE,2026-04-18 22:40:57,1.0,1,19.99,0.0,0.0
U017410,treatment,DE,2026-04-18 22:43:01,1.0,1,27.73,1.0,0.0
U016378,control,DE,2026-04-18 22:47:31,1.0,1,19.99,0.0,0.0
U002690,control,DE,2026-04-18 22:56:59,1.0,1,21.99,0.0,0.0
U016947,treatment,IT,2026-04-18 23:41:24,1.0,1,31.98,1.0,0.0
U020710,treatment,IT,2026-04-18 23:44:19,0.0,0,0.0,0.0,0.0
U024426,treatment,DE,2026-04-18 23:51:50,1.0,1,55.92,1.0,0.0
U019710,control,IT,2026-04-18 23:59:08,0.0,0,0.0,0.0,0.0
U011141,treatment,DE,2026-04-19 00:06:03,0.0,0,0.0,0.0,0.0
U023546,control,DE,2026-04-19 00:11:30,0.0,0,0.0,0.0,0.0
U015308,control,IT,2026-04-19 00:12:24,0.0,0,0.0,0.0,0.0
U015864,treatment,DE,2026-04-19 00:12:44,1.0,1,30.73,1.0,0.0
U020783,control,IT,2026-04-19 00:17:11,1.0,1,12.99,0.0,0.0
U012425,treatment,DE,2026-04-19 00:22:25,1.0,1,95.97,0.0,0.0
U023779,treatment,IT,2026-04-19 00:35:00,1.0,1,59.98,0.0,0.0
U021828,treatment,IT,2026-04-19 00:45:57,0.0,0,0.0,0.0,0.0
U019784,control,DE,2026-04-19 00:53:10,0.0,0,0.0,0.0,0.0
U007879,control,IT,2026-04-19 01:11:22,1.0,1,43.98,0.0,0.0
U019745,control,IT,2026-04-19 01:12:24,0.0,0,0.0,0.0,0.0
U015590,treatment,DE,2026-04-19 01:31:16,0.0,0,0.0,0.0,0.0
U006877,treatment,DE,2026-04-19 01:33:40,2.0,1,28.48,0.0,0.0
U023983,treatment,DE,2026-04-19 01:40:03,0.0,0,0.0,0.0,0.0
U016302,treatment,DE,2026-04-19 01:40:53,1.0,1,24.99,0.0,0.0
U011474,control,DE,2026-04-19 01:42:18,1.0,1,39.98,0.0,0.0
U024427,treatment,IT,2026-04-19 01:52:52,1.0,1,46.97,0.0,0.0
U015630,treatment,DE,2026-04-19 01:57:23,0.0,0,0.0,0.0,0.0
U017661,control,DE,2026-04-19 01:58:22,1.0,1,79.96,0.0,0.0
U021933,treatment,IT,2026-04-19 02:09:31,1.0,1,14.99,0.0,0.0
U011586,treatment,DE,2026-04-19 02:09:51,0.0,0,0.0,0.0,0.0
U012631,treatment,IT,2026-04-19 02:17:55,0.0,0,0.0,0.0,0.0
U011659,control,DE,2026-04-19 02:28:11,0.0,0,0.0,0.0,0.0
U015166,treatment,DE,2026-04-19 02:44:55,0.0,0,0.0,0.0,0.0
U003065,control,DE,2026-04-19 02:54:13,1.0,1,28.99,0.0,0.0
U024428,control,IT,2026-04-19 03:12:47,1.0,1,19.79,0.0,0.0
U021225,treatment,DE,2026-04-19 03:20:27,1.0,1,34.98,0.0,0.0
U016088,control,IT,2026-04-19 03:26:37,0.0,0,0.0,0.0,0.0
U018830,treatment,DE,2026-04-19 03:38:16,0.0,0,0.0,0.0,0.0
U009365,control,DE,2026-04-19 03:41:45,1.0,1,34.98,0.0,0.0
U019626,control,IT,2026-04-19 03:45:30,0.0,0,0.0,0.0,0.0
U007628,treatment,IT,2026-04-19 03:45:47,1.0,1,53.99,0.0,0.0
U023884,treatment,DE,2026-04-19 03:47:54,0.0,0,0.0,0.0,0.0
U018488,treatment,DE,2026-04-19 03:55:02,0.0,0,0.0,0.0,0.0
U016523,control,DE,2026-04-19 04:02:08,0.0,0,0.0,0.0,0.0
U010772,control,DE,2026-04-19 04:13:42,0.0,0,0.0,0.0,0.0
U012817,control,IT,2026-04-19 04:15:53,1.0,1,182.95,0.0,0.0
U024142,treatment,DE,2026-04-19 04:18:03,0.0,0,0.0,0.0,0.0
U019895,control,IT,2026-04-19 04:28:08,0.0,0,0.0,0.0,0.0
U012185,treatment,IT,2026-04-19 04:35:34,1.0,1,12.99,0.0,0.0
U005347,control,IT,2026-04-19 04:51:24,0.0,0,0.0,0.0,0.0
U010367,treatment,IT,2026-04-19 04:55:03,0.0,0,0.0,0.0,0.0
U002687,control,DE,2026-04-19 05:00:29,0.0,0,0.0,0.0,0.0
U012548,control,DE,2026-04-19 05:04:11,0.0,0,0.0,0.0,0.0
U006949,treatment,IT,2026-04-19 05:04:43,0.0,0,0.0,0.0,0.0
U020489,treatment,DE,2026-04-19 05:28:05,1.0,1,70.98,1.0,0.0
U013891,control,DE,2026-04-19 05:39:53,0.0,0,0.0,0.0,0.0
U020937,treatment,DE,2026-04-19 05:40:33,0.0,0,0.0,0.0,0.0
U016563,treatment,DE,2026-04-19 05:49:25,1.0,1,29.98,0.0,1.0
U017362,control,IT,2026-04-19 05:59:51,0.0,0,0.0,0.0,0.0
U019881,treatment,IT,2026-04-19 06:03:36,0.0,0,0.0,0.0,0.0
U014059,treatment,DE,2026-04-19 06:33:43,2.0,1,85.95,0.0,0.0
U024429,control,IT,2026-04-19 06:54:56,1.0,1,26.98,0.0,0.0
U024430,treatment,DE,2026-04-19 06:55:49,1.0,1,53.97,0.0,0.0
U000372,control,DE,2026-04-19 07:10:00,3.0,1,362.89,0.0,0.0
U020595,treatment,DE,2026-04-19 07:16:46,2.0,1,60.97,1.0,0.0
U024138,control,DE,2026-04-19 07:25:42,0.0,0,0.0,0.0,0.0
U007730,treatment,DE,2026-04-19 07:31:23,0.0,0,0.0,0.0,0.0
U000269,control,IT,2026-04-19 07:41:09,1.0,1,64.98,0.0,0.0
U022031,control,DE,2026-04-19 07:48:15,0.0,0,0.0,0.0,0.0
U024431,control,DE,2026-04-19 08:07:44,1.0,1,51.27,0.0,0.0
U021823,control,DE,2026-04-19 08:14:39,1.0,1,100.96,0.0,0.0
U023185,control,DE,2026-04-19 08:16:20,0.0,0,0.0,0.0,0.0
U024432,treatment,DE,2026-04-19 08:35:30,1.0,1,53.98,0.0,0.0
U005227,control,DE,2026-04-19 08:48:39,0.0,0,0.0,0.0,0.0
U013282,control,DE,2026-04-19 08:53:42,0.0,0,0.0,0.0,0.0
U009640,treatment,DE,2026-04-19 08:54:18,2.0,1,221.94,0.0,0.0
U024433,control,IT,2026-04-19 09:09:45,2.0,1,39.98,0.0,0.0
U022039,treatment,IT,2026-04-19 09:16:33,0.0,0,0.0,0.0,0.0
U018432,control,DE,2026-04-19 09:17:09,0.0,0,0.0,0.0,0.0
U001762,treatment,DE,2026-04-19 09:21:27,3.0,1,373.38,2.0,0.0
U017611,treatment,DE,2026-04-19 09:25:35,0.0,0,0.0,0.0,0.0
U023177,treatment,DE,2026-04-19 09:31:48,0.0,0,0.0,0.0,0.0
U015905,treatment,DE,2026-04-19 09:39:55,1.0,1,29.99,0.0,0.0
U017781,control,IT,2026-04-19 09:51:50,0.0,0,0.0,0.0,0.0
U012079,control,DE,2026-04-19 09:55:40,0.0,0,0.0,0.0,0.0
U022809,treatment,DE,2026-04-19 09:59:32,0.0,0,0.0,0.0,0.0
U015472,control,DE,2026-04-19 10:02:59,1.0,1,12.99,0.0,0.0
U024434,control,IT,2026-04-19 10:08:39,1.0,1,26.99,0.0,0.0
U018212,control,DE,2026-04-19 10:12:09,1.0,1,59.98,0.0,0.0
U019704,control,IT,2026-04-19 10:16:17,2.0,1,194.95,0.0,0.0
U014753,treatment,DE,2026-04-19 10:16:53,0.0,0,0.0,0.0,0.0
U022559,treatment,DE,2026-04-19 10:22:20,0.0,0,0.0,0.0,0.0
U023862,treatment,DE,2026-04-19 10:24:22,0.0,0,0.0,0.0,0.0
U024435,control,DE,2026-04-19 10:39:54,1.0,1,21.99,0.0,0.0
U013611,control,IT,2026-04-19 10:47:53,1.0,1,19.99,0.0,0.0
U024436,control,DE,2026-04-19 10:48:38,1.0,1,42.28,0.0,0.0
U012174,control,DE,2026-04-19 11:14:54,0.0,0,0.0,0.0,0.0
U017891,control,IT,2026-04-19 11:19:13,0.0,0,0.0,0.0,0.0
U022624,treatment,DE,2026-04-19 11:24:12,0.0,0,0.0,0.0,0.0
U024437,treatment,IT,2026-04-19 11:34:15,1.0,1,14.39,0.0,0.0
U024209,control,DE,2026-04-19 11:37:15,1.0,1,37.98,0.0,0.0
U001136,treatment,DE,2026-04-19 11:42:05,0.0,0,0.0,0.0,0.0
U024438,treatment,DE,2026-04-19 11:43:53,1.0,1,33.18,1.0,0.0
U012861,treatment,DE,2026-04-19 11:46:49,0.0,0,0.0,0.0,0.0
U024439,treatment,DE,2026-04-19 12:09:55,1.0,1,41.98,0.0,0.0
U022160,control,DE,2026-04-19 12:15:39,0.0,0,0.0,0.0,0.0
U008943,control,DE,2026-04-19 12:17:56,2.0,1,69.97,0.0,0.0
U023864,control,DE,2026-04-19 12:20:32,1.0,1,25.98,0.0,0.0
U024440,control,DE,2026-04-19 12:26:27,1.0,1,41.98,0.0,0.0
U003796,control,IT,2026-04-19 12:53:35,0.0,0,0.0,0.0,0.0
U017559,treatment,IT,2026-04-19 12:59:42,3.0,1,203.94,0.0,0.0
U010229,control,IT,2026-04-19 13:02:32,0.0,0,0.0,0.0,0.0
U006397,treatment,DE,2026-04-19 13:04:59,0.0,0,0.0,0.0,0.0
U021892,control,IT,2026-04-19 13:08:16,0.0,0,0.0,0.0,0.0
U021928,control,IT,2026-04-19 13:10:02,0.0,0,0.0,0.0,0.0
U014978,treatment,IT,2026-04-19 13:12:40,0.0,0,0.0,0.0,0.0
U024441,treatment,IT,2026-04-19 13:16:54,1.0,1,70.97,1.0,0.0
U019847,treatment,DE,2026-04-19 13:22:16,2.0,1,80.96,1.0,0.0
U024442,control,DE,2026-04-19 13:35:02,1.0,1,43.98,0.0,0.0
U024443,treatment,DE,2026-04-19 14:03:54,1.0,1,31.48,0.0,1.0
U019834,treatment,IT,2026-04-19 14:07:32,1.0,1,43.98,0.0,0.0
U011795,treatment,DE,2026-04-19 14:30:30,0.0,0,0.0,0.0,0.0
U004570,treatment,IT,2026-04-19 14:51:11,0.0,0,0.0,0.0,0.0
U024444,control,DE,2026-04-19 14:59:43,1.0,1,11.69,0.0,0.0
U011704,control,IT,2026-04-19 15:00:14,0.0,0,0.0,0.0,0.0
U016182,control,DE,2026-04-19 15:00:57,2.0,1,111.96,0.0,0.0
U019516,treatment,DE,2026-04-19 15:05:07,0.0,0,0.0,0.0,0.0
U022083,control,IT,2026-04-19 15:26:25,0.0,0,0.0,0.0,0.0
U016581,treatment,IT,2026-04-19 15:28:14,0.0,0,0.0,0.0,0.0
U024445,treatment,IT,2026-04-19 15:50:22,1.0,1,34.98,0.0,0.0
U018053,treatment,DE,2026-04-19 15:51:16,0.0,0,0.0,0.0,0.0
U023237,control,IT,2026-04-19 15:51:56,2.0,1,32.98,0.0,0.0
U024446,control,IT,2026-04-19 16:13:18,1.0,1,12.99,0.0,0.0
U020287,treatment,IT,2026-04-19 16:34:20,0.0,0,0.0,0.0,0.0
U013494,control,DE,2026-04-19 16:45:46,1.0,1,29.98,0.0,0.0
U023208,treatment,IT,2026-04-19 16:49:50,0.0,0,0.0,0.0,0.0
U016142,control,DE,2026-04-19 16:56:04,0.0,0,0.0,0.0,0.0
U000443,treatment,DE,2026-04-19 17:10:33,1.0,1,69.98,0.0,0.0
U012805,control,DE,2026-04-19 17:18:33,1.0,1,44.98,0.0,0.0
U015532,control,DE,2026-04-19 17:18:43,2.0,1,183.44,0.0,0.0
U013561,treatment,DE,2026-04-19 17:20:43,0.0,0,0.0,0.0,0.0
U007578,treatment,DE,2026-04-19 17:20:52,1.0,1,146.96,0.0,0.0
U024447,treatment,IT,2026-04-19 17:39:16,1.0,1,46.98,0.0,0.0
U022344,treatment,IT,2026-04-19 17:57:43,0.0,0,0.0,0.0,0.0
U011193,control,IT,2026-04-19 18:06:03,2.0,1,98.96,0.0,0.0
U024448,control,IT,2026-04-19 18:09:13,1.0,1,21.99,0.0,0.0
U024449,treatment,IT,2026-04-19 18:27:42,1.0,1,33.98,1.0,0.0
U024450,treatment,DE,2026-04-19 18:31:52,1.0,1,31.98,0.0,0.0
U009960,treatment,IT,2026-04-19 18:33:40,0.0,0,0.0,0.0,0.0
U024451,control,DE,2026-04-19 18:36:21,1.0,1,17.99,0.0,0.0
U012228,treatment,DE,2026-04-19 18:50:33,0.0,0,0.0,0.0,0.0
U024452,control,DE,2026-04-19 18:57:20,1.0,1,53.97,0.0,0.0
U024454,control,DE,2026-04-19 18:57:40,1.0,1,19.99,0.0,0.0
U024453,control,IT,2026-04-19 19:00:10,1.0,1,53.07,0.0,0.0
U015684,control,IT,2026-04-19 19:01:23,0.0,0,0.0,0.0,0.0
U002509,control,DE,2026-04-19 19:02:01,1.0,1,134.96,0.0,0.0
U004286,treatment,DE,2026-04-19 19:14:43,1.0,1,44.99,0.0,0.0
U024455,treatment,DE,2026-04-19 19:20:36,2.0,1,68.27,1.0,0.0
U012259,control,IT,2026-04-19 19:21:20,0.0,0,0.0,0.0,0.0
U024457,control,DE,2026-04-19 19:38:30,1.0,1,39.58,0.0,0.0
U024456,treatment,DE,2026-04-19 19:42:48,3.0,1,163.45,0.0,0.0
U011546,control,IT,2026-04-19 19:47:07,0.0,0,0.0,0.0,0.0
U022556,control,DE,2026-04-19 19:48:22,1.0,1,46.98,0.0,0.0
U024459,control,DE,2026-04-19 19:52:42,1.0,1,26.99,0.0,0.0
U024458,treatment,DE,2026-04-19 19:52:50,1.0,1,27.73,1.0,0.0
U023954,treatment,DE,2026-04-19 19:55:55,2.0,1,34.98,0.0,0.0
U018948,control,DE,2026-04-19 19:58:53,1.0,1,47.98,0.0,0.0
U023156,treatment,DE,2026-04-19 19:59:22,1.0,1,29.98,1.0,0.0
U016813,treatment,DE,2026-04-19 19:59:41,0.0,0,0.0,0.0,0.0
U008597,control,DE,2026-04-19 20:10:20,0.0,0,0.0,0.0,0.0
U024460,treatment,IT,2026-04-19 20:29:22,1.0,1,31.98,0.0,0.0
U017912,control,DE,2026-04-19 20:31:46,0.0,0,0.0,0.0,0.0
U024461,treatment,DE,2026-04-19 20:33:31,1.0,1,43.98,0.0,0.0
U014727,control,IT,2026-04-19 20:38:26,0.0,0,0.0,0.0,0.0
U022226,control,DE,2026-04-19 20:39:07,0.0,0,0.0,0.0,0.0
U024462,treatment,DE,2026-04-19 20:41:57,3.0,1,95.96,0.0,0.0
U023532,control,DE,2026-04-19 20:48:10,0.0,0,0.0,0.0,0.0
U001663,treatment,DE,2026-04-19 20:50:41,0.0,0,0.0,0.0,0.0
U015388,control,DE,2026-04-19 20:59:13,1.0,1,14.99,0.0,0.0
U024463,treatment,DE,2026-04-19 21:05:40,1.0,1,29.98,0.0,0.0
U020357,control,DE,2026-04-19 21:25:26,2.0,1,61.97,0.0,0.0
U023015,control,DE,2026-04-19 21:32:39,0.0,0,0.0,0.0,0.0
U018614,control,IT,2026-04-19 21:34:12,0.0,0,0.0,0.0,0.0
U023458,treatment,DE,2026-04-19 21:51:10,1.0,1,39.99,0.0,0.0
U024464,control,IT,2026-04-19 21:53:15,1.0,1,29.98,0.0,0.0
U021702,control,IT,2026-04-19 22:05:59,0.0,0,0.0,0.0,0.0
U019859,treatment,IT,2026-04-19 22:11:28,1.0,1,30.98,0.0,0.0
U005280,control,DE,2026-04-19 22:13:02,0.0,0,0.0,0.0,0.0
U023296,control,DE,2026-04-19 22:20:47,0.0,0,0.0,0.0,0.0
U019845,control,DE,2026-04-19 22:34:23,0.0,0,0.0,0.0,0.0
U024465,treatment,DE,2026-04-19 22:44:07,1.0,1,19.99,0.0,0.0
U021915,control,DE,2026-04-19 22:50:27,0.0,0,0.0,0.0,0.0
U021809,treatment,DE,2026-04-19 22:56:09,0.0,0,0.0,0.0,0.0
U021537,treatment,DE,2026-04-19 23:17:10,1.0,1,29.98,0.0,0.0
U024466,treatment,IT,2026-04-19 23:25:15,1.0,1,67.27,1.0,0.0
U018544,control,DE,2026-04-19 23:30:44,0.0,0,0.0,0.0,0.0
U023577,control,IT,2026-04-19 23:34:08,0.0,0,0.0,0.0,0.0
U024467,control,DE,2026-04-19 23:35:10,1.0,1,26.99,0.0,0.0
U006723,treatment,DE,2026-04-19 23:59:26,0.0,0,0.0,0.0,0.0
U009286,control,DE,2026-04-20 00:06:32,0.0,0,0.0,0.0,0.0
U013273,treatment,IT,2026-04-20 00:13:48,0.0,0,0.0,0.0,0.0
U023235,treatment,IT,2026-04-20 00:17:23,0.0,0,0.0,0.0,0.0
U019446,treatment,IT,2026-04-20 00:24:39,1.0,1,54.98,0.0,0.0
U015542,treatment,IT,2026-04-20 00:27:52,1.0,1,80.97,0.0,0.0
U009068,treatment,DE,2026-04-20 00:44:45,0.0,0,0.0,0.0,0.0
U023578,treatment,IT,2026-04-20 00:46:58,0.0,0,0.0,0.0,0.0
U017692,treatment,IT,2026-04-20 01:05:17,2.0,1,26.98,0.0,0.0
U010738,control,IT,2026-04-20 01:06:36,0.0,0,0.0,0.0,0.0
U011807,treatment,DE,2026-04-20 01:32:28,2.0,1,260.93,0.0,0.0
U019687,treatment,IT,2026-04-20 01:50:57,1.0,1,21.99,0.0,0.0
U016677,treatment,DE,2026-04-20 01:57:54,1.0,1,59.98,0.0,0.0
U023773,control,DE,2026-04-20 02:09:36,0.0,0,0.0,0.0,0.0
U015932,control,IT,2026-04-20 02:28:33,0.0,0,0.0,0.0,0.0
U019864,control,DE,2026-04-20 02:55:39,0.0,0,0.0,0.0,0.0
U021865,treatment,DE,2026-04-20 03:00:18,1.0,1,32.98,0.0,0.0
U002429,control,DE,2026-04-20 03:06:00,1.0,1,68.97,0.0,0.0
U012741,treatment,IT,2026-04-20 03:14:53,1.0,1,104.97,0.0,0.0
U024468,control,DE,2026-04-20 03:16:27,3.0,1,390.19,0.0,0.0
U017254,control,DE,2026-04-20 03:19:10,1.0,1,11.99,0.0,0.0
U023562,control,DE,2026-04-20 03:20:00,0.0,0,0.0,0.0,0.0
U017378,treatment,DE,2026-04-20 03:22:40,1.0,1,26.99,0.0,0.0
U010652,treatment,DE,2026-04-20 03:24:17,0.0,0,0.0,0.0,0.0
U021345,treatment,IT,2026-04-20 03:40:37,1.0,1,59.98,0.0,0.0
U024469,treatment,DE,2026-04-20 03:41:50,1.0,1,29.99,0.0,0.0
U017963,control,IT,2026-04-20 03:45:55,0.0,0,0.0,0.0,0.0
U022803,treatment,DE,2026-04-20 04:04:22,0.0,0,0.0,0.0,0.0
U016424,treatment,IT,2026-04-20 04:06:10,0.0,0,0.0,0.0,0.0
U003364,treatment,DE,2026-04-20 04:07:30,2.0,1,294.9,1.0,1.0
U017541,control,DE,2026-04-20 04:18:39,2.0,1,80.96,0.0,0.0
U002246,control,DE,2026-04-20 04:30:04,0.0,0,0.0,0.0,0.0
U017413,control,DE,2026-04-20 04:38:04,1.0,1,21.99,0.0,0.0
U019074,control,IT,2026-04-20 04:47:08,0.0,0,0.0,0.0,0.0
U015053,control,DE,2026-04-20 05:06:24,0.0,0,0.0,0.0,0.0
U021698,control,DE,2026-04-20 05:08:04,3.0,1,244.93,0.0,0.0
U011960,control,IT,2026-04-20 05:08:45,1.0,1,60.97,0.0,0.0
U011637,treatment,DE,2026-04-20 05:10:37,0.0,0,0.0,0.0,0.0
U006552,treatment,IT,2026-04-20 05:13:31,1.0,1,164.96,0.0,0.0
U020955,control,DE,2026-04-20 05:44:41,0.0,0,0.0,0.0,0.0
U007848,control,IT,2026-04-20 05:54:51,1.0,1,41.98,0.0,0.0
U018059,treatment,DE,2026-04-20 06:01:42,1.0,1,176.95,0.0,0.0
U021138,control,DE,2026-04-20 06:02:56,0.0,0,0.0,0.0,0.0
U017562,treatment,IT,2026-04-20 06:13:31,0.0,0,0.0,0.0,0.0
U019975,treatment,DE,2026-04-20 06:20:11,2.0,1,97.97,0.0,0.0
U009770,treatment,DE,2026-04-20 06:30:41,2.0,1,113.96,0.0,0.0
U022721,control,DE,2026-04-20 06:36:24,0.0,0,0.0,0.0,0.0
U013689,treatment,DE,2026-04-20 06:56:15,0.0,0,0.0,0.0,0.0
U024470,control,IT,2026-04-20 07:01:57,1.0,1,19.99,0.0,0.0
U019882,control,IT,2026-04-20 07:16:36,0.0,0,0.0,0.0,0.0
U024472,control,DE,2026-04-20 07:24:58,1.0,1,42.28,0.0,0.0
U024471,treatment,DE,2026-04-20 07:28:13,2.0,1,41.98,0.0,0.0
U019285,control,DE,2026-04-20 07:37:22,3.0,1,244.93,0.0,0.0
U015983,control,DE,2026-04-20 07:46:58,0.0,0,0.0,0.0,0.0
U021818,control,IT,2026-04-20 07:50:31,1.0,1,14.99,0.0,0.0
U016706,control,DE,2026-04-20 07:54:14,1.0,1,105.95,0.0,0.0
U014808,treatment,DE,2026-04-20 08:05:17,0.0,0,0.0,0.0,0.0
U017631,treatment,IT,2026-04-20 08:09:17,0.0,0,0.0,0.0,0.0
U012470,control,DE,2026-04-20 08:10:06,1.0,1,44.99,0.0,0.0
U024473,control,DE,2026-04-20 08:19:02,1.0,1,78.28,0.0,0.0
U021113,treatment,DE,2026-04-20 08:27:04,2.0,1,109.97,0.0,0.0
U024474,treatment,DE,2026-04-20 08:38:04,1.0,1,32.98,0.0,0.0
U018725,treatment,DE,2026-04-20 09:06:22,0.0,0,0.0,0.0,0.0
U009002,treatment,DE,2026-04-20 09:50:23,0.0,0,0.0,0.0,0.0
U013761,control,DE,2026-04-20 10:12:14,0.0,0,0.0,0.0,0.0
U021866,control,DE,2026-04-20 10:24:25,5.0,1,483.86,0.0,0.0
U012957,treatment,DE,2026-04-20 10:24:59,0.0,0,0.0,0.0,0.0
U018249,control,DE,2026-04-20 10:33:20,0.0,0,0.0,0.0,0.0
U011711,treatment,DE,2026-04-20 10:40:48,0.0,0,0.0,0.0,0.0
U016045,control,IT,2026-04-20 10:43:43,0.0,0,0.0,0.0,0.0
U024475,control,DE,2026-04-20 10:46:39,1.0,1,37.78,0.0,0.0
U011931,control,IT,2026-04-20 10:46:43,0.0,0,0.0,0.0,0.0
U006371,treatment,DE,2026-04-20 10:54:40,2.0,1,237.68,1.0,0.0
U014840,control,IT,2026-04-20 10:56:13,0.0,0,0.0,0.0,0.0
U015286,treatment,DE,2026-04-20 11:00:38,0.0,0,0.0,0.0,0.0
U003229,treatment,DE,2026-04-20 11:02:23,1.0,1,39.99,0.0,0.0
U012718,treatment,DE,2026-04-20 11:03:31,0.0,0,0.0,0.0,0.0
U011747,treatment,IT,2026-04-20 11:12:54,0.0,0,0.0,0.0,0.0
U020216,treatment,DE,2026-04-20 11:34:22,0.0,0,0.0,0.0,0.0
U024477,control,IT,2026-04-20 12:13:02,1.0,1,64.97,0.0,0.0
U024476,treatment,DE,2026-04-20 12:15:11,1.0,1,39.98,0.0,0.0
U016077,treatment,DE,2026-04-20 12:22:28,1.0,1,121.96,0.0,0.0
U013204,treatment,IT,2026-04-20 12:26:42,0.0,0,0.0,0.0,0.0
U024478,control,DE,2026-04-20 12:28:28,1.0,1,33.28,0.0,1.0
U018164,treatment,DE,2026-04-20 12:35:03,0.0,0,0.0,0.0,0.0
U024479,treatment,DE,2026-04-20 12:36:25,1.0,1,23.99,0.0,0.0
U020035,control,IT,2026-04-20 12:45:04,0.0,0,0.0,0.0,0.0
U024481,treatment,DE,2026-04-20 12:49:06,1.0,1,15.29,0.0,0.0
U024480,control,IT,2026-04-20 12:50:11,1.0,1,21.59,0.0,1.0
U024482,treatment,IT,2026-04-20 13:01:01,1.0,1,32.28,1.0,0.0
U004038,control,IT,2026-04-20 13:13:00,1.0,1,99.98,0.0,0.0
U023072,control,IT,2026-04-20 13:13:17,2.0,1,119.97,0.0,0.0
U023028,control,DE,2026-04-20 13:33:19,0.0,0,0.0,0.0,0.0
U021610,treatment,DE,2026-04-20 13:59:30,0.0,0,0.0,0.0,0.0
U008088,treatment,IT,2026-04-20 14:09:37,0.0,0,0.0,0.0,0.0
U022964,control,DE,2026-04-20 14:25:00,2.0,1,86.96,0.0,0.0
U022786,treatment,IT,2026-04-20 14:36:05,0.0,0,0.0,0.0,0.0
U020390,control,DE,2026-04-20 14:47:31,0.0,0,0.0,0.0,0.0
U017024,treatment,DE,2026-04-20 15:05:31,0.0,0,0.0,0.0,0.0
U014134,treatment,IT,2026-04-20 15:10:06,0.0,0,0.0,0.0,0.0
U008423,treatment,DE,2026-04-20 15:19:24,2.0,1,72.97,0.0,0.0
U015428,control,DE,2026-04-20 15:20:46,1.0,1,149.97,0.0,0.0
U004607,treatment,IT,2026-04-20 15:53:06,0.0,0,0.0,0.0,0.0
U013301,treatment,IT,2026-04-20 15:54:29,0.0,0,0.0,0.0,0.0
U023104,treatment,DE,2026-04-20 16:06:21,1.0,1,92.96,0.0,0.0
U024484,control,DE,2026-04-20 16:22:58,1.0,1,89.97,0.0,0.0
U004753,control,DE,2026-04-20 16:29:00,0.0,0,0.0,0.0,0.0
U024483,control,IT,2026-04-20 16:33:33,1.0,1,22.49,0.0,0.0
U001979,control,DE,2026-04-20 16:37:38,1.0,1,72.98,0.0,0.0
U005866,control,IT,2026-04-20 16:43:34,0.0,0,0.0,0.0,0.0
U024485,control,DE,2026-04-20 16:48:45,1.0,1,45.97,0.0,0.0
U018611,treatment,IT,2026-04-20 16:55:22,0.0,0,0.0,0.0,0.0
U024486,treatment,IT,2026-04-20 17:07:51,1.0,1,33.98,1.0,0.0
U007881,treatment,DE,2026-04-20 17:36:25,0.0,0,0.0,0.0,0.0
U020078,treatment,IT,2026-04-20 17:56:36,1.0,1,24.99,0.0,0.0
U024487,control,DE,2026-04-20 18:10:39,2.0,1,78.96,0.0,0.0
U011880,treatment,DE,2026-04-20 18:14:35,0.0,0,0.0,0.0,0.0
U024489,control,DE,2026-04-20 18:15:20,1.0,1,16.19,0.0,0.0
U024488,treatment,DE,2026-04-20 18:15:53,1.0,1,17.99,0.0,0.0
U011573,control,IT,2026-04-20 18:21:38,2.0,1,73.46,0.0,0.0
U024491,treatment,DE,2026-04-20 18:26:35,1.0,1,32.28,1.0,0.0
U024490,control,DE,2026-04-20 18:27:38,1.0,1,29.99,0.0,0.0
U011749,control,IT,2026-04-20 18:35:27,0.0,0,0.0,0.0,0.0
U020311,treatment,IT,2026-04-20 18:36:41,1.0,1,29.73,1.0,0.0
U015398,treatment,IT,2026-04-20 18:48:45,0.0,0,0.0,0.0,0.0
U024492,treatment,DE,2026-04-20 18:53:31,1.0,1,24.99,0.0,0.0
U024493,control,DE,2026-04-20 18:56:22,1.0,1,31.98,0.0,0.0
U024494,control,DE,2026-04-20 19:00:45,2.0,1,161.15,0.0,0.0
U009274,treatment,DE,2026-04-20 19:01:44,1.0,1,96.97,0.0,0.0
U023891,treatment,IT,2026-04-20 19:59:08,0.0,0,0.0,0.0,0.0
U017390,control,IT,2026-04-20 20:08:04,2.0,1,87.96,0.0,0.0
U024495,control,DE,2026-04-20 20:19:52,1.0,1,29.68,0.0,0.0
U023349,control,IT,2026-04-20 20:27:30,1.0,1,47.97,0.0,0.0
U020453,control,IT,2026-04-20 20:29:09,0.0,0,0.0,0.0,0.0
U010773,control,IT,2026-04-20 20:52:17,1.0,1,14.99,0.0,0.0
U024496,control,IT,2026-04-20 20:56:00,1.0,1,43.98,0.0,0.0
U024497,treatment,DE,2026-04-20 20:58:36,1.0,1,16.99,0.0,0.0
U014114,treatment,DE,2026-04-20 21:24:11,0.0,0,0.0,0.0,0.0
U024498,treatment,DE,2026-04-20 21:27:02,2.0,1,112.71,2.0,1.0
U020522,treatment,IT,2026-04-20 21:39:43,1.0,1,34.73,1.0,0.0
U007875,control,IT,2026-04-20 21:44:00,1.0,1,17.99,0.0,0.0
U021358,control,IT,2026-04-20 21:45:24,0.0,0,0.0,0.0,0.0
U002669,treatment,DE,2026-04-20 21:52:14,1.0,1,21.99,0.0,0.0
U016851,treatment,DE,2026-04-20 21:54:27,0.0,0,0.0,0.0,0.0
U019509,treatment,IT,2026-04-20 22:06:28,0.0,0,0.0,0.0,0.0
U024500,control,DE,2026-04-20 22:23:51,1.0,1,21.59,0.0,0.0
U024499,treatment,IT,2026-04-20 22:24:05,1.0,1,23.99,0.0,0.0
U017549,control,DE,2026-04-20 22:43:59,1.0,1,48.98,0.0,0.0
U016658,control,DE,2026-04-20 22:45:06,0.0,0,0.0,0.0,0.0
U020430,treatment,DE,2026-04-20 22:55:59,1.0,1,28.99,0.0,0.0
U005504,control,DE,2026-04-20 23:01:32,1.0,1,50.98,0.0,0.0
U024501,control,DE,2026-04-20 23:21:07,1.0,1,34.98,0.0,0.0
U017058,treatment,IT,2026-04-20 23:28:21,0.0,0,0.0,0.0,0.0
U017862,control,DE,2026-04-20 23:37:32,1.0,1,21.99,0.0,0.0
U015343,treatment,DE,2026-04-20 23:42:22,0.0,0,0.0,0.0,0.0
U018945,control,IT,2026-04-20 23:44:20,0.0,0,0.0,0.0,0.0
U024109,control,DE,2026-04-20 23:47:03,1.0,1,34.98,0.0,0.0
U024502,control,DE,2026-04-20 23:58:06,1.0,1,32.98,0.0,0.0
U004939,treatment,DE,2026-04-21 00:05:37,2.0,1,137.68,1.0,0.0
U004355,treatment,DE,2026-04-21 00:18:22,0.0,0,0.0,0.0,0.0
U016123,treatment,DE,2026-04-21 00:22:00,0.0,0,0.0,0.0,0.0
U009660,control,DE,2026-04-21 00:27:12,1.0,1,55.97,0.0,0.0
U003097,control,IT,2026-04-21 00:31:01,1.0,1,104.96,0.0,0.0
U023346,treatment,DE,2026-04-21 00:32:03,0.0,0,0.0,0.0,0.0
U024503,treatment,IT,2026-04-21 00:45:33,1.0,1,80.22,1.0,0.0
U021245,treatment,IT,2026-04-21 00:47:20,1.0,1,44.99,0.0,0.0
U006736,control,DE,2026-04-21 00:53:52,2.0,1,81.98,0.0,0.0
U023259,control,IT,2026-04-21 01:03:20,0.0,0,0.0,0.0,0.0
U010264,treatment,DE,2026-04-21 01:22:25,2.0,1,69.97,0.0,0.0
U017183,control,IT,2026-04-21 01:24:55,0.0,0,0.0,0.0,0.0
U007095,control,DE,2026-04-21 01:39:44,1.0,1,34.98,0.0,0.0
U011906,treatment,DE,2026-04-21 01:42:09,0.0,0,0.0,0.0,0.0
U005092,treatment,DE,2026-04-21 02:00:56,0.0,0,0.0,0.0,0.0
U015036,control,DE,2026-04-21 02:00:58,0.0,0,0.0,0.0,0.0
U022654,treatment,DE,2026-04-21 02:30:07,0.0,0,0.0,0.0,0.0
U019171,control,IT,2026-04-21 02:31:07,1.0,1,12.99,0.0,0.0
U022313,treatment,IT,2026-04-21 02:37:00,1.0,1,96.97,0.0,0.0
U024504,control,IT,2026-04-21 03:10:51,1.0,1,46.98,0.0,0.0
U003372,control,DE,2026-04-21 03:28:37,1.0,1,97.96,0.0,0.0
U018556,treatment,IT,2026-04-21 03:31:12,0.0,0,0.0,0.0,0.0
U009424,control,DE,2026-04-21 03:32:01,2.0,1,248.94,0.0,0.0
U013957,control,IT,2026-04-21 03:36:18,1.0,1,39.98,0.0,0.0
U017473,control,DE,2026-04-21 03:53:35,1.0,1,54.97,0.0,0.0
U016752,control,DE,2026-04-21 04:11:14,1.0,1,104.97,0.0,0.0
U023281,treatment,IT,2026-04-21 04:29:33,0.0,0,0.0,0.0,0.0
U013093,control,DE,2026-04-21 04:41:59,0.0,0,0.0,0.0,0.0
U006134,control,IT,2026-04-21 04:43:29,0.0,0,0.0,0.0,0.0
U002745,treatment,DE,2026-04-21 05:10:05,3.0,1,121.94,1.0,0.0
U013219,control,DE,2026-04-21 05:19:53,1.0,1,24.99,0.0,0.0
U017111,control,IT,2026-04-21 05:37:15,0.0,0,0.0,0.0,0.0
U014243,control,DE,2026-04-21 05:45:43,1.0,1,19.99,0.0,0.0
U019039,control,DE,2026-04-21 06:02:04,0.0,0,0.0,0.0,0.0
U014702,control,DE,2026-04-21 06:17:24,0.0,0,0.0,0.0,0.0
U020801,treatment,DE,2026-04-21 06:57:47,1.0,1,104.97,0.0,0.0
U024205,treatment,IT,2026-04-21 07:06:49,1.0,1,28.99,0.0,0.0
U019062,control,DE,2026-04-21 07:12:55,1.0,1,44.98,0.0,0.0
U017485,control,DE,2026-04-21 07:32:00,1.0,1,19.99,0.0,0.0
U008489,control,DE,2026-04-21 07:34:56,3.0,1,175.93,0.0,0.0
U024505,control,DE,2026-04-21 07:46:04,4.0,1,275.91,0.0,0.0
U024507,control,IT,2026-04-21 07:48:09,2.0,1,43.98,0.0,1.0
U024506,treatment,DE,2026-04-21 07:55:34,1.0,1,90.57,1.0,0.0
U023579,control,IT,2026-04-21 07:57:02,1.0,1,59.99,0.0,0.0
U005914,control,IT,2026-04-21 08:00:40,2.0,1,214.93,0.0,0.0
U022363,treatment,IT,2026-04-21 08:00:44,1.0,1,68.98,1.0,0.0
U024508,treatment,IT,2026-04-21 08:03:45,1.0,1,21.99,0.0,0.0
U000833,treatment,DE,2026-04-21 08:07:15,0.0,0,0.0,0.0,0.0
U024510,treatment,DE,2026-04-21 08:20:53,1.0,1,56.72,1.0,0.0
U009283,treatment,DE,2026-04-21 08:27:06,0.0,0,0.0,0.0,0.0
U024509,control,IT,2026-04-21 08:32:43,1.0,1,49.47,0.0,0.0
U002901,treatment,DE,2026-04-21 08:41:28,2.0,1,87.96,0.0,0.0
U021215,control,DE,2026-04-21 08:48:32,0.0,0,0.0,0.0,0.0
U005080,control,DE,2026-04-21 09:10:46,1.0,1,19.99,0.0,0.0
U024511,control,DE,2026-04-21 09:14:10,1.0,1,15.29,0.0,0.0
U022370,control,DE,2026-04-21 09:22:36,0.0,0,0.0,0.0,0.0
U024131,treatment,DE,2026-04-21 09:31:58,0.0,0,0.0,0.0,0.0
U024512,control,DE,2026-04-21 09:34:43,1.0,1,14.99,0.0,0.0
U022245,treatment,IT,2026-04-21 09:47:19,0.0,0,0.0,0.0,0.0
U005112,treatment,DE,2026-04-21 09:54:46,0.0,0,0.0,0.0,0.0
U023541,treatment,DE,2026-04-21 10:15:10,0.0,0,0.0,0.0,0.0
U014456,control,IT,2026-04-21 10:24:55,0.0,0,0.0,0.0,0.0
U005809,treatment,IT,2026-04-21 10:27:23,0.0,0,0.0,0.0,0.0
U023491,control,IT,2026-04-21 10:32:04,0.0,0,0.0,0.0,0.0
U002191,treatment,IT,2026-04-21 10:36:54,2.0,1,253.93,1.0,0.0
U004551,treatment,DE,2026-04-21 10:38:29,0.0,0,0.0,0.0,0.0
U019858,control,IT,2026-04-21 10:41:54,2.0,1,51.97,0.0,1.0
U007405,control,DE,2026-04-21 11:02:40,2.0,1,154.95,0.0,0.0
U022485,treatment,DE,2026-04-21 11:20:51,1.0,1,27.73,1.0,0.0
U017537,control,IT,2026-04-21 11:33:12,1.0,1,43.98,0.0,0.0
U013253,treatment,DE,2026-04-21 11:34:36,1.0,1,19.99,0.0,0.0
U019794,control,DE,2026-04-21 11:35:12,1.0,1,14.99,0.0,0.0
U010330,treatment,DE,2026-04-21 11:39:15,1.0,1,148.97,0.0,0.0
U024513,control,DE,2026-04-21 11:40:06,1.0,1,19.99,0.0,0.0
U024514,control,DE,2026-04-21 11:55:41,1.0,1,16.19,0.0,0.0
U018832,treatment,DE,2026-04-21 11:58:11,1.0,1,59.72,1.0,0.0
U019572,control,IT,2026-04-21 12:12:41,0.0,0,0.0,0.0,0.0
U024058,treatment,IT,2026-04-21 12:17:29,0.0,0,0.0,0.0,0.0
U024515,treatment,DE,2026-04-21 12:23:23,1.0,1,24.29,0.0,0.0
U024516,treatment,IT,2026-04-21 12:49:59,1.0,1,40.48,0.0,0.0
U024517,control,DE,2026-04-21 12:53:51,1.0,1,58.47,0.0,0.0
U013509,treatment,IT,2026-04-21 13:08:40,0.0,0,0.0,0.0,0.0
U024518,treatment,DE,2026-04-21 13:15:05,1.0,1,21.99,0.0,1.0
U010804,treatment,IT,2026-04-21 13:27:42,0.0,0,0.0,0.0,0.0
U002801,treatment,IT,2026-04-21 13:35:35,2.0,1,251.91,0.0,0.0
U023352,control,IT,2026-04-21 13:49:02,0.0,0,0.0,0.0,0.0
U018533,treatment,IT,2026-04-21 13:53:08,0.0,0,0.0,0.0,0.0
U008292,control,DE,2026-04-21 14:19:13,1.0,1,29.99,0.0,0.0
U017256,treatment,IT,2026-04-21 14:26:42,1.0,1,74.98,0.0,0.0
U020569,treatment,IT,2026-04-21 14:29:53,1.0,1,52.98,0.0,0.0
U024519,control,IT,2026-04-21 14:46:10,1.0,1,32.38,0.0,0.0
U024520,control,IT,2026-04-21 14:50:19,1.0,1,16.99,0.0,0.0
U016482,treatment,DE,2026-04-21 14:53:00,0.0,0,0.0,0.0,0.0
U024521,treatment,IT,2026-04-21 15:10:16,1.0,1,32.73,1.0,0.0
U024523,treatment,IT,2026-04-21 15:27:50,2.0,1,170.95,1.0,0.0
U024524,control,IT,2026-04-21 15:33:23,1.0,1,46.78,0.0,0.0
U024522,control,DE,2026-04-21 15:35:59,1.0,1,28.99,0.0,0.0
U024525,treatment,DE,2026-04-21 15:43:51,2.0,1,125.95,1.0,0.0
U020627,control,IT,2026-04-21 15:50:49,1.0,1,34.98,0.0,0.0
U022659,treatment,DE,2026-04-21 15:58:15,0.0,0,0.0,0.0,0.0
U022619,treatment,DE,2026-04-21 15:59:03,2.0,1,77.96,0.0,0.0
U017495,control,DE,2026-04-21 16:08:18,0.0,0,0.0,0.0,0.0
U024526,control,DE,2026-04-21 16:09:59,1.0,1,21.99,0.0,0.0
U017926,treatment,DE,2026-04-21 16:19:48,0.0,0,0.0,0.0,0.0
U016966,control,IT,2026-04-21 16:19:57,0.0,0,0.0,0.0,0.0
U011314,treatment,IT,2026-04-21 16:20:05,0.0,0,0.0,0.0,0.0
U001363,treatment,DE,2026-04-21 16:25:13,0.0,0,0.0,0.0,0.0
U020773,treatment,DE,2026-04-21 16:37:57,0.0,0,0.0,0.0,0.0
U003227,control,DE,2026-04-21 16:38:21,1.0,1,46.98,0.0,0.0
U020863,control,IT,2026-04-21 16:44:10,0.0,0,0.0,0.0,0.0
U024527,treatment,IT,2026-04-21 16:45:07,1.0,1,44.08,0.0,0.0
U018121,treatment,DE,2026-04-21 16:58:56,0.0,0,0.0,0.0,0.0
U024528,control,DE,2026-04-21 17:40:59,2.0,1,57.97,0.0,0.0
U021604,treatment,IT,2026-04-21 17:44:23,0.0,0,0.0,0.0,0.0
U014120,treatment,DE,2026-04-21 17:47:30,1.0,1,44.98,0.0,0.0
U024529,control,DE,2026-04-21 17:53:08,1.0,1,16.99,0.0,0.0
U019599,control,IT,2026-04-21 17:58:44,1.0,1,81.98,0.0,0.0
U022379,control,IT,2026-04-21 18:08:58,0.0,0,0.0,0.0,0.0
U021305,control,IT,2026-04-21 18:09:17,0.0,0,0.0,0.0,0.0
U001418,control,IT,2026-04-21 18:27:17,0.0,0,0.0,0.0,0.0
U024103,treatment,IT,2026-04-21 18:28:22,0.0,0,0.0,0.0,0.0
U024530,control,DE,2026-04-21 18:34:53,2.0,1,26.98,0.0,0.0
U021582,control,DE,2026-04-21 18:35:39,0.0,0,0.0,0.0,0.0
U012068,control,DE,2026-04-21 18:44:26,0.0,0,0.0,0.0,0.0
U023878,treatment,DE,2026-04-21 18:45:15,1.0,1,71.97,0.0,0.0
U002927,control,IT,2026-04-21 18:54:55,1.0,1,139.97,0.0,0.0
U024532,control,DE,2026-04-21 19:23:56,1.0,1,50.38,0.0,0.0
U024531,control,DE,2026-04-21 19:27:11,1.0,1,19.79,0.0,0.0
U024533,control,IT,2026-04-21 19:36:39,2.0,1,50.97,0.0,0.0
U007495,treatment,IT,2026-04-21 20:15:09,0.0,0,0.0,0.0,0.0
U018276,control,DE,2026-04-21 20:17:03,1.0,1,19.99,0.0,0.0
U016554,treatment,IT,2026-04-21 20:21:06,0.0,0,0.0,0.0,0.0
U014920,control,DE,2026-04-21 20:35:57,0.0,0,0.0,0.0,0.0
U024051,treatment,DE,2026-04-21 20:50:20,0.0,0,0.0,0.0,0.0
U016650,control,IT,2026-04-21 21:07:44,0.0,0,0.0,0.0,0.0
U024534,treatment,DE,2026-04-21 21:11:54,1.0,1,24.29,0.0,0.0
U003262,treatment,DE,2026-04-21 21:35:16,1.0,1,54.98,0.0,0.0
U022550,treatment,DE,2026-04-21 21:52:36,0.0,0,0.0,0.0,0.0
U004511,treatment,DE,2026-04-21 22:04:44,2.0,1,51.97,1.0,0.0
U023970,control,DE,2026-04-21 22:10:30,0.0,0,0.0,0.0,0.0
U024535,control,IT,2026-04-21 22:40:37,1.0,1,116.95,0.0,0.0
U015412,treatment,DE,2026-04-21 22:46:26,0.0,0,0.0,0.0,0.0
U020781,control,DE,2026-04-21 23:03:40,0.0,0,0.0,0.0,0.0
U024536,control,DE,2026-04-21 23:18:42,1.0,1,39.98,0.0,0.0
U020717,control,IT,2026-04-21 23:31:19,1.0,1,49.98,0.0,0.0
U019205,treatment,IT,2026-04-21 23:42:25,0.0,0,0.0,0.0,0.0
U009923,treatment,DE,2026-04-22 00:08:50,1.0,1,41.98,1.0,0.0
U022308,treatment,DE,2026-04-22 00:55:49,1.0,1,24.99,0.0,0.0
U001731,control,DE,2026-04-22 01:23:19,0.0,0,0.0,0.0,0.0
U006345,treatment,IT,2026-04-22 01:34:37,0.0,0,0.0,0.0,0.0
U024537,control,IT,2026-04-22 01:35:55,1.0,1,21.99,0.0,0.0
U023027,control,IT,2026-04-22 01:40:11,0.0,0,0.0,0.0,0.0
U016327,treatment,DE,2026-04-22 01:42:03,2.0,1,53.97,1.0,0.0
U022976,control,IT,2026-04-22 01:54:46,1.0,1,34.98,0.0,0.0
U015496,treatment,IT,2026-04-22 01:57:45,0.0,0,0.0,0.0,0.0
U017440,treatment,DE,2026-04-22 02:02:13,1.0,1,14.99,0.0,0.0
U019416,treatment,DE,2026-04-22 02:40:45,1.0,1,12.99,0.0,0.0
U022836,treatment,DE,2026-04-22 02:43:42,0.0,0,0.0,0.0,0.0
U020845,treatment,DE,2026-04-22 02:49:55,0.0,0,0.0,0.0,0.0
U023752,treatment,DE,2026-04-22 02:54:36,0.0,0,0.0,0.0,0.0
U016068,control,IT,2026-04-22 02:55:19,0.0,0,0.0,0.0,0.0
U000468,control,DE,2026-04-22 03:08:51,0.0,0,0.0,0.0,0.0
U006865,treatment,IT,2026-04-22 03:14:51,2.0,1,128.94,0.0,0.0
U014457,control,IT,2026-04-22 03:17:43,0.0,0,0.0,0.0,0.0
U007347,treatment,DE,2026-04-22 03:25:24,0.0,0,0.0,0.0,0.0
U024538,control,DE,2026-04-22 03:28:40,1.0,1,26.99,0.0,0.0
U010507,treatment,DE,2026-04-22 03:43:43,0.0,0,0.0,0.0,0.0
U022974,control,DE,2026-04-22 03:50:56,0.0,0,0.0,0.0,0.0
U017967,control,DE,2026-04-22 04:01:50,1.0,1,39.98,0.0,0.0
U014026,control,DE,2026-04-22 04:07:06,0.0,0,0.0,0.0,0.0
U015354,control,IT,2026-04-22 04:08:05,1.0,1,44.97,0.0,0.0
U006680,treatment,IT,2026-04-22 04:17:57,1.0,1,16.99,0.0,0.0
U023070,treatment,IT,2026-04-22 04:18:50,0.0,0,0.0,0.0,0.0
U018894,control,IT,2026-04-22 04:19:57,0.0,0,0.0,0.0,0.0
U023174,treatment,DE,2026-04-22 04:21:09,0.0,0,0.0,0.0,0.0
U011034,treatment,IT,2026-04-22 04:58:18,1.0,1,28.73,1.0,0.0
U024539,control,IT,2026-04-22 05:22:09,1.0,1,21.99,0.0,0.0
U015598,control,IT,2026-04-22 05:26:19,0.0,0,0.0,0.0,0.0
U017293,treatment,IT,2026-04-22 05:33:13,0.0,0,0.0,0.0,0.0
U008765,treatment,DE,2026-04-22 05:41:13,2.0,1,44.98,0.0,0.0
U003335,control,DE,2026-04-22 05:42:40,0.0,0,0.0,0.0,0.0
U022066,control,IT,2026-04-22 05:53:11,0.0,0,0.0,0.0,0.0
U000065,treatment,DE,2026-04-22 06:01:41,0.0,0,0.0,0.0,0.0
U022424,treatment,DE,2026-04-22 06:10:19,0.0,0,0.0,0.0,0.0
U017320,treatment,IT,2026-04-22 06:25:33,1.0,1,78.96,0.0,0.0
U018799,treatment,DE,2026-04-22 06:30:16,1.0,1,33.98,0.0,0.0
U023737,treatment,DE,2026-04-22 06:34:13,1.0,1,39.73,1.0,0.0
U024540,treatment,DE,2026-04-22 06:35:27,1.0,1,32.28,1.0,0.0
U022757,control,DE,2026-04-22 06:39:09,0.0,0,0.0,0.0,0.0
U023076,treatment,DE,2026-04-22 06:59:34,0.0,0,0.0,0.0,0.0
U023041,treatment,DE,2026-04-22 07:12:59,0.0,0,0.0,0.0,0.0
U010787,control,IT,2026-04-22 07:22:01,0.0,0,0.0,0.0,0.0
U002108,control,IT,2026-04-22 07:26:30,0.0,0,0.0,0.0,0.0
U010414,control,DE,2026-04-22 07:27:08,0.0,0,0.0,0.0,0.0
U024541,control,DE,2026-04-22 07:30:14,1.0,1,14.39,0.0,0.0
U015621,treatment,DE,2026-04-22 07:40:40,1.0,1,19.99,0.0,0.0
U023204,control,DE,2026-04-22 08:31:28,1.0,1,19.99,0.0,0.0
U008571,control,DE,2026-04-22 08:44:27,0.0,0,0.0,0.0,0.0
U012316,treatment,IT,2026-04-22 08:44:47,0.0,0,0.0,0.0,0.0
U019563,treatment,DE,2026-04-22 08:51:26,0.0,0,0.0,0.0,0.0
U023332,treatment,IT,2026-04-22 08:59:41,2.0,1,117.7,1.0,0.0
U023118,control,DE,2026-04-22 09:10:01,0.0,0,0.0,0.0,0.0
U023711,treatment,DE,2026-04-22 09:14:47,0.0,0,0.0,0.0,0.0
U016230,control,IT,2026-04-22 09:24:28,0.0,0,0.0,0.0,0.0
U024542,control,IT,2026-04-22 09:35:28,1.0,1,39.98,0.0,0.0
U024543,treatment,IT,2026-04-22 09:45:10,1.0,1,15.29,0.0,0.0
U019753,control,DE,2026-04-22 09:46:24,0.0,0,0.0,0.0,0.0
U024544,treatment,DE,2026-04-22 09:58:38,1.0,1,29.99,0.0,0.0
U017131,treatment,IT,2026-04-22 10:01:15,0.0,0,0.0,0.0,0.0
U011158,treatment,DE,2026-04-22 10:09:20,0.0,0,0.0,0.0,0.0
U015858,control,DE,2026-04-22 10:15:22,0.0,0,0.0,0.0,0.0
U015136,treatment,IT,2026-04-22 10:22:10,0.0,0,0.0,0.0,0.0
U024545,control,IT,2026-04-22 10:24:30,1.0,1,34.98,0.0,1.0
U021074,treatment,IT,2026-04-22 10:27:29,0.0,0,0.0,0.0,0.0
U024546,control,IT,2026-04-22 10:39:40,1.0,1,15.29,0.0,0.0
U007101,control,DE,2026-04-22 11:04:27,1.0,1,19.99,0.0,0.0
U014777,control,IT,2026-04-22 11:16:00,0.0,0,0.0,0.0,0.0
U020650,treatment,IT,2026-04-22 11:16:46,0.0,0,0.0,0.0,0.0
U024548,control,DE,2026-04-22 11:33:37,1.0,1,43.98,0.0,0.0
U024547,control,IT,2026-04-22 11:38:51,1.0,1,12.99,0.0,0.0
U010407,treatment,IT,2026-04-22 11:48:07,0.0,0,0.0,0.0,0.0
U017359,treatment,DE,2026-04-22 11:52:25,0.0,0,0.0,0.0,0.0
U008168,treatment,DE,2026-04-22 11:58:23,0.0,0,0.0,0.0,0.0
U012280,treatment,DE,2026-04-22 12:27:35,0.0,0,0.0,0.0,0.0
U024549,control,DE,2026-04-22 12:42:06,1.0,1,29.98,0.0,0.0
U021687,control,IT,2026-04-22 12:46:37,0.0,0,0.0,0.0,0.0
U013930,treatment,DE,2026-04-22 12:56:10,3.0,1,124.95,1.0,0.0
U024550,treatment,DE,2026-04-22 13:05:02,1.0,1,17.99,0.0,0.0
U019338,treatment,DE,2026-04-22 13:05:30,0.0,0,0.0,0.0,0.0
U008436,treatment,DE,2026-04-22 13:19:40,0.0,0,0.0,0.0,0.0
U024552,control,DE,2026-04-22 13:40:36,1.0,1,16.19,0.0,0.0
U024551,treatment,DE,2026-04-22 13:46:41,1.0,1,53.97,0.0,0.0
U024553,control,DE,2026-04-22 13:47:40,1.0,1,24.29,0.0,0.0
U014989,control,DE,2026-04-22 13:57:31,0.0,0,0.0,0.0,0.0
U014066,control,DE,2026-04-22 14:07:29,0.0,0,0.0,0.0,0.0
U023557,control,IT,2026-04-22 14:16:07,1.0,1,179.96,0.0,0.0
U013956,control,DE,2026-04-22 14:17:32,0.0,0,0.0,0.0,0.0
U024554,treatment,DE,2026-04-22 14:19:33,1.0,1,54.97,0.0,0.0
U013073,treatment,DE,2026-04-22 14:42:05,1.0,1,29.98,0.0,0.0
U019300,treatment,DE,2026-04-22 15:00:23,0.0,0,0.0,0.0,0.0
U024555,control,IT,2026-04-22 15:03:03,1.0,1,26.99,0.0,0.0
U012784,treatment,IT,2026-04-22 15:15:30,2.0,1,155.24,1.0,0.0
U008285,treatment,DE,2026-04-22 15:18:20,2.0,1,147.93,0.0,0.0
U013445,treatment,DE,2026-04-22 15:45:02,1.0,1,19.99,0.0,0.0
U003354,control,IT,2026-04-22 15:49:04,0.0,0,0.0,0.0,0.0
U020350,treatment,DE,2026-04-22 16:11:01,0.0,0,0.0,0.0,0.0
U000765,control,IT,2026-04-22 16:11:51,0.0,0,0.0,0.0,0.0
U014333,treatment,DE,2026-04-22 16:36:34,0.0,0,0.0,0.0,0.0
U020721,control,IT,2026-04-22 16:38:23,1.0,1,92.97,0.0,0.0
U018505,treatment,DE,2026-04-22 16:39:27,0.0,0,0.0,0.0,0.0
U022222,control,DE,2026-04-22 17:03:57,1.0,1,25.18,0.0,1.0
U023318,treatment,IT,2026-04-22 17:21:15,1.0,1,77.97,1.0,0.0
U012826,control,DE,2026-04-22 17:21:54,2.0,1,109.66,0.0,0.0
U012319,treatment,DE,2026-04-22 17:23:19,1.0,1,21.99,0.0,0.0
U022748,treatment,IT,2026-04-22 17:24:16,1.0,1,93.97,0.0,0.0
U024557,treatment,IT,2026-04-22 17:36:21,1.0,1,26.99,0.0,0.0
U024556,treatment,IT,2026-04-22 17:43:59,2.0,1,77.75,0.0,0.0
U024558,control,IT,2026-04-22 18:00:25,1.0,1,26.99,0.0,0.0
U024559,control,DE,2026-04-22 18:00:30,2.0,1,83.96,0.0,0.0
U005549,control,DE,2026-04-22 18:39:39,0.0,0,0.0,0.0,0.0
U010067,control,DE,2026-04-22 18:47:44,1.0,1,31.98,0.0,0.0
U024560,control,DE,2026-04-22 18:52:13,1.0,1,34.18,0.0,0.0
U015206,treatment,IT,2026-04-22 18:55:47,1.0,1,81.97,0.0,1.0
U010093,control,DE,2026-04-22 19:05:41,1.0,1,30.98,0.0,0.0
U024561,control,DE,2026-04-22 19:09:27,1.0,1,42.28,0.0,0.0
U024562,control,DE,2026-04-22 19:17:59,2.0,1,114.97,0.0,0.0
U002609,control,IT,2026-04-22 19:32:56,1.0,1,24.99,0.0,1.0
U024564,control,DE,2026-04-22 19:41:25,1.0,1,16.99,0.0,0.0
U024563,treatment,IT,2026-04-22 19:48:27,1.0,1,55.67,1.0,0.0
U020041,control,DE,2026-04-22 19:52:27,0.0,0,0.0,0.0,0.0
U023818,control,DE,2026-04-22 20:00:55,0.0,0,0.0,0.0,0.0
U024565,control,IT,2026-04-22 20:02:08,1.0,1,36.98,0.0,0.0
U016222,treatment,IT,2026-04-22 20:08:05,1.0,1,96.97,0.0,0.0
U009798,treatment,IT,2026-04-22 20:14:35,0.0,0,0.0,0.0,0.0
U024566,control,DE,2026-04-22 20:20:46,1.0,1,40.47,0.0,0.0
U024567,treatment,IT,2026-04-22 20:24:07,1.0,1,17.99,0.0,0.0
U014420,treatment,DE,2026-04-22 20:26:06,1.0,1,45.98,1.0,0.0
U009592,treatment,DE,2026-04-22 20:47:13,0.0,0,0.0,0.0,0.0
U024570,treatment,IT,2026-04-22 20:49:19,1.0,1,93.97,0.0,0.0
U013950,control,IT,2026-04-22 20:52:04,1.0,1,77.97,0.0,0.0
U024569,control,DE,2026-04-22 20:57:38,1.0,1,44.98,0.0,0.0
U024568,control,DE,2026-04-22 21:01:32,1.0,1,17.99,0.0,0.0
U024571,control,DE,2026-04-22 21:29:03,1.0,1,19.79,0.0,0.0
U024572,control,DE,2026-04-22 21:33:13,1.0,1,36.98,0.0,0.0
U024573,control,DE,2026-04-22 21:58:28,1.0,1,35.98,0.0,0.0
U019574,treatment,DE,2026-04-22 22:15:49,1.0,1,36.73,1.0,0.0
U024575,control,IT,2026-04-22 22:21:08,1.0,1,26.99,0.0,0.0
U024574,treatment,IT,2026-04-22 22:21:32,2.0,1,43.47,1.0,0.0
U023503,treatment,IT,2026-04-22 22:23:33,0.0,0,0.0,0.0,0.0
U009632,control,DE,2026-04-22 22:37:15,0.0,0,0.0,0.0,0.0
U015721,control,IT,2026-04-22 22:38:51,1.0,1,37.98,0.0,0.0
U006128,control,IT,2026-04-22 22:39:21,1.0,1,69.96,0.0,0.0
U017084,control,DE,2026-04-22 22:52:52,0.0,0,0.0,0.0,0.0
U024171,treatment,DE,2026-04-22 22:58:27,2.0,1,168.68,2.0,1.0
U019751,control,DE,2026-04-22 23:05:33,1.0,1,14.99,0.0,0.0
U012107,treatment,DE,2026-04-22 23:10:16,0.0,0,0.0,0.0,0.0
U024576,treatment,DE,2026-04-22 23:21:13,1.0,1,16.19,0.0,0.0
U014376,control,IT,2026-04-22 23:23:02,0.0,0,0.0,0.0,0.0
U024577,control,IT,2026-04-22 23:31:51,1.0,1,51.97,0.0,0.0
U024578,control,DE,2026-04-22 23:32:39,1.0,1,34.98,0.0,0.0
U009176,treatment,IT,2026-04-22 23:38:42,3.0,1,253.66,1.0,0.0
U003019,treatment,IT,2026-04-22 23:43:34,2.0,1,233.41,2.0,0.0
U018313,treatment,DE,2026-04-22 23:46:34,0.0,0,0.0,0.0,0.0
U023925,control,DE,2026-04-22 23:53:13,0.0,0,0.0,0.0,0.0
U013329,treatment,DE,2026-04-22 23:54:53,0.0,0,0.0,0.0,0.0
U023230,treatment,DE,2026-04-23 00:05:23,0.0,0,0.0,0.0,0.0
U024579,control,DE,2026-04-23 00:08:24,1.0,1,29.99,0.0,0.0
U021016,treatment,IT,2026-04-23 00:10:11,0.0,0,0.0,0.0,0.0
U016504,control,IT,2026-04-23 00:42:31,0.0,0,0.0,0.0,0.0
U020052,treatment,IT,2026-04-23 00:49:19,1.0,1,39.99,0.0,0.0
U023234,treatment,IT,2026-04-23 00:58:50,1.0,1,40.97,0.0,0.0
U016612,control,IT,2026-04-23 01:28:15,0.0,0,0.0,0.0,0.0
U013256,control,IT,2026-04-23 01:42:40,1.0,1,14.99,0.0,1.0
U011778,treatment,DE,2026-04-23 02:04:20,1.0,1,49.97,0.0,0.0
U001704,control,IT,2026-04-23 02:18:25,1.0,1,71.98,0.0,0.0
U024183,treatment,IT,2026-04-23 02:27:21,1.0,1,118.96,0.0,0.0
U012841,control,DE,2026-04-23 03:02:14,1.0,1,19.99,0.0,0.0
U020133,treatment,IT,2026-04-23 03:27:03,1.0,1,67.72,1.0,0.0
U008566,treatment,IT,2026-04-23 03:54:01,1.0,1,56.22,1.0,0.0
U005847,control,IT,2026-04-23 04:00:07,0.0,0,0.0,0.0,0.0
U022232,control,IT,2026-04-23 04:15:34,0.0,0,0.0,0.0,0.0
U012647,treatment,IT,2026-04-23 04:17:02,0.0,0,0.0,0.0,0.0
U021716,treatment,DE,2026-04-23 04:35:13,1.0,1,71.22,1.0,0.0
U016828,control,DE,2026-04-23 04:37:40,1.0,1,92.97,0.0,0.0
U022487,treatment,DE,2026-04-23 04:50:22,1.0,1,29.99,0.0,0.0
U000734,control,DE,2026-04-23 05:03:41,0.0,0,0.0,0.0,0.0
U002659,control,DE,2026-04-23 05:09:01,1.0,1,19.99,0.0,0.0
U011261,control,DE,2026-04-23 05:14:29,0.0,0,0.0,0.0,0.0
U003582,treatment,DE,2026-04-23 05:25:11,0.0,0,0.0,0.0,0.0
U007632,treatment,IT,2026-04-23 05:42:56,1.0,1,41.98,0.0,0.0
U019707,treatment,IT,2026-04-23 05:47:18,2.0,1,90.7,1.0,0.0
U024580,treatment,DE,2026-04-23 05:49:11,1.0,1,41.28,1.0,0.0
U024581,treatment,DE,2026-04-23 05:49:28,1.0,1,131.95,0.0,0.0
U022380,treatment,DE,2026-04-23 05:53:45,0.0,0,0.0,0.0,0.0
U020830,control,DE,2026-04-23 06:03:02,0.0,0,0.0,0.0,0.0
U023459,control,DE,2026-04-23 06:16:32,0.0,0,0.0,0.0,0.0
U014113,control,IT,2026-04-23 06:17:40,0.0,0,0.0,0.0,0.0
U019357,control,DE,2026-04-23 06:20:29,0.0,0,0.0,0.0,0.0
U021441,control,IT,2026-04-23 07:07:14,0.0,0,0.0,0.0,0.0
U024582,control,IT,2026-04-23 07:17:42,1.0,1,26.99,0.0,0.0
U023264,treatment,DE,2026-04-23 07:21:13,0.0,0,0.0,0.0,0.0
U024583,treatment,DE,2026-04-23 07:39:12,1.0,1,17.99,0.0,0.0
U021735,treatment,DE,2026-04-23 07:57:11,1.0,1,108.95,1.0,0.0
U024584,control,DE,2026-04-23 08:00:53,1.0,1,39.98,0.0,0.0
U003567,control,DE,2026-04-23 08:15:24,2.0,1,207.96,0.0,0.0
U018109,treatment,IT,2026-04-23 08:20:31,0.0,0,0.0,0.0,0.0
U024586,treatment,DE,2026-04-23 08:27:26,1.0,1,25.19,0.0,0.0
U014449,treatment,IT,2026-04-23 08:32:33,0.0,0,0.0,0.0,0.0
U024585,control,DE,2026-04-23 08:40:07,1.0,1,17.99,0.0,0.0
U021135,treatment,DE,2026-04-23 08:45:22,1.0,1,49.98,0.0,0.0
U014993,treatment,IT,2026-04-23 08:55:00,0.0,0,0.0,0.0,0.0
U008594,treatment,DE,2026-04-23 09:00:30,2.0,1,190.42,2.0,0.0
U023333,control,DE,2026-04-23 09:13:01,0.0,0,0.0,0.0,0.0
U024587,control,IT,2026-04-23 09:26:48,1.0,1,19.79,0.0,0.0
U004706,treatment,IT,2026-04-23 09:31:16,2.0,1,88.71,2.0,0.0
U014551,control,DE,2026-04-23 09:44:41,0.0,0,0.0,0.0,0.0
U012031,control,IT,2026-04-23 09:50:41,0.0,0,0.0,0.0,0.0
U000841,control,DE,2026-04-23 09:57:54,0.0,0,0.0,0.0,0.0
U024589,control,DE,2026-04-23 10:15:01,2.0,1,213.14,0.0,0.0
U023758,treatment,DE,2026-04-23 10:16:12,1.0,1,62.72,1.0,0.0
U024588,treatment,DE,2026-04-23 10:21:44,1.0,1,40.73,1.0,0.0
U010011,control,IT,2026-04-23 10:28:34,2.0,1,88.97,0.0,0.0
U023179,control,DE,2026-04-23 10:36:05,0.0,0,0.0,0.0,0.0
U023384,treatment,DE,2026-04-23 11:08:06,2.0,1,103.7,1.0,0.0
U024590,treatment,DE,2026-04-23 11:49:21,2.0,1,97.95,2.0,0.0
U019583,treatment,IT,2026-04-23 11:49:40,1.0,1,59.99,0.0,0.0
U024591,control,DE,2026-04-23 11:52:11,1.0,1,11.69,0.0,0.0
U006946,control,DE,2026-04-23 12:00:04,2.0,1,131.96,0.0,0.0
U002046,control,IT,2026-04-23 12:17:24,1.0,1,34.98,0.0,0.0
U020664,control,DE,2026-04-23 12:17:49,1.0,1,15.29,0.0,0.0
U024592,control,DE,2026-04-23 12:25:00,1.0,1,13.49,0.0,0.0
U021677,treatment,DE,2026-04-23 12:26:29,2.0,1,139.95,1.0,0.0
U024593,treatment,DE,2026-04-23 12:27:39,1.0,1,48.22,1.0,0.0
U021375,treatment,DE,2026-04-23 12:36:50,1.0,1,102.95,0.0,0.0
U024594,control,DE,2026-04-23 13:07:45,1.0,1,19.99,0.0,0.0
U023745,treatment,DE,2026-04-23 13:11:06,2.0,1,89.98,0.0,1.0
U024596,control,DE,2026-04-23 13:25:51,1.0,1,16.99,0.0,0.0
U020254,control,IT,2026-04-23 13:28:42,0.0,0,0.0,0.0,0.0
U024595,control,DE,2026-04-23 13:29:00,1.0,1,37.78,0.0,0.0
U023661,control,DE,2026-04-23 13:29:50,2.0,1,47.97,0.0,0.0
U024597,control,DE,2026-04-23 13:59:35,1.0,1,35.08,0.0,0.0
U024598,treatment,IT,2026-04-23 14:02:08,1.0,1,32.98,1.0,0.0
U018303,control,DE,2026-04-23 14:02:08,1.0,1,69.98,0.0,0.0
U014741,control,DE,2026-04-23 14:07:35,0.0,0,0.0,0.0,0.0
U021856,treatment,IT,2026-04-23 14:14:00,0.0,0,0.0,0.0,0.0
U018623,control,DE,2026-04-23 14:14:12,1.0,1,19.99,0.0,0.0
U020204,control,DE,2026-04-23 14:17:46,0.0,0,0.0,0.0,0.0
U024600,treatment,DE,2026-04-23 14:30:00,1.0,1,33.18,1.0,0.0
U024599,control,IT,2026-04-23 14:30:31,1.0,1,22.49,0.0,0.0
U024601,treatment,IT,2026-04-23 15:00:08,1.0,1,22.49,0.0,0.0
U024602,treatment,IT,2026-04-23 15:04:16,1.0,1,43.98,1.0,0.0
U022800,control,IT,2026-04-23 15:05:48,0.0,0,0.0,0.0,0.0
U012605,control,DE,2026-04-23 15:43:16,2.0,1,29.98,0.0,0.0
U024603,treatment,IT,2026-04-23 15:44:21,1.0,1,35.98,0.0,0.0
U023589,control,DE,2026-04-23 15:49:06,0.0,0,0.0,0.0,0.0
U012727,control,DE,2026-04-23 15:53:37,0.0,0,0.0,0.0,0.0
U000871,treatment,IT,2026-04-23 16:05:08,0.0,0,0.0,0.0,0.0
U021567,control,DE,2026-04-23 16:07:08,1.0,1,31.98,0.0,0.0
U022844,treatment,DE,2026-04-23 16:14:59,0.0,0,0.0,0.0,0.0
U021036,control,DE,2026-04-23 16:45:21,0.0,0,0.0,0.0,0.0
U011688,treatment,DE,2026-04-23 17:06:50,1.0,1,71.22,1.0,0.0
U016022,control,DE,2026-04-23 17:10:23,0.0,0,0.0,0.0,0.0
U013656,control,DE,2026-04-23 17:14:17,0.0,0,0.0,0.0,0.0
U015104,control,DE,2026-04-23 17:15:28,1.0,1,12.99,0.0,0.0
U003660,treatment,IT,2026-04-23 17:49:11,0.0,0,0.0,0.0,0.0
U019832,treatment,DE,2026-04-23 17:50:01,1.0,1,93.96,1.0,0.0
U018621,treatment,DE,2026-04-23 18:04:50,0.0,0,0.0,0.0,0.0
U011544,treatment,DE,2026-04-23 18:06:40,0.0,0,0.0,0.0,0.0
U024604,control,IT,2026-04-23 18:06:57,1.0,1,19.79,0.0,0.0
U020616,control,DE,2026-04-23 18:19:02,0.0,0,0.0,0.0,0.0
U023732,control,DE,2026-04-23 18:31:16,0.0,0,0.0,0.0,0.0
U011411,control,IT,2026-04-23 18:39:42,0.0,0,0.0,0.0,0.0
U024605,treatment,DE,2026-04-23 18:41:47,1.0,1,86.98,0.0,0.0
U024606,treatment,IT,2026-04-23 18:43:25,1.0,1,16.99,0.0,0.0
U024607,control,DE,2026-04-23 18:43:35,1.0,1,15.99,0.0,0.0
U022832,control,DE,2026-04-23 18:55:01,1.0,1,99.98,0.0,0.0
U024608,treatment,DE,2026-04-23 18:56:11,1.0,1,52.18,0.0,0.0
U017128,treatment,IT,2026-04-23 18:58:00,0.0,0,0.0,0.0,0.0
U024609,control,DE,2026-04-23 19:03:00,1.0,1,78.97,0.0,0.0
U000290,treatment,IT,2026-04-23 19:07:38,1.0,1,49.98,0.0,0.0
U020205,control,DE,2026-04-23 19:13:12,0.0,0,0.0,0.0,0.0
U020502,treatment,IT,2026-04-23 19:16:12,1.0,1,37.98,0.0,0.0
U009764,treatment,IT,2026-04-23 19:34:13,0.0,0,0.0,0.0,0.0
U024610,treatment,IT,2026-04-23 19:46:08,1.0,1,61.97,0.0,0.0
U013154,treatment,DE,2026-04-23 19:48:29,1.0,1,28.99,0.0,0.0
U023618,control,DE,2026-04-23 19:58:16,0.0,0,0.0,0.0,0.0
U006502,control,DE,2026-04-23 19:58:27,2.0,1,103.97,0.0,0.0
U000840,control,DE,2026-04-23 20:04:47,1.0,1,66.97,0.0,0.0
U004123,treatment,DE,2026-04-23 20:10:37,1.0,1,207.68,1.0,0.0
U024611,control,IT,2026-04-23 20:26:04,1.0,1,44.98,0.0,0.0
U018777,control,DE,2026-04-23 20:47:11,2.0,1,79.97,0.0,0.0
U024612,treatment,DE,2026-04-23 20:57:04,1.0,1,26.99,0.0,0.0
U017223,treatment,DE,2026-04-23 20:58:31,0.0,0,0.0,0.0,0.0
U024613,treatment,DE,2026-04-23 21:03:57,1.0,1,53.98,0.0,0.0
U023694,treatment,DE,2026-04-23 21:16:07,0.0,0,0.0,0.0,0.0
U022056,treatment,DE,2026-04-23 21:35:44,0.0,0,0.0,0.0,0.0
U016533,control,DE,2026-04-23 21:49:31,0.0,0,0.0,0.0,0.0
U024614,treatment,DE,2026-04-23 21:52:07,1.0,1,40.48,0.0,0.0
U011442,treatment,DE,2026-04-23 21:54:55,0.0,0,0.0,0.0,0.0
U019224,control,IT,2026-04-23 22:03:35,0.0,0,0.0,0.0,0.0
U014694,control,DE,2026-04-23 22:06:07,1.0,1,37.98,0.0,0.0
U024615,control,IT,2026-04-23 22:09:06,2.0,1,99.96,0.0,0.0
U024616,control,DE,2026-04-23 22:10:03,1.0,1,38.98,0.0,0.0
U012993,treatment,IT,2026-04-23 22:15:41,0.0,0,0.0,0.0,0.0
U023427,treatment,DE,2026-04-23 22:16:18,2.0,1,144.94,0.0,1.0
U023688,control,IT,2026-04-23 22:18:23,1.0,1,193.95,0.0,0.0
U024617,control,DE,2026-04-23 22:29:36,1.0,1,41.98,0.0,0.0
U014944,control,IT,2026-04-23 22:41:45,0.0,0,0.0,0.0,0.0
U021005,treatment,IT,2026-04-23 22:43:50,0.0,0,0.0,0.0,0.0
U018734,treatment,DE,2026-04-23 23:13:59,3.0,1,166.94,0.0,0.0
U009187,control,IT,2026-04-23 23:22:41,0.0,0,0.0,0.0,0.0
U020881,control,IT,2026-04-23 23:34:54,0.0,0,0.0,0.0,0.0
U018622,treatment,DE,2026-04-23 23:44:25,0.0,0,0.0,0.0,0.0
U020296,treatment,IT,2026-04-23 23:53:29,0.0,0,0.0,0.0,0.0
U017401,treatment,DE,2026-04-23 23:58:54,2.0,1,99.21,1.0,0.0
U002972,treatment,IT,2026-04-23 23:59:50,1.0,1,74.98,0.0,0.0
U014454,control,IT,2026-04-24 00:03:26,1.0,1,104.97,0.0,0.0
U021185,control,IT,2026-04-24 00:04:32,1.0,1,24.99,0.0,0.0
U020383,control,IT,2026-04-24 00:14:11,0.0,0,0.0,0.0,0.0
U024619,control,IT,2026-04-24 00:24:15,1.0,1,32.98,0.0,0.0
U022042,control,DE,2026-04-24 00:29:52,0.0,0,0.0,0.0,0.0
U024618,treatment,IT,2026-04-24 00:30:36,1.0,1,19.79,0.0,0.0
U020346,treatment,IT,2026-04-24 00:33:47,0.0,0,0.0,0.0,0.0
U015761,treatment,IT,2026-04-24 00:49:59,1.0,1,23.99,0.0,0.0
U019991,treatment,DE,2026-04-24 00:59:19,0.0,0,0.0,0.0,0.0
U024620,treatment,DE,2026-04-24 01:12:08,1.0,1,76.97,1.0,0.0
U009359,control,DE,2026-04-24 01:17:53,0.0,0,0.0,0.0,0.0
U020887,control,DE,2026-04-24 01:25:42,0.0,0,0.0,0.0,0.0
U002292,control,DE,2026-04-24 01:40:56,0.0,0,0.0,0.0,0.0
U006487,control,IT,2026-04-24 01:46:51,1.0,1,101.97,0.0,0.0
U003075,control,DE,2026-04-24 01:53:46,1.0,1,61.98,0.0,0.0
U020632,treatment,DE,2026-04-24 02:40:20,1.0,1,37.73,1.0,0.0
U017000,treatment,DE,2026-04-24 02:57:01,0.0,0,0.0,0.0,0.0
U019204,treatment,DE,2026-04-24 02:58:23,2.0,1,104.97,0.0,0.0
U019901,treatment,DE,2026-04-24 03:05:11,1.0,1,45.98,0.0,0.0
U011853,control,DE,2026-04-24 03:18:05,0.0,0,0.0,0.0,0.0
U006784,treatment,IT,2026-04-24 03:20:53,1.0,1,72.72,1.0,1.0
U014319,control,IT,2026-04-24 03:30:51,1.0,1,28.99,0.0,0.0
U018959,control,IT,2026-04-24 03:49:49,0.0,0,0.0,0.0,0.0
U013630,treatment,IT,2026-04-24 04:00:30,1.0,1,19.99,0.0,0.0
U018490,control,IT,2026-04-24 04:45:56,1.0,1,124.97,0.0,0.0
U020100,control,DE,2026-04-24 04:55:51,2.0,1,155.93,0.0,0.0
U011555,control,DE,2026-04-24 05:11:04,0.0,0,0.0,0.0,0.0
U004171,control,IT,2026-04-24 05:13:02,2.0,1,260.93,0.0,0.0
U023417,control,DE,2026-04-24 05:13:23,0.0,0,0.0,0.0,0.0
U003571,treatment,DE,2026-04-24 05:13:57,0.0,0,0.0,0.0,0.0
U021013,control,IT,2026-04-24 05:26:20,1.0,1,56.98,0.0,0.0
U018251,treatment,DE,2026-04-24 05:43:32,0.0,0,0.0,0.0,0.0
U013571,treatment,IT,2026-04-24 05:54:08,0.0,0,0.0,0.0,0.0
U008591,treatment,IT,2026-04-24 06:26:13,1.0,1,89.98,0.0,0.0
U017356,control,IT,2026-04-24 06:36:10,0.0,0,0.0,0.0,0.0
U011769,control,DE,2026-04-24 06:43:39,0.0,0,0.0,0.0,0.0
U020696,control,DE,2026-04-24 06:44:22,1.0,1,24.99,0.0,0.0
U015120,control,DE,2026-04-24 07:24:49,2.0,1,131.94,0.0,0.0
U015651,control,DE,2026-04-24 07:32:03,0.0,0,0.0,0.0,0.0
U024621,control,DE,2026-04-24 07:36:03,1.0,1,62.97,0.0,0.0
U023674,control,IT,2026-04-24 08:02:32,0.0,0,0.0,0.0,0.0
U015643,control,DE,2026-04-24 08:06:36,0.0,0,0.0,0.0,0.0
U018081,control,IT,2026-04-24 08:22:10,0.0,0,0.0,0.0,0.0
U024622,treatment,DE,2026-04-24 08:44:30,1.0,1,75.22,1.0,0.0
U006731,treatment,DE,2026-04-24 09:10:58,1.0,1,14.99,0.0,0.0
U024624,treatment,DE,2026-04-24 09:12:35,1.0,1,39.98,0.0,0.0
U024623,control,DE,2026-04-24 09:29:11,1.0,1,44.98,0.0,0.0
U024625,treatment,DE,2026-04-24 09:46:17,2.0,1,56.72,1.0,0.0
U006929,treatment,IT,2026-04-24 09:48:09,0.0,0,0.0,0.0,0.0
U018130,control,IT,2026-04-24 09:51:16,1.0,1,16.99,0.0,0.0
U022904,control,IT,2026-04-24 09:56:07,1.0,1,21.99,0.0,0.0
U012081,control,IT,2026-04-24 10:24:26,0.0,0,0.0,0.0,0.0
U016935,treatment,DE,2026-04-24 10:31:01,0.0,0,0.0,0.0,0.0
U024626,treatment,DE,2026-04-24 10:31:09,0.0,0,0.0,0.0,0.0
U018612,treatment,IT,2026-04-24 10:35:16,0.0,0,0.0,0.0,0.0
U020979,control,DE,2026-04-24 10:41:50,0.0,0,0.0,0.0,0.0
U024627,control,IT,2026-04-24 11:11:12,1.0,1,28.99,0.0,0.0
U010717,treatment,DE,2026-04-24 11:15:24,0.0,0,0.0,0.0,0.0
U022621,control,DE,2026-04-24 11:26:57,0.0,0,0.0,0.0,0.0
U001244,treatment,DE,2026-04-24 11:30:44,0.0,0,0.0,0.0,0.0
U024628,control,IT,2026-04-24 11:36:02,1.0,1,17.99,0.0,0.0
U020919,control,IT,2026-04-24 11:48:49,0.0,0,0.0,0.0,0.0
U017472,treatment,IT,2026-04-24 11:49:16,1.0,1,44.98,0.0,0.0
U024629,treatment,DE,2026-04-24 11:57:11,1.0,1,11.99,0.0,0.0
U004490,treatment,DE,2026-04-24 12:32:14,1.0,1,94.97,1.0,0.0
U015562,treatment,DE,2026-04-24 12:54:18,0.0,0,0.0,0.0,0.0
U024630,control,IT,2026-04-24 13:02:18,1.0,1,98.96,0.0,0.0
U024631,treatment,DE,2026-04-24 13:53:22,1.0,1,13.49,0.0,0.0
U011116,control,IT,2026-04-24 14:02:28,0.0,0,0.0,0.0,0.0
U022316,control,DE,2026-04-24 14:05:13,1.0,1,39.99,0.0,0.0
U015066,treatment,DE,2026-04-24 14:08:39,1.0,1,79.98,0.0,0.0
U008993,control,IT,2026-04-24 14:16:37,0.0,0,0.0,0.0,0.0
U016959,control,DE,2026-04-24 14:21:50,0.0,0,0.0,0.0,0.0
U024632,treatment,DE,2026-04-24 14:23:35,1.0,1,37.78,0.0,0.0
U023830,control,DE,2026-04-24 14:37:46,0.0,0,0.0,0.0,0.0
U001383,treatment,DE,2026-04-24 15:10:40,1.0,1,39.99,0.0,0.0
U019666,treatment,DE,2026-04-24 15:24:20,0.0,0,0.0,0.0,0.0
U024633,control,IT,2026-04-24 15:33:46,1.0,1,16.99,0.0,1.0
U012224,control,DE,2026-04-24 15:39:42,0.0,0,0.0,0.0,0.0
U024634,control,DE,2026-04-24 15:40:50,1.0,1,16.99,0.0,0.0
U005127,control,IT,2026-04-24 15:41:35,1.0,1,34.98,0.0,0.0
U024167,treatment,DE,2026-04-24 15:50:52,1.0,1,24.99,0.0,0.0
U007393,treatment,DE,2026-04-24 16:01:04,1.0,1,44.98,0.0,0.0
U019692,control,DE,2026-04-24 16:04:39,0.0,0,0.0,0.0,0.0
U013875,treatment,IT,2026-04-24 16:06:27,0.0,0,0.0,0.0,0.0
U009727,treatment,DE,2026-04-24 16:13:47,1.0,1,90.97,0.0,0.0
U022536,control,IT,2026-04-24 16:23:06,0.0,0,0.0,0.0,0.0
U023909,treatment,DE,2026-04-24 16:23:41,0.0,0,0.0,0.0,0.0
U021082,treatment,DE,2026-04-24 16:51:18,1.0,1,62.72,1.0,0.0
U013635,control,DE,2026-04-24 16:58:40,3.0,1,196.93,0.0,0.0
U024635,control,DE,2026-04-24 17:16:42,1.0,1,33.28,0.0,0.0
U013130,treatment,IT,2026-04-24 17:21:39,0.0,0,0.0,0.0,0.0
U004020,treatment,IT,2026-04-24 17:23:51,1.0,1,14.99,0.0,0.0
U001869,control,IT,2026-04-24 17:44:57,0.0,0,0.0,0.0,0.0
U022490,control,DE,2026-04-24 17:45:55,1.0,1,34.99,0.0,0.0
U022648,control,DE,2026-04-24 17:50:02,0.0,0,0.0,0.0,0.0
U011489,control,DE,2026-04-24 17:50:08,0.0,0,0.0,0.0,0.0
U005055,treatment,DE,2026-04-24 18:00:00,1.0,1,86.97,1.0,0.0
U003115,control,DE,2026-04-24 18:06:55,1.0,1,27.99,0.0,0.0
U022570,treatment,IT,2026-04-24 18:18:30,0.0,0,0.0,0.0,0.0
U023400,control,DE,2026-04-24 18:25:10,0.0,0,0.0,0.0,0.0
U002897,treatment,IT,2026-04-24 18:27:55,0.0,0,0.0,0.0,0.0
U020959,control,DE,2026-04-24 18:42:39,2.0,1,103.97,0.0,0.0
U024636,control,IT,2026-04-24 18:45:30,1.0,1,21.99,0.0,0.0
U024637,control,DE,2026-04-24 18:49:07,1.0,1,36.98,0.0,0.0
U024638,control,IT,2026-04-24 18:57:45,1.0,1,41.98,0.0,0.0
U002784,control,DE,2026-04-24 19:02:19,0.0,0,0.0,0.0,0.0
U024017,treatment,IT,2026-04-24 19:12:03,0.0,0,0.0,0.0,0.0
U024639,control,IT,2026-04-24 19:25:05,1.0,1,41.98,0.0,0.0
U024640,control,DE,2026-04-24 19:42:20,1.0,1,15.29,0.0,0.0
U020419,treatment,IT,2026-04-24 19:49:14,0.0,0,0.0,0.0,0.0
U014726,control,DE,2026-04-24 19:51:31,0.0,0,0.0,0.0,0.0
U024641,treatment,DE,2026-04-24 19:55:25,2.0,1,111.45,2.0,0.0
U023128,control,IT,2026-04-24 20:31:48,1.0,1,62.98,0.0,0.0
U004008,treatment,DE,2026-04-24 20:37:36,1.0,1,138.19,1.0,0.0
U024642,control,DE,2026-04-24 20:44:00,1.0,1,29.99,0.0,0.0
U011426,treatment,DE,2026-04-24 21:11:49,1.0,1,71.97,1.0,0.0
U009430,treatment,IT,2026-04-24 21:13:12,0.0,0,0.0,0.0,0.0
U022812,control,IT,2026-04-24 21:43:18,0.0,0,0.0,0.0,0.0
U024644,control,IT,2026-04-24 22:02:33,1.0,1,16.99,0.0,0.0
U024643,treatment,DE,2026-04-24 22:06:26,1.0,1,13.49,0.0,0.0
U005965,treatment,DE,2026-04-24 22:15:52,0.0,0,0.0,0.0,0.0
U017195,control,DE,2026-04-24 22:23:57,0.0,0,0.0,0.0,0.0
U024645,control,IT,2026-04-24 22:27:27,1.0,1,34.98,0.0,0.0
U023148,control,DE,2026-04-24 22:33:01,0.0,0,0.0,0.0,0.0
U024646,control,DE,2026-04-24 23:03:27,1.0,1,36.98,0.0,0.0
U007716,treatment,IT,2026-04-24 23:03:56,0.0,0,0.0,0.0,0.0
U022359,control,DE,2026-04-24 23:15:17,1.0,1,56.97,0.0,0.0
U022395,treatment,IT,2026-04-24 23:32:12,0.0,0,0.0,0.0,0.0
U020462,control,IT,2026-04-25 00:00:32,0.0,0,0.0,0.0,0.0
U009515,control,DE,2026-04-25 00:06:18,1.0,1,27.98,0.0,0.0
U022412,control,DE,2026-04-25 00:22:27,0.0,0,0.0,0.0,0.0
U010728,treatment,IT,2026-04-25 00:31:39,1.0,1,149.96,0.0,0.0
U008784,treatment,DE,2026-04-25 00:57:58,0.0,0,0.0,0.0,0.0
U016183,control,DE,2026-04-25 01:06:19,1.0,1,14.99,0.0,0.0
U001241,control,IT,2026-04-25 01:49:17,1.0,1,94.97,0.0,0.0
U014674,control,DE,2026-04-25 02:02:28,2.0,1,92.95,0.0,0.0
U010709,treatment,DE,2026-04-25 02:04:48,0.0,0,0.0,0.0,0.0
U024073,control,IT,2026-04-25 02:46:38,0.0,0,0.0,0.0,0.0
U006403,treatment,DE,2026-04-25 03:15:30,0.0,0,0.0,0.0,0.0
U019147,treatment,DE,2026-04-25 03:18:06,0.0,0,0.0,0.0,0.0
U024647,control,DE,2026-04-25 03:46:19,1.0,1,14.99,0.0,0.0
U019870,treatment,DE,2026-04-25 03:53:34,0.0,0,0.0,0.0,0.0
U023801,treatment,DE,2026-04-25 04:11:42,1.0,1,59.99,0.0,0.0
U023992,treatment,DE,2026-04-25 04:13:34,0.0,0,0.0,0.0,0.0
U018098,control,IT,2026-04-25 05:43:08,0.0,0,0.0,0.0,0.0
U020288,control,IT,2026-04-25 06:33:20,0.0,0,0.0,0.0,0.0
U024648,treatment,DE,2026-04-25 06:53:38,2.0,1,119.69,1.0,0.0
U024101,control,DE,2026-04-25 06:53:47,0.0,0,0.0,0.0,0.0
U023761,control,IT,2026-04-25 06:55:09,0.0,0,0.0,0.0,0.0
U001582,treatment,IT,2026-04-25 07:09:36,0.0,0,0.0,0.0,0.0
U010419,control,IT,2026-04-25 07:23:43,1.0,1,64.97,0.0,0.0
U010117,control,IT,2026-04-25 07:31:41,0.0,0,0.0,0.0,0.0
U011271,treatment,DE,2026-04-25 07:48:13,0.0,0,0.0,0.0,0.0
U020907,control,DE,2026-04-25 08:00:02,0.0,0,0.0,0.0,0.0
U001560,control,DE,2026-04-25 08:12:22,1.0,1,44.99,0.0,0.0
U000035,control,DE,2026-04-25 08:25:06,1.0,1,79.98,0.0,0.0
U005630,treatment,DE,2026-04-25 08:28:41,0.0,0,0.0,0.0,0.0
U024649,treatment,IT,2026-04-25 08:36:44,0.0,0,0.0,0.0,0.0
U022165,treatment,DE,2026-04-25 09:00:39,3.0,1,163.68,1.0,0.0
U002451,treatment,IT,2026-04-25 09:01:50,2.0,1,216.93,1.0,0.0
U024650,treatment,IT,2026-04-25 09:01:59,2.0,1,52.72,1.0,0.0
U024651,control,DE,2026-04-25 09:05:26,1.0,1,29.99,0.0,0.0
U006485,treatment,DE,2026-04-25 09:07:36,0.0,0,0.0,0.0,0.0
U020770,treatment,DE,2026-04-25 09:32:40,0.0,0,0.0,0.0,0.0
U017313,control,DE,2026-04-25 09:33:23,0.0,0,0.0,0.0,0.0
U021031,control,IT,2026-04-25 09:37:38,2.0,1,84.97,0.0,0.0
U005250,control,IT,2026-04-25 10:03:16,1.0,1,66.98,0.0,0.0
U024653,control,IT,2026-04-25 10:36:45,1.0,1,23.99,0.0,0.0
U023867,control,IT,2026-04-25 10:39:18,0.0,0,0.0,0.0,0.0
U024652,treatment,DE,2026-04-25 10:43:07,2.0,1,66.96,0.0,1.0
U015724,control,IT,2026-04-25 10:43:09,0.0,0,0.0,0.0,0.0
U024654,treatment,DE,2026-04-25 10:46:37,1.0,1,17.99,0.0,0.0
U002339,treatment,DE,2026-04-25 11:03:34,0.0,0,0.0,0.0,0.0
U024655,treatment,DE,2026-04-25 11:13:21,1.0,1,21.99,0.0,0.0
U020691,control,DE,2026-04-25 11:26:34,0.0,0,0.0,0.0,0.0
U000781,treatment,DE,2026-04-25 11:33:47,1.0,1,20.69,0.0,0.0
U022101,treatment,IT,2026-04-25 11:41:50,1.0,1,29.98,0.0,0.0
U019650,control,DE,2026-04-25 11:48:12,0.0,0,0.0,0.0,0.0
U024656,treatment,DE,2026-04-25 11:55:33,1.0,1,35.98,0.0,0.0
U024657,treatment,DE,2026-04-25 11:57:08,1.0,1,29.99,0.0,0.0
U024658,control,IT,2026-04-25 12:10:43,1.0,1,43.98,0.0,0.0
U019836,treatment,DE,2026-04-25 12:34:30,0.0,0,0.0,0.0,0.0
U022963,control,DE,2026-04-25 12:45:48,1.0,1,54.97,0.0,1.0
U024659,treatment,IT,2026-04-25 12:53:25,1.0,1,21.99,0.0,0.0
U022791,control,IT,2026-04-25 13:02:00,1.0,1,16.99,0.0,0.0
U009230,control,DE,2026-04-25 13:10:39,1.0,1,52.97,0.0,0.0
U013374,treatment,DE,2026-04-25 13:12:09,0.0,0,0.0,0.0,0.0
U024660,control,DE,2026-04-25 13:17:51,1.0,1,28.99,0.0,0.0
U024661,control,DE,2026-04-25 13:30:18,1.0,1,33.28,0.0,0.0
U001416,treatment,IT,2026-04-25 13:46:04,1.0,1,61.97,0.0,0.0
U012576,treatment,IT,2026-04-25 14:00:25,0.0,0,0.0,0.0,0.0
U020177,control,IT,2026-04-25 14:10:21,0.0,0,0.0,0.0,0.0
U006749,treatment,DE,2026-04-25 14:11:26,0.0,0,0.0,0.0,0.0
U007703,treatment,IT,2026-04-25 14:13:19,1.0,1,42.98,0.0,0.0
U023213,treatment,IT,2026-04-25 14:14:57,1.0,1,14.99,0.0,0.0
U017226,control,IT,2026-04-25 14:36:07,0.0,0,0.0,0.0,0.0
U020824,control,IT,2026-04-25 14:50:13,0.0,0,0.0,0.0,0.0
U024662,control,DE,2026-04-25 14:53:01,1.0,1,31.98,0.0,0.0
U009768,treatment,DE,2026-04-25 15:09:52,0.0,0,0.0,0.0,0.0
U013829,control,DE,2026-04-25 15:11:12,0.0,0,0.0,0.0,0.0
U022432,treatment,DE,2026-04-25 15:13:25,0.0,0,0.0,0.0,0.0
U024663,control,IT,2026-04-25 15:19:37,1.0,1,19.99,0.0,0.0
U018383,treatment,DE,2026-04-25 15:27:59,0.0,0,0.0,0.0,0.0
U000818,control,DE,2026-04-25 15:51:29,0.0,0,0.0,0.0,0.0
U006834,treatment,DE,2026-04-25 16:15:25,0.0,0,0.0,0.0,0.0
U024664,control,IT,2026-04-25 16:50:47,1.0,1,29.68,0.0,0.0
U024666,control,IT,2026-04-25 16:56:42,1.0,1,26.98,0.0,0.0
U024665,control,IT,2026-04-25 16:56:43,1.0,1,38.98,0.0,0.0
U018112,treatment,IT,2026-04-25 17:07:03,1.0,1,75.22,1.0,0.0
U016784,treatment,IT,2026-04-25 17:15:53,0.0,0,0.0,0.0,0.0
U003410,control,DE,2026-04-25 17:18:28,1.0,1,52.98,0.0,0.0
U023616,treatment,DE,2026-04-25 17:20:41,0.0,0,0.0,0.0,0.0
U009988,treatment,IT,2026-04-25 17:46:15,0.0,0,0.0,0.0,0.0
U024667,treatment,DE,2026-04-25 17:55:03,1.0,1,44.08,0.0,0.0
U024016,treatment,IT,2026-04-25 17:58:52,0.0,0,0.0,0.0,0.0
U024668,control,DE,2026-04-25 18:00:33,1.0,1,39.58,0.0,0.0
U022598,control,IT,2026-04-25 18:10:03,0.0,0,0.0,0.0,0.0
U024669,treatment,IT,2026-04-25 18:11:53,1.0,1,26.99,0.0,0.0
U015049,control,IT,2026-04-25 18:21:18,1.0,1,17.99,0.0,0.0
U024670,treatment,DE,2026-04-25 18:25:21,2.0,1,132.89,2.0,0.0
U007672,treatment,IT,2026-04-25 18:31:33,1.0,1,149.96,0.0,0.0
U024671,control,DE,2026-04-25 18:34:43,2.0,1,49.67,0.0,0.0
U002811,treatment,IT,2026-04-25 18:36:09,0.0,0,0.0,0.0,0.0
U023525,treatment,IT,2026-04-25 18:45:02,0.0,0,0.0,0.0,0.0
U023881,control,IT,2026-04-25 18:49:51,0.0,0,0.0,0.0,0.0
U024672,control,DE,2026-04-25 19:17:15,2.0,1,112.97,0.0,0.0
U021952,control,DE,2026-04-25 19:20:33,0.0,0,0.0,0.0,0.0
U005776,treatment,IT,2026-04-25 19:25:56,2.0,1,90.7,2.0,0.0
U024674,control,DE,2026-04-25 19:27:25,1.0,1,24.29,0.0,0.0
U024673,treatment,DE,2026-04-25 19:38:05,1.0,1,29.68,0.0,0.0
U024675,control,DE,2026-04-25 19:53:20,1.0,1,19.99,0.0,0.0
U023699,control,IT,2026-04-25 19:56:45,0.0,0,0.0,0.0,0.0
U024676,control,DE,2026-04-25 20:03:19,1.0,1,93.57,0.0,0.0
U024677,treatment,DE,2026-04-25 20:15:22,1.0,1,17.99,0.0,0.0
U016727,control,IT,2026-04-25 20:34:57,0.0,0,0.0,0.0,0.0
U018786,control,IT,2026-04-25 20:51:01,0.0,0,0.0,0.0,0.0
U016348,control,DE,2026-04-25 20:54:41,1.0,1,43.98,0.0,0.0
U014986,treatment,IT,2026-04-25 21:04:56,1.0,1,99.97,0.0,0.0
U019772,control,DE,2026-04-25 21:19:35,0.0,0,0.0,0.0,0.0
U015312,treatment,DE,2026-04-25 21:22:25,0.0,0,0.0,0.0,0.0
U024678,treatment,IT,2026-04-25 21:25:00,1.0,1,35.23,1.0,0.0
U022436,control,DE,2026-04-25 21:34:25,0.0,0,0.0,0.0,0.0
U024679,control,IT,2026-04-25 22:04:53,1.0,1,22.49,0.0,0.0
U024680,treatment,IT,2026-04-25 22:11:30,1.0,1,67.92,1.0,0.0
U021084,control,DE,2026-04-25 22:19:23,1.0,1,51.98,0.0,0.0
U016806,treatment,DE,2026-04-25 22:27:47,0.0,0,0.0,0.0,0.0
U023630,control,IT,2026-04-25 22:30:39,0.0,0,0.0,0.0,0.0
U022824,control,IT,2026-04-25 22:44:14,0.0,0,0.0,0.0,0.0
U024681,control,DE,2026-04-25 22:56:07,1.0,1,32.98,0.0,0.0
U017396,treatment,DE,2026-04-25 23:06:24,0.0,0,0.0,0.0,0.0
U013813,control,DE,2026-04-25 23:17:32,0.0,0,0.0,0.0,0.0
U021286,treatment,IT,2026-04-25 23:42:38,0.0,0,0.0,0.0,0.0
U021557,treatment,IT,2026-04-25 23:55:26,0.0,0,0.0,0.0,0.0
U011634,control,IT,2026-04-26 00:09:02,1.0,1,24.99,0.0,0.0
U023609,treatment,IT,2026-04-26 00:19:33,0.0,0,0.0,0.0,0.0
U024682,control,IT,2026-04-26 00:36:24,1.0,1,19.79,0.0,0.0
U023671,control,DE,2026-04-26 00:46:21,1.0,1,19.99,0.0,0.0
U010521,treatment,IT,2026-04-26 00:59:28,1.0,1,14.99,0.0,0.0
U017640,treatment,IT,2026-04-26 01:01:18,1.0,1,104.96,1.0,0.0
U011402,treatment,DE,2026-04-26 01:07:21,1.0,1,19.99,0.0,0.0
U015578,control,DE,2026-04-26 01:27:46,2.0,1,84.95,0.0,0.0
U017594,treatment,IT,2026-04-26 01:56:05,0.0,0,0.0,0.0,0.0
U022466,treatment,IT,2026-04-26 02:01:53,0.0,0,0.0,0.0,0.0
U001782,control,IT,2026-04-26 02:04:13,0.0,0,0.0,0.0,0.0
U002411,treatment,DE,2026-04-26 02:11:53,2.0,1,167.71,1.0,0.0
U021333,control,DE,2026-04-26 02:29:03,0.0,0,0.0,0.0,0.0
U020990,treatment,IT,2026-04-26 03:00:16,0.0,0,0.0,0.0,0.0
U004557,control,DE,2026-04-26 03:09:01,0.0,0,0.0,0.0,0.0
U015170,treatment,IT,2026-04-26 03:11:21,0.0,0,0.0,0.0,0.0
U022133,treatment,DE,2026-04-26 03:12:12,1.0,1,44.98,0.0,0.0
U005553,control,DE,2026-04-26 03:43:30,0.0,0,0.0,0.0,0.0
U008419,control,DE,2026-04-26 04:22:43,2.0,1,89.96,0.0,0.0
U020998,control,IT,2026-04-26 04:26:23,0.0,0,0.0,0.0,0.0
U019573,control,IT,2026-04-26 04:29:27,1.0,1,19.99,0.0,0.0
U019917,control,IT,2026-04-26 04:48:53,0.0,0,0.0,0.0,0.0
U008094,control,IT,2026-04-26 04:49:51,1.0,1,27.99,0.0,0.0
U004317,treatment,DE,2026-04-26 04:54:30,0.0,0,0.0,0.0,0.0
U018079,treatment,DE,2026-04-26 05:32:35,1.0,1,43.98,0.0,0.0
U024683,treatment,DE,2026-04-26 06:00:38,1.0,1,27.78,1.0,0.0
U002398,treatment,DE,2026-04-26 06:23:53,3.0,1,132.94,1.0,0.0
U024065,treatment,DE,2026-04-26 06:24:21,0.0,0,0.0,0.0,0.0
U019191,treatment,DE,2026-04-26 06:31:10,1.0,1,56.98,0.0,0.0
U024684,control,IT,2026-04-26 06:54:34,1.0,1,21.99,0.0,0.0
U019524,control,DE,2026-04-26 07:06:41,1.0,1,12.99,0.0,0.0
U016461,treatment,DE,2026-04-26 07:16:36,0.0,0,0.0,0.0,0.0
U024685,treatment,DE,2026-04-26 07:22:41,1.0,1,19.79,0.0,0.0
U020313,control,DE,2026-04-26 07:38:20,3.0,1,259.91,0.0,0.0
U019811,control,IT,2026-04-26 07:42:02,0.0,0,0.0,0.0,0.0
U018652,control,IT,2026-04-26 07:44:19,1.0,1,28.99,0.0,0.0
U024687,control,DE,2026-04-26 08:06:06,1.0,1,16.19,0.0,0.0
U020367,treatment,DE,2026-04-26 08:07:11,0.0,0,0.0,0.0,0.0
U024686,treatment,IT,2026-04-26 08:10:34,2.0,1,112.95,1.0,0.0
U010145,control,DE,2026-04-26 08:19:57,0.0,0,0.0,0.0,0.0
U011734,treatment,DE,2026-04-26 08:26:49,1.0,1,80.96,1.0,0.0
U014900,control,DE,2026-04-26 08:28:36,0.0,0,0.0,0.0,0.0
U018023,control,DE,2026-04-26 08:40:17,0.0,0,0.0,0.0,0.0
U022753,control,IT,2026-04-26 08:47:28,0.0,0,0.0,0.0,0.0
U020592,treatment,DE,2026-04-26 08:50:07,0.0,0,0.0,0.0,0.0
U010840,control,DE,2026-04-26 08:51:42,0.0,0,0.0,0.0,0.0
U022569,control,DE,2026-04-26 08:52:52,0.0,0,0.0,0.0,0.0
U024688,control,DE,2026-04-26 08:57:56,1.0,1,30.98,0.0,0.0
U023364,control,IT,2026-04-26 09:06:23,0.0,0,0.0,0.0,0.0
U022109,control,IT,2026-04-26 09:11:36,0.0,0,0.0,0.0,0.0
U024689,control,DE,2026-04-26 09:17:32,1.0,1,31.48,0.0,0.0
U024690,treatment,IT,2026-04-26 09:33:17,1.0,1,16.99,0.0,0.0
U011752,treatment,IT,2026-04-26 09:46:42,0.0,0,0.0,0.0,0.0
U009985,control,IT,2026-04-26 09:47:08,1.0,1,29.98,0.0,0.0
U020851,treatment,IT,2026-04-26 10:08:50,1.0,1,28.99,0.0,0.0
U001951,treatment,IT,2026-04-26 10:09:50,0.0,0,0.0,0.0,0.0
U024691,control,IT,2026-04-26 10:11:06,1.0,1,32.98,0.0,0.0
U017172,treatment,IT,2026-04-26 10:18:53,0.0,0,0.0,0.0,0.0
U023516,control,DE,2026-04-26 10:40:00,1.0,1,28.99,0.0,0.0
U022713,control,DE,2026-04-26 10:49:58,1.0,1,39.98,0.0,0.0
U016430,treatment,DE,2026-04-26 11:08:20,4.0,1,290.65,2.0,0.0
U008921,control,IT,2026-04-26 11:08:54,1.0,1,36.98,0.0,0.0
U024692,control,DE,2026-04-26 11:12:52,1.0,1,21.99,0.0,1.0
U003001,control,IT,2026-04-26 11:13:14,0.0,0,0.0,0.0,0.0
U013208,control,DE,2026-04-26 11:17:20,0.0,0,0.0,0.0,0.0
U014759,control,IT,2026-04-26 11:33:59,0.0,0,0.0,0.0,0.0
U022242,treatment,IT,2026-04-26 11:34:42,1.0,1,29.99,0.0,1.0
U017711,control,DE,2026-04-26 11:47:57,2.0,1,124.97,0.0,0.0
U003030,treatment,DE,2026-04-26 11:54:15,1.0,1,19.99,0.0,0.0
U023554,control,DE,2026-04-26 11:59:52,0.0,0,0.0,0.0,0.0
U024693,control,IT,2026-04-26 11:59:59,1.0,1,17.99,0.0,0.0
U018554,treatment,DE,2026-04-26 12:06:56,1.0,1,21.99,0.0,0.0
U011575,treatment,IT,2026-04-26 12:24:06,1.0,1,36.98,0.0,0.0
U024694,treatment,DE,2026-04-26 12:24:09,0.0,0,0.0,0.0,0.0
U013902,control,IT,2026-04-26 12:38:57,0.0,0,0.0,0.0,0.0
U020965,treatment,DE,2026-04-26 12:40:14,0.0,0,0.0,0.0,0.0
U018434,treatment,IT,2026-04-26 13:27:31,0.0,0,0.0,0.0,0.0
U022301,treatment,DE,2026-04-26 13:34:47,1.0,1,107.96,0.0,0.0
U014130,control,DE,2026-04-26 13:47:40,2.0,1,180.93,0.0,0.0
U018316,control,DE,2026-04-26 13:55:45,0.0,0,0.0,0.0,0.0
U019871,treatment,IT,2026-04-26 13:59:26,0.0,0,0.0,0.0,0.0
U024695,treatment,IT,2026-04-26 13:59:51,2.0,1,68.97,0.0,0.0
U024035,treatment,IT,2026-04-26 14:05:16,0.0,0,0.0,0.0,0.0
U024117,treatment,IT,2026-04-26 14:14:30,0.0,0,0.0,0.0,0.0
U014188,control,IT,2026-04-26 14:16:32,1.0,1,19.99,0.0,0.0
U024696,treatment,IT,2026-04-26 14:21:45,1.0,1,49.97,1.0,0.0
U020369,control,DE,2026-04-26 14:47:09,1.0,1,17.99,0.0,1.0
U022637,control,DE,2026-04-26 14:54:24,1.0,1,85.96,0.0,0.0
U020681,control,IT,2026-04-26 15:12:12,1.0,1,51.98,0.0,0.0
U022035,control,IT,2026-04-26 15:16:16,0.0,0,0.0,0.0,0.0
U021327,control,DE,2026-04-26 15:24:09,0.0,0,0.0,0.0,0.0
U024697,control,DE,2026-04-26 15:26:12,1.0,1,12.99,0.0,0.0
U013710,treatment,IT,2026-04-26 15:28:05,1.0,1,57.97,0.0,0.0
U006210,treatment,DE,2026-04-26 15:39:53,0.0,0,0.0,0.0,0.0
U015999,treatment,IT,2026-04-26 15:42:46,1.0,1,54.98,0.0,0.0
U012901,control,DE,2026-04-26 15:46:22,1.0,1,61.98,0.0,0.0
U010998,treatment,DE,2026-04-26 15:51:52,0.0,0,0.0,0.0,0.0
U013529,treatment,DE,2026-04-26 16:01:20,0.0,0,0.0,0.0,0.0
U020975,treatment,DE,2026-04-26 16:05:16,0.0,0,0.0,0.0,0.0
U024699,treatment,IT,2026-04-26 16:24:10,1.0,1,44.98,0.0,0.0
U024698,control,DE,2026-04-26 16:28:32,1.0,1,19.99,0.0,0.0
U016776,treatment,DE,2026-04-26 16:45:33,1.0,1,88.16,0.0,0.0
U005589,control,DE,2026-04-26 16:47:24,0.0,0,0.0,0.0,0.0
U009605,treatment,IT,2026-04-26 16:57:03,0.0,0,0.0,0.0,0.0
U024700,treatment,IT,2026-04-26 17:05:44,1.0,1,43.98,0.0,1.0
U014441,treatment,DE,2026-04-26 17:15:44,0.0,0,0.0,0.0,0.0
U024702,control,DE,2026-04-26 17:19:10,1.0,1,21.99,0.0,0.0
U024701,control,IT,2026-04-26 17:22:05,1.0,1,58.47,0.0,0.0
U004436,treatment,DE,2026-04-26 17:48:52,0.0,0,0.0,0.0,0.0
U024704,control,IT,2026-04-26 17:52:19,1.0,1,73.97,0.0,0.0
U024703,control,DE,2026-04-26 17:59:10,1.0,1,28.99,0.0,0.0
U024705,treatment,DE,2026-04-26 18:11:31,1.0,1,41.28,1.0,0.0
U024706,control,IT,2026-04-26 18:39:25,1.0,1,41.98,0.0,0.0
U016262,treatment,IT,2026-04-26 18:45:02,0.0,0,0.0,0.0,0.0
U020818,control,DE,2026-04-26 18:47:39,0.0,0,0.0,0.0,0.0
U018620,treatment,DE,2026-04-26 18:54:41,1.0,1,29.73,1.0,0.0
U016682,control,DE,2026-04-26 18:56:14,0.0,0,0.0,0.0,0.0
U024707,treatment,IT,2026-04-26 18:56:30,1.0,1,78.07,1.0,0.0
U024708,control,DE,2026-04-26 19:02:46,1.0,1,29.98,0.0,0.0
U024709,treatment,DE,2026-04-26 19:17:13,1.0,1,41.37,0.0,0.0
U015317,control,DE,2026-04-26 19:23:35,0.0,0,0.0,0.0,0.0
U006092,treatment,DE,2026-04-26 19:24:59,0.0,0,0.0,0.0,0.0
U010876,control,IT,2026-04-26 19:28:31,0.0,0,0.0,0.0,0.0
U022410,treatment,DE,2026-04-26 19:32:32,1.0,1,129.71,1.0,0.0
U024710,control,IT,2026-04-26 19:34:01,1.0,1,31.98,0.0,0.0
U024711,treatment,IT,2026-04-26 19:34:59,1.0,1,29.73,1.0,0.0
U020059,control,IT,2026-04-26 19:50:48,1.0,1,36.98,0.0,0.0
U006175,control,IT,2026-04-26 20:01:58,1.0,1,25.99,0.0,0.0
U023343,control,IT,2026-04-26 20:02:42,0.0,0,0.0,0.0,0.0
U024712,control,IT,2026-04-26 20:07:44,1.0,1,28.99,0.0,0.0
U019433,treatment,IT,2026-04-26 20:12:44,0.0,0,0.0,0.0,0.0
U024713,treatment,IT,2026-04-26 20:34:38,1.0,1,38.98,1.0,1.0
U024716,treatment,DE,2026-04-26 20:45:24,1.0,1,87.97,1.0,0.0
U024714,control,DE,2026-04-26 20:47:08,1.0,1,37.78,0.0,0.0
U024715,treatment,IT,2026-04-26 21:02:39,1.0,1,26.09,0.0,0.0
U024717,treatment,DE,2026-04-26 21:09:55,1.0,1,19.99,0.0,0.0
U024056,treatment,IT,2026-04-26 21:32:48,1.0,1,94.72,1.0,0.0
U022959,treatment,IT,2026-04-26 21:44:22,0.0,0,0.0,0.0,0.0
U011945,treatment,DE,2026-04-26 21:49:54,0.0,0,0.0,0.0,0.0
U017043,control,IT,2026-04-26 21:56:41,0.0,0,0.0,0.0,0.0
U022994,treatment,IT,2026-04-26 22:11:07,1.0,1,24.99,0.0,0.0
U024718,treatment,DE,2026-04-26 22:13:51,1.0,1,26.99,0.0,0.0
U010003,control,IT,2026-04-26 22:28:40,0.0,0,0.0,0.0,0.0
U024719,treatment,DE,2026-04-26 22:31:02,1.0,1,39.98,0.0,0.0
U011018,treatment,DE,2026-04-26 23:00:41,0.0,0,0.0,0.0,0.0
U014892,control,DE,2026-04-26 23:05:15,1.0,1,43.98,0.0,0.0
U020475,control,IT,2026-04-26 23:26:02,0.0,0,0.0,0.0,0.0
U016817,treatment,IT,2026-04-26 23:28:29,2.0,1,148.96,0.0,0.0
U011767,treatment,DE,2026-04-26 23:47:03,1.0,1,79.96,0.0,0.0
U000988,control,DE,2026-04-27 00:25:34,0.0,0,0.0,0.0,0.0
U018407,treatment,DE,2026-04-27 00:33:30,1.0,1,52.97,0.0,0.0
U000429,treatment,DE,2026-04-27 00:55:12,1.0,1,63.98,0.0,0.0
U006650,control,DE,2026-04-27 00:56:36,0.0,0,0.0,0.0,0.0
U002353,treatment,DE,2026-04-27 01:10:07,1.0,1,21.99,0.0,0.0
U018689,treatment,DE,2026-04-27 01:21:07,0.0,0,0.0,0.0,0.0
U019379,treatment,DE,2026-04-27 01:26:24,1.0,1,44.98,0.0,0.0
U016395,treatment,DE,2026-04-27 01:29:16,1.0,1,64.98,0.0,0.0
U021572,control,DE,2026-04-27 01:39:59,0.0,0,0.0,0.0,0.0
U008238,control,DE,2026-04-27 01:41:07,1.0,1,29.98,0.0,0.0
U000010,control,IT,2026-04-27 02:37:08,1.0,1,39.98,0.0,0.0
U014009,treatment,DE,2026-04-27 02:38:12,0.0,0,0.0,0.0,0.0
U005928,treatment,DE,2026-04-27 02:43:25,0.0,0,0.0,0.0,0.0
U021563,treatment,IT,2026-04-27 02:45:18,1.0,1,46.98,1.0,0.0
U023232,treatment,IT,2026-04-27 02:45:40,1.0,1,12.99,0.0,0.0
U018067,treatment,IT,2026-04-27 02:48:55,0.0,0,0.0,0.0,0.0
U012637,treatment,DE,2026-04-27 03:15:40,1.0,1,34.98,0.0,0.0
U013178,control,IT,2026-04-27 03:54:37,0.0,0,0.0,0.0,0.0
U024218,treatment,DE,2026-04-27 04:21:34,0.0,0,0.0,0.0,0.0
U012978,treatment,IT,2026-04-27 04:30:40,0.0,0,0.0,0.0,0.0
U021780,treatment,IT,2026-04-27 04:42:18,0.0,0,0.0,0.0,0.0
U001132,treatment,IT,2026-04-27 04:44:06,0.0,0,0.0,0.0,0.0
U008814,treatment,DE,2026-04-27 05:02:57,0.0,0,0.0,0.0,0.0
U017584,control,IT,2026-04-27 05:05:00,0.0,0,0.0,0.0,0.0
U016593,treatment,DE,2026-04-27 05:08:27,1.0,1,14.99,0.0,0.0
U021848,treatment,DE,2026-04-27 05:15:05,0.0,0,0.0,0.0,0.0
U020838,treatment,IT,2026-04-27 05:25:37,0.0,0,0.0,0.0,0.0
U012979,treatment,DE,2026-04-27 05:31:20,1.0,1,67.97,0.0,0.0
U020085,treatment,IT,2026-04-27 06:18:06,1.0,1,79.98,0.0,0.0
U024720,control,DE,2026-04-27 06:25:54,2.0,1,74.96,0.0,0.0
U023029,control,DE,2026-04-27 06:42:18,0.0,0,0.0,0.0,0.0
U021843,control,DE,2026-04-27 06:48:34,0.0,0,0.0,0.0,0.0
U012545,treatment,IT,2026-04-27 06:51:26,0.0,0,0.0,0.0,0.0
U008218,treatment,IT,2026-04-27 06:52:33,0.0,0,0.0,0.0,0.0
U022463,treatment,IT,2026-04-27 06:52:37,0.0,0,0.0,0.0,0.0
U023196,treatment,IT,2026-04-27 06:59:05,0.0,0,0.0,0.0,0.0
U022402,control,IT,2026-04-27 06:59:31,0.0,0,0.0,0.0,0.0
U013025,control,IT,2026-04-27 07:16:04,0.0,0,0.0,0.0,0.0
U000125,control,DE,2026-04-27 07:26:43,0.0,0,0.0,0.0,0.0
U014469,treatment,DE,2026-04-27 07:28:12,1.0,1,28.99,0.0,0.0
U024721,treatment,IT,2026-04-27 07:28:50,3.0,1,134.68,1.0,0.0
U019523,control,DE,2026-04-27 07:29:09,1.0,1,14.99,0.0,1.0
U022625,control,IT,2026-04-27 07:41:24,0.0,0,0.0,0.0,0.0
U015321,treatment,DE,2026-04-27 07:48:24,0.0,0,0.0,0.0,0.0
U024722,control,DE,2026-04-27 08:02:31,1.0,1,26.09,0.0,0.0
U023080,treatment,DE,2026-04-27 08:28:58,0.0,0,0.0,0.0,0.0
U023961,treatment,IT,2026-04-27 08:34:53,0.0,0,0.0,0.0,0.0
U021894,treatment,IT,2026-04-27 08:43:14,0.0,0,0.0,0.0,0.0
U017228,control,IT,2026-04-27 08:47:30,0.0,0,0.0,0.0,0.0
U012996,treatment,DE,2026-04-27 08:47:58,2.0,1,124.93,1.0,1.0
U024725,control,IT,2026-04-27 09:39:29,2.0,1,121.64,0.0,0.0
U024723,control,DE,2026-04-27 09:43:24,2.0,1,54.97,0.0,0.0
U024724,control,DE,2026-04-27 09:47:06,1.0,1,14.39,0.0,0.0
U023908,treatment,DE,2026-04-27 09:50:05,1.0,1,19.99,0.0,0.0
U022305,treatment,DE,2026-04-27 09:51:19,0.0,0,0.0,0.0,0.0
U014524,control,DE,2026-04-27 09:52:06,0.0,0,0.0,0.0,0.0
U007096,treatment,DE,2026-04-27 10:09:45,1.0,1,73.97,0.0,0.0
U024726,control,DE,2026-04-27 10:16:58,1.0,1,44.98,0.0,0.0
U024727,control,IT,2026-04-27 10:42:55,1.0,1,21.99,0.0,0.0
U024729,treatment,IT,2026-04-27 11:05:08,1.0,1,38.83,1.0,0.0
U024728,control,DE,2026-04-27 11:14:55,1.0,1,17.99,0.0,0.0
U000650,treatment,IT,2026-04-27 11:20:46,2.0,1,225.91,0.0,0.0
U024730,control,DE,2026-04-27 11:37:32,1.0,1,22.49,0.0,0.0
U023374,treatment,DE,2026-04-27 11:40:47,0.0,0,0.0,0.0,0.0
U021814,treatment,IT,2026-04-27 11:44:36,2.0,1,57.21,1.0,0.0
U024731,treatment,DE,2026-04-27 11:46:43,1.0,1,26.99,0.0,0.0
U014878,control,DE,2026-04-27 12:05:53,1.0,1,26.99,0.0,0.0
U014313,treatment,IT,2026-04-27 12:25:59,0.0,0,0.0,0.0,0.0
U018247,control,DE,2026-04-27 12:36:32,1.0,1,118.97,0.0,0.0
U024733,treatment,DE,2026-04-27 12:57:18,1.0,1,39.58,0.0,0.0
U024732,treatment,IT,2026-04-27 13:00:16,1.0,1,37.78,0.0,0.0
U024140,control,IT,2026-04-27 13:03:10,0.0,0,0.0,0.0,0.0
U002958,control,DE,2026-04-27 13:32:36,0.0,0,0.0,0.0,0.0
U016609,treatment,DE,2026-04-27 13:34:08,0.0,0,0.0,0.0,0.0
U024734,treatment,DE,2026-04-27 13:43:33,1.0,1,61.22,1.0,0.0
U024736,control,DE,2026-04-27 13:44:25,1.0,1,22.49,0.0,0.0
U003823,treatment,DE,2026-04-27 13:54:33,1.0,1,46.97,0.0,0.0
U024737,control,IT,2026-04-27 13:58:59,1.0,1,36.98,0.0,0.0
U024735,control,DE,2026-04-27 14:02:03,1.0,1,38.68,0.0,0.0
U021398,control,DE,2026-04-27 14:13:48,0.0,0,0.0,0.0,0.0
U018120,treatment,DE,2026-04-27 14:49:31,0.0,0,0.0,0.0,0.0
U011655,control,DE,2026-04-27 15:16:25,0.0,0,0.0,0.0,0.0
U024738,control,IT,2026-04-27 15:19:50,1.0,1,64.97,0.0,0.0
U020380,treatment,DE,2026-04-27 15:38:17,0.0,0,0.0,0.0,0.0
U024739,control,IT,2026-04-27 15:53:54,1.0,1,36.98,0.0,0.0
U009432,treatment,IT,2026-04-27 15:56:18,1.0,1,98.96,1.0,0.0
U014606,treatment,IT,2026-04-27 16:11:20,0.0,0,0.0,0.0,0.0
U024740,treatment,DE,2026-04-27 16:16:56,1.0,1,29.99,0.0,0.0
U011482,control,IT,2026-04-27 16:19:02,2.0,1,47.97,0.0,0.0
U000733,treatment,DE,2026-04-27 16:35:00,1.0,1,19.99,0.0,0.0
U018169,control,DE,2026-04-27 16:38:27,1.0,1,29.98,0.0,0.0
U005998,treatment,DE,2026-04-27 16:54:57,1.0,1,69.72,1.0,1.0
U024741,control,DE,2026-04-27 17:07:59,1.0,1,49.98,0.0,0.0
U020846,treatment,DE,2026-04-27 17:39:42,0.0,0,0.0,0.0,0.0
U019459,control,DE,2026-04-27 17:54:06,0.0,0,0.0,0.0,0.0
U024742,treatment,IT,2026-04-27 17:56:45,1.0,1,26.99,0.0,0.0
U014718,control,IT,2026-04-27 17:57:13,0.0,0,0.0,0.0,0.0
U024114,control,DE,2026-04-27 18:14:08,0.0,0,0.0,0.0,0.0
U017296,treatment,DE,2026-04-27 18:19:27,0.0,0,0.0,0.0,0.0
U024744,treatment,DE,2026-04-27 18:30:46,1.0,1,76.72,1.0,0.0
U017268,treatment,DE,2026-04-27 18:37:47,1.0,1,71.72,1.0,0.0
U024743,treatment,IT,2026-04-27 18:43:14,2.0,1,93.96,1.0,0.0
U022864,treatment,IT,2026-04-27 18:47:50,0.0,0,0.0,0.0,0.0
U019970,control,DE,2026-04-27 19:08:39,0.0,0,0.0,0.0,0.0
U023535,treatment,IT,2026-04-27 19:25:13,0.0,0,0.0,0.0,0.0
U021543,treatment,DE,2026-04-27 19:39:21,2.0,1,96.96,1.0,0.0
U024745,control,DE,2026-04-27 19:42:37,1.0,1,57.98,0.0,0.0
U021218,treatment,IT,2026-04-27 19:45:01,0.0,0,0.0,0.0,0.0
U008792,control,DE,2026-04-27 20:04:18,1.0,1,99.97,0.0,0.0
U000063,control,IT,2026-04-27 20:04:26,1.0,1,13.99,0.0,0.0
U024746,treatment,IT,2026-04-27 20:07:13,1.0,1,21.99,0.0,0.0
U019931,control,DE,2026-04-27 20:28:54,0.0,0,0.0,0.0,0.0
U009239,treatment,DE,2026-04-27 20:30:56,0.0,0,0.0,0.0,0.0
U011005,treatment,DE,2026-04-27 20:32:27,0.0,0,0.0,0.0,0.0
U005761,treatment,DE,2026-04-27 20:49:30,0.0,0,0.0,0.0,0.0
U024749,control,DE,2026-04-27 20:58:37,1.0,1,16.99,0.0,0.0
U024747,control,IT,2026-04-27 21:00:09,1.0,1,41.98,0.0,0.0
U024748,treatment,DE,2026-04-27 21:00:41,2.0,1,54.97,0.0,0.0
U012131,control,DE,2026-04-27 21:08:24,0.0,0,0.0,0.0,0.0
U000530,treatment,IT,2026-04-27 21:10:11,0.0,0,0.0,0.0,0.0
U024751,treatment,IT,2026-04-27 21:57:18,2.0,1,45.97,0.0,0.0
U024752,control,DE,2026-04-27 22:01:26,1.0,1,38.68,0.0,0.0
U024750,control,DE,2026-04-27 22:02:10,1.0,1,36.98,0.0,0.0
U005725,treatment,DE,2026-04-27 22:06:03,0.0,0,0.0,0.0,0.0
U011341,treatment,DE,2026-04-27 22:08:43,1.0,1,43.98,1.0,0.0
U015413,control,IT,2026-04-27 22:15:50,1.0,1,34.99,0.0,0.0
U019400,treatment,DE,2026-04-27 22:21:24,1.0,1,164.97,0.0,0.0
U020786,control,IT,2026-04-27 22:27:11,0.0,0,0.0,0.0,0.0
U024753,control,IT,2026-04-27 22:50:01,1.0,1,26.09,0.0,0.0
U014611,treatment,DE,2026-04-27 22:53:13,1.0,1,64.97,0.0,0.0
U009912,treatment,DE,2026-04-27 22:59:54,0.0,0,0.0,0.0,0.0
U022296,control,IT,2026-04-27 23:32:15,0.0,0,0.0,0.0,0.0
U019914,control,IT,2026-04-27 23:36:41,0.0,0,0.0,0.0,0.0
U022075,control,DE,2026-04-27 23:55:40,0.0,0,0.0,0.0,0.0
U020265,treatment,DE,2026-04-28 00:00:13,1.0,1,134.96,0.0,0.0
U016110,control,IT,2026-04-28 00:18:50,0.0,0,0.0,0.0,0.0
U024754,treatment,DE,2026-04-28 00:19:02,2.0,1,99.26,0.0,0.0
U005878,treatment,IT,2026-04-28 00:48:29,0.0,0,0.0,0.0,0.0
U017428,control,IT,2026-04-28 00:53:44,0.0,0,0.0,0.0,0.0
U018913,control,IT,2026-04-28 01:11:20,0.0,0,0.0,0.0,0.0
U002612,control,IT,2026-04-28 01:31:57,0.0,0,0.0,0.0,0.0
U020263,control,IT,2026-04-28 01:37:09,0.0,0,0.0,0.0,0.0
U019791,treatment,DE,2026-04-28 01:38:59,0.0,0,0.0,0.0,0.0
U020969,treatment,IT,2026-04-28 02:17:22,0.0,0,0.0,0.0,0.0
U020733,treatment,IT,2026-04-28 02:39:12,1.0,1,39.99,0.0,0.0
U021728,control,DE,2026-04-28 02:39:34,0.0,0,0.0,0.0,0.0
U014332,control,IT,2026-04-28 02:55:21,0.0,0,0.0,0.0,0.0
U009291,treatment,IT,2026-04-28 02:58:04,0.0,0,0.0,0.0,0.0
U020448,control,DE,2026-04-28 03:04:50,0.0,0,0.0,0.0,0.0
U022888,control,IT,2026-04-28 03:24:54,0.0,0,0.0,0.0,0.0
U019609,treatment,IT,2026-04-28 03:29:59,0.0,0,0.0,0.0,0.0
U022815,control,DE,2026-04-28 03:36:52,0.0,0,0.0,0.0,0.0
U006631,control,IT,2026-04-28 03:39:27,1.0,1,25.98,0.0,0.0
U021123,treatment,DE,2026-04-28 04:01:26,0.0,0,0.0,0.0,0.0
U018354,treatment,DE,2026-04-28 04:01:36,0.0,0,0.0,0.0,0.0
U020531,control,IT,2026-04-28 04:02:20,0.0,0,0.0,0.0,0.0
U011572,control,IT,2026-04-28 04:04:05,0.0,0,0.0,0.0,0.0
U001485,control,IT,2026-04-28 04:15:45,1.0,1,27.98,0.0,0.0
U024755,treatment,DE,2026-04-28 04:16:12,1.0,1,21.99,0.0,0.0
U018459,treatment,IT,2026-04-28 04:23:14,1.0,1,41.98,0.0,0.0
U005470,control,DE,2026-04-28 05:13:08,1.0,1,26.99,0.0,0.0
U005423,treatment,IT,2026-04-28 05:40:39,1.0,1,32.73,1.0,0.0
U010230,control,DE,2026-04-28 05:56:04,0.0,0,0.0,0.0,0.0
U023816,treatment,DE,2026-04-28 06:07:52,1.0,1,14.99,0.0,0.0
U010165,control,DE,2026-04-28 06:41:00,0.0,0,0.0,0.0,0.0
U021140,treatment,DE,2026-04-28 06:51:02,0.0,0,0.0,0.0,0.0
U024151,treatment,IT,2026-04-28 07:10:17,0.0,0,0.0,0.0,0.0
U013241,control,IT,2026-04-28 07:28:15,0.0,0,0.0,0.0,0.0
U024756,treatment,DE,2026-04-28 08:12:33,1.0,1,41.98,1.0,0.0
U003150,treatment,IT,2026-04-28 08:12:53,0.0,0,0.0,0.0,0.0
U024758,treatment,DE,2026-04-28 08:39:45,1.0,1,86.07,1.0,0.0
U024757,treatment,DE,2026-04-28 08:42:34,1.0,1,62.87,1.0,0.0
U013211,control,IT,2026-04-28 09:01:20,2.0,1,111.94,0.0,0.0
U024165,control,IT,2026-04-28 09:16:35,0.0,0,0.0,0.0,0.0
U024759,treatment,IT,2026-04-28 09:18:36,1.0,1,19.79,0.0,0.0
U024760,control,IT,2026-04-28 09:36:14,1.0,1,40.48,0.0,1.0
U003357,control,IT,2026-04-28 09:49:03,1.0,1,43.98,0.0,0.0
U024030,control,DE,2026-04-28 10:00:14,0.0,0,0.0,0.0,0.0
U024761,treatment,DE,2026-04-28 10:01:20,1.0,1,41.98,0.0,1.0
U008523,control,IT,2026-04-28 10:01:54,1.0,1,14.99,0.0,0.0
U020019,treatment,IT,2026-04-28 10:24:02,0.0,0,0.0,0.0,0.0
U024762,control,IT,2026-04-28 10:30:17,1.0,1,19.99,0.0,0.0
U020677,treatment,IT,2026-04-28 10:37:58,0.0,0,0.0,0.0,0.0
U024219,treatment,IT,2026-04-28 10:59:51,0.0,0,0.0,0.0,0.0
U021832,control,IT,2026-04-28 11:01:42,0.0,0,0.0,0.0,0.0
U024763,control,DE,2026-04-28 11:50:20,2.0,1,66.96,0.0,0.0
U024764,control,DE,2026-04-28 12:07:09,1.0,1,35.98,0.0,0.0
U014163,treatment,IT,2026-04-28 12:17:33,1.0,1,101.96,1.0,0.0
U006080,treatment,IT,2026-04-28 12:19:15,1.0,1,36.98,0.0,0.0
U009253,treatment,DE,2026-04-28 12:21:22,0.0,0,0.0,0.0,0.0
U012968,control,IT,2026-04-28 12:23:00,0.0,0,0.0,0.0,0.0
U002340,control,DE,2026-04-28 12:38:27,1.0,1,44.98,0.0,0.0
U013497,control,DE,2026-04-28 12:53:21,1.0,1,24.99,0.0,0.0
U016223,treatment,IT,2026-04-28 12:56:11,0.0,0,0.0,0.0,0.0
U024765,treatment,DE,2026-04-28 12:57:35,1.0,1,29.99,0.0,0.0
U019954,treatment,IT,2026-04-28 13:15:50,0.0,0,0.0,0.0,0.0
U013141,control,IT,2026-04-28 13:17:11,0.0,0,0.0,0.0,0.0
U018541,control,DE,2026-04-28 13:21:21,1.0,1,15.99,0.0,0.0
U016978,control,IT,2026-04-28 13:33:10,0.0,0,0.0,0.0,0.0
U015300,control,IT,2026-04-28 13:33:31,1.0,1,54.97,0.0,1.0
U022205,control,IT,2026-04-28 13:38:13,0.0,0,0.0,0.0,0.0
U020058,treatment,IT,2026-04-28 13:40:52,0.0,0,0.0,0.0,0.0
U024766,control,DE,2026-04-28 13:47:38,1.0,1,28.99,0.0,0.0
U017524,treatment,DE,2026-04-28 14:11:41,1.0,1,21.99,0.0,0.0
U018899,treatment,DE,2026-04-28 14:15:49,0.0,0,0.0,0.0,0.0
U024767,treatment,DE,2026-04-28 14:24:01,0.0,0,0.0,0.0,0.0
U007166,control,DE,2026-04-28 14:30:06,0.0,0,0.0,0.0,0.0
U017408,control,IT,2026-04-28 14:32:21,0.0,0,0.0,0.0,0.0
U006977,treatment,IT,2026-04-28 14:34:00,1.0,1,96.97,0.0,0.0
U018419,control,DE,2026-04-28 14:35:42,0.0,0,0.0,0.0,0.0
U018093,treatment,DE,2026-04-28 15:23:49,0.0,0,0.0,0.0,0.0
U024768,control,IT,2026-04-28 15:25:42,1.0,1,22.49,0.0,1.0
U020841,control,DE,2026-04-28 15:51:17,0.0,0,0.0,0.0,0.0
U019111,control,IT,2026-04-28 15:55:14,0.0,0,0.0,0.0,0.0
U024769,treatment,DE,2026-04-28 16:15:37,1.0,1,65.32,1.0,0.0
U016001,treatment,DE,2026-04-28 16:17:07,1.0,1,29.99,0.0,0.0
U022982,treatment,IT,2026-04-28 16:24:38,0.0,0,0.0,0.0,0.0
U006185,control,IT,2026-04-28 16:37:29,0.0,0,0.0,0.0,0.0
U019095,treatment,IT,2026-04-28 16:46:46,2.0,1,44.98,0.0,0.0
U008127,control,IT,2026-04-28 16:48:13,1.0,1,42.98,0.0,0.0
U024770,control,DE,2026-04-28 16:51:08,1.0,1,83.97,0.0,0.0
U007853,treatment,IT,2026-04-28 16:52:44,0.0,0,0.0,0.0,0.0
U024771,treatment,IT,2026-04-28 16:59:46,1.0,1,31.48,0.0,0.0
U007755,control,DE,2026-04-28 17:03:47,0.0,0,0.0,0.0,0.0
U021160,treatment,DE,2026-04-28 17:19:56,1.0,1,39.99,0.0,0.0
U012910,control,DE,2026-04-28 17:23:00,0.0,0,0.0,0.0,0.0
U020865,treatment,IT,2026-04-28 17:57:40,0.0,0,0.0,0.0,0.0
U024772,treatment,DE,2026-04-28 17:58:56,1.0,1,52.18,0.0,0.0
U024773,treatment,DE,2026-04-28 18:28:19,1.0,1,21.99,0.0,0.0
U009858,treatment,IT,2026-04-28 18:30:00,1.0,1,99.96,1.0,1.0
U015686,control,DE,2026-04-28 18:36:15,0.0,0,0.0,0.0,0.0
U012728,control,DE,2026-04-28 18:39:21,1.0,1,27.99,0.0,0.0
U012671,control,DE,2026-04-28 18:47:14,0.0,0,0.0,0.0,0.0
U024774,treatment,IT,2026-04-28 18:49:19,1.0,1,39.73,1.0,0.0
U024780,control,IT,2026-04-28 19:10:45,1.0,1,46.98,0.0,1.0
U024775,treatment,DE,2026-04-28 19:13:37,1.0,1,53.07,0.0,0.0
U024778,treatment,DE,2026-04-28 19:13:50,1.0,1,26.99,0.0,1.0
U012191,treatment,IT,2026-04-28 19:15:52,0.0,0,0.0,0.0,0.0
U024777,treatment,IT,2026-04-28 19:16:20,1.0,1,13.49,0.0,0.0
U024776,control,DE,2026-04-28 19:19:08,1.0,1,31.48,0.0,0.0
U024779,control,IT,2026-04-28 19:25:38,1.0,1,69.27,0.0,0.0
U022995,treatment,IT,2026-04-28 19:31:22,0.0,0,0.0,0.0,0.0
U022856,control,DE,2026-04-28 19:34:15,1.0,1,59.99,0.0,0.0
U024782,treatment,IT,2026-04-28 20:02:16,1.0,1,26.99,0.0,0.0
U024781,control,IT,2026-04-28 20:11:39,1.0,1,17.99,0.0,0.0
U024783,treatment,IT,2026-04-28 20:13:10,1.0,1,46.77,0.0,0.0
U024785,treatment,DE,2026-04-28 20:25:54,1.0,1,21.99,0.0,0.0
U014776,control,DE,2026-04-28 20:40:26,0.0,0,0.0,0.0,0.0
U024784,control,DE,2026-04-28 20:46:13,1.0,1,46.98,0.0,0.0
U024786,control,DE,2026-04-28 21:04:29,1.0,1,17.99,0.0,0.0
U024787,treatment,DE,2026-04-28 21:15:52,1.0,1,65.72,1.0,0.0
U024788,control,IT,2026-04-28 21:44:18,1.0,1,19.99,0.0,0.0
U024789,treatment,IT,2026-04-28 21:56:19,1.0,1,24.99,0.0,0.0
U019401,treatment,DE,2026-04-28 22:01:26,0.0,0,0.0,0.0,0.0
U024790,treatment,DE,2026-04-28 22:02:45,1.0,1,50.97,1.0,0.0
U024791,treatment,IT,2026-04-28 22:09:40,1.0,1,41.97,0.0,0.0
U017115,control,DE,2026-04-28 22:11:38,0.0,0,0.0,0.0,0.0
U024792,control,IT,2026-04-28 22:14:43,1.0,1,23.99,0.0,0.0
U024793,control,DE,2026-04-28 22:22:52,1.0,1,32.38,0.0,0.0
U023696,treatment,IT,2026-04-28 22:27:04,0.0,0,0.0,0.0,0.0
U023683,control,IT,2026-04-28 22:30:45,0.0,0,0.0,0.0,0.0
U024796,control,IT,2026-04-28 22:32:52,1.0,1,28.99,0.0,0.0
U024795,treatment,IT,2026-04-28 22:38:09,1.0,1,41.98,0.0,0.0
U024794,treatment,IT,2026-04-28 22:45:23,1.0,1,39.58,0.0,0.0
U022186,treatment,IT,2026-04-28 22:52:27,0.0,0,0.0,0.0,0.0
U013803,control,DE,2026-04-28 23:06:30,0.0,0,0.0,0.0,0.0
U010893,control,DE,2026-04-28 23:20:18,0.0,0,0.0,0.0,0.0
U022827,control,DE,2026-04-28 23:23:36,0.0,0,0.0,0.0,0.0
U008152,treatment,IT,2026-04-28 23:23:45,2.0,1,74.71,1.0,1.0
U012579,control,DE,2026-04-28 23:51:46,0.0,0,0.0,0.0,0.0
U019941,treatment,DE,2026-04-28 23:54:45,1.0,1,36.72,1.0,0.0
U019959,treatment,IT,2026-04-29 00:03:50,0.0,0,0.0,0.0,0.0
U018515,control,IT,2026-04-29 00:10:01,0.0,0,0.0,0.0,0.0
U018989,control,IT,2026-04-29 00:20:18,0.0,0,0.0,0.0,0.0
U015564,control,DE,2026-04-29 00:49:51,0.0,0,0.0,0.0,0.0
U020096,control,DE,2026-04-29 01:00:23,0.0,0,0.0,0.0,0.0
U014109,control,IT,2026-04-29 01:44:18,1.0,1,28.99,0.0,0.0
U012984,control,IT,2026-04-29 01:57:30,0.0,0,0.0,0.0,0.0
U012815,control,IT,2026-04-29 02:03:14,1.0,1,33.98,0.0,0.0
U007911,control,IT,2026-04-29 02:27:04,0.0,0,0.0,0.0,0.0
U015769,control,DE,2026-04-29 02:43:39,0.0,0,0.0,0.0,0.0
U021536,control,IT,2026-04-29 02:57:12,1.0,1,49.98,0.0,1.0
U019321,treatment,DE,2026-04-29 03:03:01,1.0,1,48.98,1.0,0.0
U017284,treatment,IT,2026-04-29 03:05:05,0.0,0,0.0,0.0,0.0
U024797,treatment,DE,2026-04-29 03:47:13,1.0,1,74.97,1.0,0.0
U013024,control,DE,2026-04-29 03:57:25,1.0,1,69.97,0.0,0.0
U005673,control,DE,2026-04-29 04:04:58,0.0,0,0.0,0.0,0.0
U019801,control,IT,2026-04-29 04:11:11,1.0,1,59.98,0.0,0.0
U021712,treatment,DE,2026-04-29 05:00:59,1.0,1,39.98,0.0,0.0
U021551,treatment,IT,2026-04-29 05:07:01,1.0,1,138.96,1.0,0.0
U020513,control,DE,2026-04-29 05:25:57,0.0,0,0.0,0.0,0.0
U013137,control,DE,2026-04-29 05:33:56,0.0,0,0.0,0.0,0.0
U010515,control,DE,2026-04-29 05:52:23,0.0,0,0.0,0.0,0.0
U014841,treatment,IT,2026-04-29 05:52:57,0.0,0,0.0,0.0,0.0
U003206,control,DE,2026-04-29 06:03:22,0.0,0,0.0,0.0,0.0
U012502,treatment,DE,2026-04-29 06:37:36,0.0,0,0.0,0.0,0.0
U024798,treatment,IT,2026-04-29 07:10:34,1.0,1,16.99,0.0,0.0
U023600,treatment,IT,2026-04-29 07:26:06,0.0,0,0.0,0.0,0.0
U023517,control,DE,2026-04-29 07:38:08,0.0,0,0.0,0.0,0.0
U024799,control,DE,2026-04-29 07:41:03,2.0,1,107.75,0.0,0.0
U023157,treatment,DE,2026-04-29 07:46:43,0.0,0,0.0,0.0,0.0
U020400,treatment,DE,2026-04-29 07:54:23,0.0,0,0.0,0.0,0.0
U005124,control,DE,2026-04-29 08:04:54,1.0,1,12.99,0.0,0.0
U021764,treatment,DE,2026-04-29 08:08:01,1.0,1,196.68,1.0,0.0
U018156,treatment,DE,2026-04-29 08:20:20,1.0,1,21.99,0.0,1.0
U006794,control,IT,2026-04-29 08:46:37,0.0,0,0.0,0.0,0.0
U024801,control,IT,2026-04-29 08:59:25,1.0,1,51.97,0.0,0.0
U016684,control,IT,2026-04-29 09:14:52,0.0,0,0.0,0.0,0.0
U024800,control,IT,2026-04-29 09:15:40,1.0,1,28.78,0.0,0.0
U017678,control,DE,2026-04-29 09:26:58,0.0,0,0.0,0.0,0.0
U020330,control,DE,2026-04-29 09:48:16,0.0,0,0.0,0.0,0.0
U009126,control,DE,2026-04-29 09:50:32,0.0,0,0.0,0.0,0.0
U014897,treatment,IT,2026-04-29 09:55:10,0.0,0,0.0,0.0,0.0
U024802,treatment,DE,2026-04-29 10:13:22,1.0,1,17.99,0.0,0.0
U024803,treatment,DE,2026-04-29 10:36:55,1.0,1,32.98,1.0,0.0
U011590,treatment,DE,2026-04-29 10:46:48,0.0,0,0.0,0.0,0.0
U024804,treatment,IT,2026-04-29 10:50:40,0.0,0,0.0,0.0,0.0
U011673,control,DE,2026-04-29 11:05:43,0.0,0,0.0,0.0,0.0
U012315,control,IT,2026-04-29 11:09:15,0.0,0,0.0,0.0,0.0
U019173,treatment,DE,2026-04-29 11:21:20,2.0,1,158.94,0.0,0.0
U024805,control,IT,2026-04-29 11:22:22,1.0,1,46.98,0.0,0.0
U000069,treatment,DE,2026-04-29 11:30:57,1.0,1,42.98,1.0,0.0
U012277,control,DE,2026-04-29 11:35:00,1.0,1,59.99,0.0,0.0
U024807,control,DE,2026-04-29 11:46:06,1.0,1,63.97,0.0,0.0
U024806,control,DE,2026-04-29 11:50:55,1.0,1,17.99,0.0,1.0
U006047,treatment,DE,2026-04-29 12:02:12,0.0,0,0.0,0.0,0.0
U016724,treatment,IT,2026-04-29 12:03:59,0.0,0,0.0,0.0,0.0
U024809,treatment,DE,2026-04-29 12:19:08,1.0,1,23.99,0.0,0.0
U024808,treatment,DE,2026-04-29 12:28:16,1.0,1,39.58,0.0,0.0
U016079,control,DE,2026-04-29 12:36:35,1.0,1,57.98,0.0,0.0
U024811,control,IT,2026-04-29 12:46:34,1.0,1,49.98,0.0,1.0
U017687,treatment,IT,2026-04-29 12:48:08,0.0,0,0.0,0.0,0.0
U024810,control,DE,2026-04-29 12:48:48,2.0,1,69.97,0.0,0.0
U003175,control,IT,2026-04-29 12:55:44,1.0,1,84.97,0.0,0.0
U024812,control,DE,2026-04-29 13:16:22,1.0,1,23.99,0.0,0.0
U024813,treatment,DE,2026-04-29 13:46:00,1.0,1,15.99,0.0,0.0
U022059,control,IT,2026-04-29 13:57:47,0.0,0,0.0,0.0,0.0
U022387,control,IT,2026-04-29 14:11:45,1.0,1,65.97,0.0,0.0
U024814,control,DE,2026-04-29 14:20:11,2.0,1,87.96,0.0,0.0
U004777,treatment,IT,2026-04-29 14:25:54,0.0,0,0.0,0.0,0.0
U024815,control,DE,2026-04-29 14:27:24,1.0,1,35.98,0.0,0.0
U007044,control,IT,2026-04-29 14:38:58,0.0,0,0.0,0.0,0.0
U015088,treatment,DE,2026-04-29 14:49:14,0.0,0,0.0,0.0,0.0
U017217,treatment,IT,2026-04-29 15:00:19,1.0,1,96.97,1.0,0.0
U004498,control,DE,2026-04-29 15:29:57,0.0,0,0.0,0.0,0.0
U018633,treatment,DE,2026-04-29 15:31:10,1.0,1,59.98,0.0,0.0
U024816,treatment,DE,2026-04-29 15:48:30,2.0,1,136.7,1.0,0.0
U024046,treatment,DE,2026-04-29 15:51:28,0.0,0,0.0,0.0,0.0
U024817,control,DE,2026-04-29 16:19:21,1.0,1,15.99,0.0,0.0
U009794,treatment,DE,2026-04-29 16:38:18,2.0,1,66.72,1.0,0.0
U024818,control,DE,2026-04-29 16:56:34,1.0,1,17.99,0.0,0.0
U024819,control,DE,2026-04-29 16:57:10,1.0,1,29.99,0.0,0.0
U015516,treatment,DE,2026-04-29 17:31:45,1.0,1,59.98,0.0,0.0
U024821,control,DE,2026-04-29 17:38:36,1.0,1,16.99,0.0,0.0
U024820,control,DE,2026-04-29 17:38:54,1.0,1,21.99,0.0,0.0
U018766,treatment,DE,2026-04-29 17:43:27,1.0,1,41.98,0.0,0.0
U024823,control,DE,2026-04-29 17:44:57,1.0,1,17.99,0.0,0.0
U024822,treatment,IT,2026-04-29 17:46:54,1.0,1,26.99,0.0,0.0
U024824,treatment,DE,2026-04-29 18:03:24,2.0,1,34.98,0.0,0.0
U024825,treatment,DE,2026-04-29 18:11:20,0.0,0,0.0,0.0,0.0
U024827,control,DE,2026-04-29 18:29:53,1.0,1,19.99,0.0,0.0
U024826,control,IT,2026-04-29 18:36:53,1.0,1,21.99,0.0,0.0
U023169,control,IT,2026-04-29 18:37:07,0.0,0,0.0,0.0,0.0
U010383,control,DE,2026-04-29 18:38:31,2.0,1,56.97,0.0,0.0
U020128,treatment,IT,2026-04-29 18:41:43,0.0,0,0.0,0.0,0.0
U024828,control,IT,2026-04-29 18:57:47,1.0,1,30.58,0.0,0.0
U012547,treatment,IT,2026-04-29 18:59:50,1.0,1,51.98,0.0,0.0
U024830,treatment,DE,2026-04-29 19:03:56,0.0,0,0.0,0.0,0.0
U024829,control,DE,2026-04-29 19:10:22,1.0,1,17.99,0.0,0.0
U024831,control,DE,2026-04-29 19:14:45,1.0,1,44.97,0.0,0.0
U022184,treatment,IT,2026-04-29 19:16:31,0.0,0,0.0,0.0,0.0
U024832,control,IT,2026-04-29 19:22:55,2.0,1,71.95,0.0,0.0
U024833,control,DE,2026-04-29 19:32:00,1.0,1,34.18,0.0,0.0
U023181,treatment,DE,2026-04-29 19:32:44,1.0,1,39.99,0.0,0.0
U024834,control,DE,2026-04-29 19:35:40,1.0,1,28.99,0.0,0.0
U024835,control,DE,2026-04-29 19:39:22,1.0,1,26.99,0.0,0.0
U021891,control,DE,2026-04-29 19:53:27,2.0,1,33.98,0.0,0.0
U024836,treatment,IT,2026-04-29 19:59:49,1.0,1,17.99,0.0,0.0
U024838,treatment,IT,2026-04-29 20:05:39,1.0,1,19.79,0.0,0.0
U024839,treatment,IT,2026-04-29 20:06:09,1.0,1,31.98,0.0,0.0
U024837,treatment,IT,2026-04-29 20:10:20,1.0,1,16.99,0.0,0.0
U023804,treatment,IT,2026-04-29 20:35:55,0.0,0,0.0,0.0,0.0
U024842,control,IT,2026-04-29 20:53:23,1.0,1,27.98,0.0,0.0
U024840,control,DE,2026-04-29 20:57:11,1.0,1,52.17,0.0,0.0
U007195,treatment,IT,2026-04-29 20:57:42,1.0,1,94.97,0.0,0.0
U024841,control,IT,2026-04-29 21:07:55,1.0,1,23.99,0.0,1.0
U024843,control,DE,2026-04-29 21:26:00,1.0,1,71.97,0.0,0.0
U024844,control,DE,2026-04-29 21:55:40,1.0,1,16.99,0.0,0.0
U013823,control,IT,2026-04-29 22:06:23,0.0,0,0.0,0.0,0.0
U008053,control,DE,2026-04-29 22:12:39,0.0,0,0.0,0.0,0.0
U024845,treatment,DE,2026-04-29 22:18:55,1.0,1,75.97,1.0,0.0
U024847,treatment,DE,2026-04-29 22:23:40,1.0,1,26.99,0.0,0.0
U024846,control,DE,2026-04-29 22:32:45,1.0,1,39.58,0.0,0.0
U008946,control,DE,2026-04-29 22:33:01,0.0,0,0.0,0.0,0.0
U023828,treatment,DE,2026-04-29 22:33:02,1.0,1,74.97,1.0,0.0
U023772,treatment,IT,2026-04-29 22:35:32,0.0,0,0.0,0.0,0.0
U019365,control,DE,2026-04-29 22:48:38,0.0,0,0.0,0.0,0.0
U007159,control,DE,2026-04-29 23:11:58,2.0,1,117.96,0.0,0.0
U013352,treatment,DE,2026-04-29 23:20:07,0.0,0,0.0,0.0,0.0
U020074,treatment,IT,2026-04-29 23:38:13,1.0,1,19.99,0.0,0.0
U024848,control,DE,2026-04-29 23:49:18,1.0,1,47.97,0.0,0.0
U007673,control,DE,2026-04-29 23:49:31,2.0,1,95.97,0.0,0.0
U008568,control,DE,2026-04-29 23:55:05,0.0,0,0.0,0.0,0.0
U011703,control,DE,2026-04-30 00:00:27,1.0,1,82.97,0.0,0.0
U018375,control,IT,2026-04-30 00:04:05,0.0,0,0.0,0.0,0.0
U013414,control,IT,2026-04-30 00:11:43,0.0,0,0.0,0.0,0.0
U012867,control,DE,2026-04-30 00:23:15,0.0,0,0.0,0.0,0.0
U008710,control,IT,2026-04-30 00:24:43,1.0,1,26.99,0.0,0.0
U008693,treatment,DE,2026-04-30 00:37:54,0.0,0,0.0,0.0,0.0
U024139,treatment,IT,2026-04-30 00:45:46,0.0,0,0.0,0.0,0.0
U018191,treatment,IT,2026-04-30 01:35:42,3.0,1,138.92,2.0,0.0
U020514,control,DE,2026-04-30 01:43:25,0.0,0,0.0,0.0,0.0
U019395,control,IT,2026-04-30 01:43:49,1.0,1,79.97,0.0,0.0
U011517,control,IT,2026-04-30 02:10:43,1.0,1,31.98,0.0,0.0
U010127,control,IT,2026-04-30 02:21:01,0.0,0,0.0,0.0,0.0
U007283,control,IT,2026-04-30 02:40:53,0.0,0,0.0,0.0,0.0
U022902,control,DE,2026-04-30 02:55:35,0.0,0,0.0,0.0,0.0
U018195,control,IT,2026-04-30 03:18:57,0.0,0,0.0,0.0,0.0
U021662,control,DE,2026-04-30 03:44:07,0.0,0,0.0,0.0,0.0
U020808,control,DE,2026-04-30 03:56:52,0.0,0,0.0,0.0,0.0
U019162,treatment,IT,2026-04-30 04:10:03,0.0,0,0.0,0.0,0.0
U007878,treatment,DE,2026-04-30 04:35:02,2.0,1,152.69,1.0,0.0
U022371,treatment,DE,2026-04-30 04:45:33,0.0,0,0.0,0.0,0.0
U020921,treatment,DE,2026-04-30 04:57:40,0.0,0,0.0,0.0,0.0
U019124,control,DE,2026-04-30 05:01:37,2.0,1,84.96,0.0,0.0
U015726,control,IT,2026-04-30 05:06:39,2.0,1,114.97,0.0,0.0
U015118,treatment,DE,2026-04-30 05:09:22,0.0,0,0.0,0.0,0.0
U016703,treatment,DE,2026-04-30 05:34:27,0.0,0,0.0,0.0,0.0
U021417,control,DE,2026-04-30 05:47:19,1.0,1,19.99,0.0,0.0
U010122,control,DE,2026-04-30 05:59:21,0.0,0,0.0,0.0,0.0
U016198,treatment,DE,2026-04-30 06:10:10,0.0,0,0.0,0.0,0.0
U023502,control,IT,2026-04-30 06:13:53,0.0,0,0.0,0.0,0.0
U024849,treatment,DE,2026-04-30 07:08:09,1.0,1,43.98,1.0,0.0
U024850,treatment,DE,2026-04-30 07:28:08,1.0,1,26.09,0.0,0.0
U007163,control,IT,2026-04-30 07:35:12,0.0,0,0.0,0.0,0.0
U022912,control,DE,2026-04-30 07:43:24,0.0,0,0.0,0.0,0.0
U003576,treatment,IT,2026-04-30 08:01:50,0.0,0,0.0,0.0,0.0
U019295,treatment,DE,2026-04-30 08:05:54,0.0,0,0.0,0.0,0.0
U021749,control,IT,2026-04-30 08:10:59,0.0,0,0.0,0.0,0.0
U017421,treatment,DE,2026-04-30 08:34:30,0.0,0,0.0,0.0,0.0
U024851,treatment,DE,2026-04-30 09:09:35,1.0,1,52.97,0.0,0.0
U017851,treatment,IT,2026-04-30 09:29:40,0.0,0,0.0,0.0,0.0
U024220,treatment,DE,2026-04-30 09:34:48,0.0,0,0.0,0.0,0.0
U019457,control,IT,2026-04-30 09:52:24,1.0,1,19.99,0.0,0.0
U024852,treatment,DE,2026-04-30 10:06:46,1.0,1,45.12,1.0,0.0
U018285,treatment,IT,2026-04-30 10:09:53,1.0,1,12.99,0.0,0.0
U001337,treatment,DE,2026-04-30 10:14:01,0.0,0,0.0,0.0,0.0
U024853,treatment,DE,2026-04-30 10:27:16,1.0,1,19.79,0.0,0.0
U003464,control,IT,2026-04-30 10:29:29,0.0,0,0.0,0.0,0.0
U024854,control,IT,2026-04-30 10:41:08,1.0,1,40.48,0.0,0.0
U023796,control,DE,2026-04-30 11:10:22,0.0,0,0.0,0.0,0.0
U008024,treatment,IT,2026-04-30 11:15:04,0.0,0,0.0,0.0,0.0
U024855,treatment,DE,2026-04-30 11:22:00,2.0,1,67.71,1.0,0.0
U021214,treatment,IT,2026-04-30 11:37:13,1.0,1,56.98,1.0,0.0
U019765,control,IT,2026-04-30 11:37:36,0.0,0,0.0,0.0,0.0
U024856,treatment,DE,2026-04-30 11:37:40,1.0,1,24.99,0.0,0.0
U023322,control,DE,2026-04-30 11:40:36,1.0,1,16.99,0.0,0.0
U014968,control,DE,2026-04-30 11:44:23,1.0,1,24.99,0.0,0.0
U003863,control,IT,2026-04-30 11:45:31,0.0,0,0.0,0.0,0.0
U016877,treatment,IT,2026-04-30 11:52:17,1.0,1,24.99,0.0,0.0
U024857,control,DE,2026-04-30 11:53:00,1.0,1,19.99,0.0,0.0
U017731,control,IT,2026-04-30 12:07:44,0.0,0,0.0,0.0,0.0
U024858,control,IT,2026-04-30 12:09:42,1.0,1,28.99,0.0,0.0
U024859,treatment,DE,2026-04-30 12:09:45,1.0,1,69.72,1.0,0.0
U024860,treatment,DE,2026-04-30 12:26:31,1.0,1,34.98,0.0,0.0
U024107,treatment,IT,2026-04-30 12:26:56,0.0,0,0.0,0.0,0.0
U018963,control,IT,2026-04-30 12:49:04,1.0,1,41.98,0.0,0.0
U019669,control,DE,2026-04-30 13:32:26,0.0,0,0.0,0.0,0.0
U022719,control,DE,2026-04-30 13:32:43,1.0,1,21.99,0.0,0.0
U019646,treatment,IT,2026-04-30 13:52:31,1.0,1,47.97,0.0,0.0
U021790,control,DE,2026-04-30 13:56:00,0.0,0,0.0,0.0,0.0
U024862,control,DE,2026-04-30 13:59:14,1.0,1,44.98,0.0,0.0
U020693,treatment,DE,2026-04-30 13:59:24,0.0,0,0.0,0.0,0.0
U002182,control,DE,2026-04-30 14:12:56,2.0,1,99.96,0.0,0.0
U024861,treatment,DE,2026-04-30 14:18:56,1.0,1,94.95,0.0,0.0
U018295,treatment,IT,2026-04-30 14:32:22,1.0,1,59.97,0.0,0.0
U023125,treatment,DE,2026-04-30 14:56:23,2.0,1,72.96,0.0,0.0
U014862,treatment,IT,2026-04-30 14:59:47,1.0,1,13.49,0.0,0.0
U024864,control,DE,2026-04-30 15:01:23,1.0,1,24.29,0.0,0.0
U024863,treatment,IT,2026-04-30 15:08:17,1.0,1,25.19,0.0,0.0
U013291,control,DE,2026-04-30 15:12:00,0.0,0,0.0,0.0,0.0
U006677,treatment,DE,2026-04-30 15:14:03,3.0,1,122.7,1.0,0.0
U023615,treatment,DE,2026-04-30 15:44:29,1.0,1,41.73,1.0,0.0
U019495,treatment,IT,2026-04-30 15:44:42,0.0,0,0.0,0.0,0.0
U020066,treatment,IT,2026-04-30 15:54:17,1.0,1,25.98,0.0,0.0
U021990,control,IT,2026-04-30 15:54:44,1.0,1,39.98,0.0,0.0
U024865,control,DE,2026-04-30 15:59:00,1.0,1,15.99,0.0,1.0
U020361,control,IT,2026-04-30 16:00:00,0.0,0,0.0,0.0,0.0
U016202,control,IT,2026-04-30 16:06:24,0.0,0,0.0,0.0,0.0
U019527,control,DE,2026-04-30 16:07:21,1.0,1,81.98,0.0,0.0
U024866,control,DE,2026-04-30 16:15:38,1.0,1,17.99,0.0,0.0
U024867,control,DE,2026-04-30 16:17:38,3.0,1,203.91,0.0,0.0
U024868,treatment,DE,2026-04-30 16:57:58,1.0,1,39.58,0.0,0.0
U018244,treatment,IT,2026-04-30 17:05:55,0.0,0,0.0,0.0,0.0
U024869,treatment,DE,2026-04-30 17:13:33,1.0,1,15.29,0.0,0.0
U018481,control,DE,2026-04-30 17:37:37,1.0,1,73.97,0.0,0.0
U002873,treatment,IT,2026-04-30 17:38:17,0.0,0,0.0,0.0,0.0
U010021,treatment,IT,2026-04-30 17:57:51,0.0,0,0.0,0.0,0.0
U024871,control,DE,2026-04-30 18:01:13,3.0,1,104.65,0.0,1.0
U024870,control,DE,2026-04-30 18:07:17,1.0,1,32.98,0.0,0.0
U018399,control,DE,2026-04-30 18:18:49,0.0,0,0.0,0.0,0.0
U014924,treatment,DE,2026-04-30 18:35:38,0.0,0,0.0,0.0,0.0
U006313,control,IT,2026-04-30 19:19:20,1.0,1,34.98,0.0,0.0
U024872,control,DE,2026-04-30 19:23:05,1.0,1,86.97,0.0,0.0
U024873,treatment,DE,2026-04-30 19:39:13,2.0,1,69.72,1.0,1.0
U022877,control,IT,2026-04-30 19:40:46,2.0,1,112.96,0.0,0.0
U007257,treatment,IT,2026-04-30 19:41:17,1.0,1,39.99,0.0,0.0
U024874,treatment,DE,2026-04-30 19:42:42,1.0,1,40.73,1.0,0.0
U020225,treatment,IT,2026-04-30 19:43:46,1.0,1,78.97,0.0,0.0
U014652,control,IT,2026-04-30 19:45:51,1.0,1,65.96,0.0,0.0
U024876,control,DE,2026-04-30 19:57:03,1.0,1,14.39,0.0,0.0
U024875,treatment,IT,2026-04-30 20:01:20,1.0,1,16.19,0.0,0.0
U024877,control,DE,2026-04-30 20:09:57,1.0,1,19.99,0.0,0.0
U024879,control,DE,2026-04-30 20:20:45,2.0,1,142.75,0.0,0.0
U024878,control,DE,2026-04-30 20:21:45,1.0,1,19.79,0.0,0.0
U016279,treatment,IT,2026-04-30 20:23:29,0.0,0,0.0,0.0,0.0
U018994,treatment,DE,2026-04-30 20:38:54,2.0,1,47.97,0.0,0.0
U021125,control,DE,2026-04-30 20:41:59,0.0,0,0.0,0.0,0.0
U024880,control,IT,2026-04-30 20:44:36,1.0,1,56.97,0.0,0.0
U024881,control,DE,2026-04-30 20:52:39,1.0,1,29.99,0.0,0.0
U019927,treatment,DE,2026-04-30 21:14:04,0.0,0,0.0,0.0,0.0
U003219,control,DE,2026-04-30 21:19:22,0.0,0,0.0,0.0,0.0
U017456,control,IT,2026-04-30 21:27:46,0.0,0,0.0,0.0,0.0
U005751,treatment,DE,2026-04-30 21:31:24,2.0,1,160.42,0.0,0.0
U008459,treatment,IT,2026-04-30 21:43:09,0.0,0,0.0,0.0,0.0
U024882,control,IT,2026-04-30 22:02:56,1.0,1,11.99,0.0,1.0
U019658,control,DE,2026-04-30 22:23:55,0.0,0,0.0,0.0,0.0
U023108,treatment,DE,2026-04-30 23:09:03,0.0,0,0.0,0.0,0.0
U020020,treatment,IT,2026-04-30 23:17:59,0.0,0,0.0,0.0,0.0
U020909,control,IT,2026-05-01 00:16:58,0.0,0,0.0,0.0,0.0
U023619,treatment,DE,2026-05-01 01:16:56,0.0,0,0.0,0.0,0.0
U022932,control,IT,2026-05-01 01:39:54,1.0,1,14.99,0.0,0.0
U015885,treatment,DE,2026-05-01 01:51:49,0.0,0,0.0,0.0,0.0
U016270,treatment,IT,2026-05-01 01:52:01,0.0,0,0.0,0.0,0.0
U019101,control,DE,2026-05-01 01:54:33,0.0,0,0.0,0.0,0.0
U024883,control,IT,2026-05-01 01:56:28,2.0,1,37.98,0.0,0.0
U007990,treatment,DE,2026-05-01 02:04:14,1.0,1,48.72,1.0,0.0
U024884,treatment,IT,2026-05-01 02:48:15,1.0,1,57.22,1.0,0.0
U016943,treatment,IT,2026-05-01 02:50:30,0.0,0,0.0,0.0,0.0
U021236,control,IT,2026-05-01 03:36:48,0.0,0,0.0,0.0,0.0
U022147,treatment,IT,2026-05-01 04:00:39,1.0,1,45.98,0.0,0.0
U005752,treatment,IT,2026-05-01 04:24:29,1.0,1,34.99,0.0,0.0
U000653,control,IT,2026-05-01 05:18:40,0.0,0,0.0,0.0,0.0
U002970,treatment,DE,2026-05-01 05:25:43,0.0,0,0.0,0.0,0.0
U022942,treatment,IT,2026-05-01 05:39:39,0.0,0,0.0,0.0,0.0
U022818,control,IT,2026-05-01 06:08:27,0.0,0,0.0,0.0,0.0
U024113,control,DE,2026-05-01 06:19:24,0.0,0,0.0,0.0,0.0
U021456,treatment,DE,2026-05-01 06:23:57,0.0,0,0.0,0.0,0.0
U024885,control,IT,2026-05-01 07:01:03,1.0,1,29.98,0.0,0.0
U022747,treatment,IT,2026-05-01 07:08:05,0.0,0,0.0,0.0,0.0
U018946,control,DE,2026-05-01 07:09:45,1.0,1,104.95,0.0,0.0
U024886,treatment,IT,2026-05-01 07:15:45,3.0,1,154.53,2.0,0.0
U023447,control,DE,2026-05-01 07:53:20,1.0,1,77.98,0.0,0.0
U012238,treatment,DE,2026-05-01 07:59:56,0.0,0,0.0,0.0,0.0
U020978,treatment,DE,2026-05-01 08:04:01,1.0,1,19.99,0.0,0.0
U024887,treatment,IT,2026-05-01 08:24:58,1.0,1,41.98,0.0,0.0
U015159,treatment,IT,2026-05-01 08:27:24,0.0,0,0.0,0.0,0.0
U018084,control,IT,2026-05-01 08:35:17,1.0,1,49.97,0.0,0.0
U023387,control,DE,2026-05-01 08:59:31,0.0,0,0.0,0.0,0.0
U020081,treatment,IT,2026-05-01 09:02:39,0.0,0,0.0,0.0,0.0
U024889,control,DE,2026-05-01 09:55:31,1.0,1,19.79,0.0,0.0
U024888,control,IT,2026-05-01 09:58:17,1.0,1,17.99,0.0,0.0
U024890,treatment,IT,2026-05-01 10:41:13,1.0,1,27.78,1.0,0.0
U013205,control,DE,2026-05-01 10:41:44,2.0,1,39.98,0.0,0.0
U024891,treatment,DE,2026-05-01 10:57:30,1.0,1,21.99,0.0,0.0
U022411,treatment,DE,2026-05-01 11:10:34,0.0,0,0.0,0.0,0.0
U024892,control,DE,2026-05-01 11:31:36,1.0,1,14.39,0.0,0.0
U012459,control,DE,2026-05-01 11:41:24,0.0,0,0.0,0.0,0.0
U024893,treatment,DE,2026-05-01 11:49:48,1.0,1,59.02,1.0,0.0
U013770,control,IT,2026-05-01 11:54:03,1.0,1,19.99,0.0,1.0
U021291,treatment,IT,2026-05-01 12:06:17,0.0,0,0.0,0.0,0.0
U018480,treatment,DE,2026-05-01 12:40:49,0.0,0,0.0,0.0,0.0
U012110,control,DE,2026-05-01 12:57:01,0.0,0,0.0,0.0,0.0
U020283,control,DE,2026-05-01 13:02:32,1.0,1,44.99,0.0,0.0
U021951,treatment,IT,2026-05-01 13:08:54,1.0,1,76.98,0.0,0.0
U024894,treatment,IT,2026-05-01 13:15:05,1.0,1,41.28,1.0,0.0
U022667,treatment,DE,2026-05-01 13:23:57,0.0,0,0.0,0.0,0.0
U012441,control,DE,2026-05-01 13:27:20,0.0,0,0.0,0.0,0.0
U006879,control,IT,2026-05-01 13:34:55,0.0,0,0.0,0.0,0.0
U020381,control,IT,2026-05-01 13:40:39,0.0,0,0.0,0.0,0.0
U024895,control,DE,2026-05-01 13:54:02,2.0,1,257.12,0.0,0.0
U024896,control,IT,2026-05-01 14:38:06,1.0,1,19.79,0.0,0.0
U012141,control,IT,2026-05-01 15:04:01,0.0,0,0.0,0.0,0.0
U018976,control,DE,2026-05-01 15:05:58,1.0,1,39.98,0.0,0.0
U022064,control,DE,2026-05-01 15:08:04,0.0,0,0.0,0.0,0.0
U010457,treatment,DE,2026-05-01 15:51:56,1.0,1,34.98,0.0,0.0
U022341,control,DE,2026-05-01 16:28:29,0.0,0,0.0,0.0,0.0
U024899,treatment,IT,2026-05-01 16:55:03,1.0,1,53.08,0.0,0.0
U024898,treatment,DE,2026-05-01 17:01:16,1.0,1,57.72,1.0,0.0
U024897,control,DE,2026-05-01 17:07:10,2.0,1,134.95,0.0,0.0
U002996,treatment,DE,2026-05-01 17:18:33,0.0,0,0.0,0.0,0.0
U024900,treatment,IT,2026-05-01 17:31:31,1.0,1,26.23,1.0,0.0
U024901,control,IT,2026-05-01 17:40:24,1.0,1,44.08,0.0,0.0
U019358,control,IT,2026-05-01 17:41:01,0.0,0,0.0,0.0,0.0
U017319,treatment,DE,2026-05-01 17:47:47,1.0,1,12.99,0.0,0.0
U023603,control,DE,2026-05-01 19:01:56,0.0,0,0.0,0.0,0.0
U013344,control,IT,2026-05-01 19:07:44,1.0,1,24.99,0.0,0.0
U009574,treatment,IT,2026-05-01 19:23:42,0.0,0,0.0,0.0,0.0
U024903,treatment,DE,2026-05-01 19:39:32,1.0,1,21.99,0.0,0.0
U024902,treatment,DE,2026-05-01 19:49:59,1.0,1,30.98,0.0,0.0
U007318,treatment,DE,2026-05-01 19:52:41,0.0,0,0.0,0.0,0.0
U024905,treatment,DE,2026-05-01 20:00:39,1.0,1,43.98,1.0,0.0
U008846,control,IT,2026-05-01 20:02:05,0.0,0,0.0,0.0,0.0
U024904,treatment,DE,2026-05-01 20:19:34,1.0,1,34.18,0.0,0.0
U018226,treatment,DE,2026-05-01 20:20:37,0.0,0,0.0,0.0,0.0
U018784,control,IT,2026-05-01 20:21:11,0.0,0,0.0,0.0,0.0
U023487,control,DE,2026-05-01 20:30:33,0.0,0,0.0,0.0,0.0
U024906,control,DE,2026-05-01 20:44:20,1.0,1,16.99,0.0,0.0
U016100,treatment,DE,2026-05-01 20:48:49,0.0,0,0.0,0.0,0.0
U024115,control,DE,2026-05-01 20:49:45,0.0,0,0.0,0.0,0.0
U024907,control,DE,2026-05-01 20:59:09,2.0,1,91.77,0.0,0.0
U024908,control,IT,2026-05-01 21:13:14,1.0,1,36.98,0.0,0.0
U016902,control,IT,2026-05-01 21:26:29,2.0,1,106.94,0.0,0.0
U020219,treatment,DE,2026-05-01 21:27:40,0.0,0,0.0,0.0,0.0
U024909,treatment,DE,2026-05-01 21:30:37,1.0,1,32.28,1.0,0.0
U004309,treatment,DE,2026-05-01 21:40:04,0.0,0,0.0,0.0,0.0
U024910,treatment,IT,2026-05-01 21:54:52,1.0,1,66.72,1.0,0.0
U023604,control,DE,2026-05-01 22:02:52,0.0,0,0.0,0.0,0.0
U009864,treatment,DE,2026-05-01 22:03:46,1.0,1,19.99,0.0,0.0
U022477,treatment,DE,2026-05-01 22:04:15,0.0,0,0.0,0.0,0.0
U024911,control,DE,2026-05-01 22:20:49,1.0,1,17.99,0.0,0.0
U015079,treatment,DE,2026-05-01 22:41:22,1.0,1,53.99,0.0,0.0
U007668,control,IT,2026-05-01 22:46:45,0.0,0,0.0,0.0,0.0
U019115,control,DE,2026-05-01 23:07:05,0.0,0,0.0,0.0,0.0
U005823,control,DE,2026-05-01 23:23:26,0.0,0,0.0,0.0,0.0
U017838,treatment,IT,2026-05-01 23:27:41,0.0,0,0.0,0.0,0.0
U016731,treatment,IT,2026-05-01 23:36:36,0.0,0,0.0,0.0,0.0
U012828,treatment,IT,2026-05-01 23:47:25,0.0,0,0.0,0.0,0.0
U022948,treatment,IT,2026-05-01 23:49:13,0.0,0,0.0,0.0,0.0
U018199,control,DE,2026-05-02 00:34:41,2.0,1,49.98,0.0,0.0
U013127,control,DE,2026-05-02 01:06:19,0.0,0,0.0,0.0,0.0
U010769,treatment,DE,2026-05-02 01:35:08,0.0,0,0.0,0.0,0.0
U013865,treatment,DE,2026-05-02 01:37:09,0.0,0,0.0,0.0,0.0
U009687,control,DE,2026-05-02 01:37:36,1.0,1,80.97,0.0,0.0
U024912,treatment,DE,2026-05-02 01:55:37,1.0,1,28.99,0.0,0.0
U023556,treatment,IT,2026-05-02 02:15:48,0.0,0,0.0,0.0,0.0
U018594,treatment,DE,2026-05-02 02:23:20,0.0,0,0.0,0.0,0.0
U022283,treatment,DE,2026-05-02 02:27:34,1.0,1,62.97,0.0,0.0
U011149,treatment,IT,2026-05-02 02:49:12,0.0,0,0.0,0.0,0.0
U021246,treatment,DE,2026-05-02 03:34:56,0.0,0,0.0,0.0,0.0
U022567,treatment,IT,2026-05-02 03:57:41,1.0,1,19.99,0.0,0.0
U017908,treatment,IT,2026-05-02 04:14:38,1.0,1,114.96,1.0,1.0
U005614,treatment,DE,2026-05-02 04:39:12,0.0,0,0.0,0.0,0.0
U023012,control,IT,2026-05-02 04:54:55,0.0,0,0.0,0.0,0.0
U020510,treatment,IT,2026-05-02 04:57:03,1.0,1,34.99,0.0,0.0
U005168,control,IT,2026-05-02 05:15:09,1.0,1,47.98,0.0,0.0
U014050,control,DE,2026-05-02 05:24:13,1.0,1,97.97,0.0,0.0
U020192,control,DE,2026-05-02 05:36:28,0.0,0,0.0,0.0,0.0
U022728,control,DE,2026-05-02 05:40:50,0.0,0,0.0,0.0,0.0
U018308,treatment,IT,2026-05-02 06:00:38,0.0,0,0.0,0.0,0.0
U019706,control,DE,2026-05-02 06:25:36,0.0,0,0.0,0.0,0.0
U024913,control,IT,2026-05-02 06:37:58,1.0,1,56.97,0.0,0.0
U010199,control,DE,2026-05-02 06:49:03,1.0,1,57.97,0.0,1.0
U023223,treatment,DE,2026-05-02 06:53:25,0.0,0,0.0,0.0,0.0
U023762,treatment,IT,2026-05-02 07:00:11,0.0,0,0.0,0.0,0.0
U014133,control,IT,2026-05-02 07:05:38,0.0,0,0.0,0.0,0.0
U008252,treatment,DE,2026-05-02 07:12:09,1.0,1,49.98,0.0,0.0
U015355,control,DE,2026-05-02 07:31:10,0.0,0,0.0,0.0,0.0
U023119,control,DE,2026-05-02 07:34:04,1.0,1,88.97,0.0,1.0
U020170,treatment,IT,2026-05-02 08:56:19,1.0,1,23.99,0.0,1.0
U017717,treatment,DE,2026-05-02 09:06:49,0.0,0,0.0,0.0,0.0
U019816,control,DE,2026-05-02 09:11:59,2.0,1,125.96,0.0,0.0
U024914,treatment,IT,2026-05-02 09:23:41,1.0,1,38.98,1.0,0.0
U024119,control,IT,2026-05-02 09:29:32,0.0,0,0.0,0.0,0.0
U024915,control,DE,2026-05-02 09:33:59,1.0,1,43.18,0.0,0.0
U023636,treatment,DE,2026-05-02 09:39:21,0.0,0,0.0,0.0,0.0
U014811,treatment,DE,2026-05-02 09:40:45,0.0,0,0.0,0.0,0.0
U007306,treatment,DE,2026-05-02 09:57:09,2.0,1,96.71,1.0,0.0
U024916,treatment,IT,2026-05-02 10:03:12,2.0,1,60.97,1.0,0.0
U009805,control,DE,2026-05-02 10:25:12,0.0,0,0.0,0.0,0.0
U020344,treatment,DE,2026-05-02 10:25:48,2.0,1,66.98,0.0,0.0
U024917,control,IT,2026-05-02 10:37:43,1.0,1,39.98,0.0,0.0
U012209,treatment,DE,2026-05-02 10:49:17,0.0,0,0.0,0.0,0.0
U024918,control,DE,2026-05-02 10:50:25,1.0,1,28.78,0.0,0.0
U023244,control,IT,2026-05-02 11:23:50,0.0,0,0.0,0.0,0.0
U024919,control,DE,2026-05-02 11:27:28,1.0,1,69.97,0.0,0.0
U019568,treatment,DE,2026-05-02 11:36:33,0.0,0,0.0,0.0,0.0
U002085,control,DE,2026-05-02 11:46:03,0.0,0,0.0,0.0,0.0
U024920,treatment,DE,2026-05-02 11:49:16,0.0,0,0.0,0.0,0.0
U014640,control,DE,2026-05-02 11:55:11,0.0,0,0.0,0.0,0.0
U016440,control,DE,2026-05-02 11:57:04,0.0,0,0.0,0.0,0.0
U013285,control,DE,2026-05-02 11:57:17,0.0,0,0.0,0.0,0.0
U014984,treatment,DE,2026-05-02 12:03:26,0.0,0,0.0,0.0,0.0
U004310,treatment,IT,2026-05-02 12:12:00,0.0,0,0.0,0.0,0.0
U024921,control,IT,2026-05-02 12:27:34,1.0,1,33.98,0.0,0.0
U018202,treatment,DE,2026-05-02 12:38:37,0.0,0,0.0,0.0,0.0
U022965,treatment,DE,2026-05-02 12:45:09,0.0,0,0.0,0.0,0.0
U003729,control,DE,2026-05-02 12:59:33,1.0,1,39.98,0.0,0.0
U024922,treatment,DE,2026-05-02 13:13:37,0.0,0,0.0,0.0,0.0
U024923,control,DE,2026-05-02 13:32:40,1.0,1,69.97,0.0,1.0
U009180,treatment,DE,2026-05-02 14:01:45,0.0,0,0.0,0.0,0.0
U023191,treatment,IT,2026-05-02 14:02:53,0.0,0,0.0,0.0,0.0
U023470,control,DE,2026-05-02 14:10:25,0.0,0,0.0,0.0,0.0
U010162,treatment,DE,2026-05-02 14:42:43,0.0,0,0.0,0.0,0.0
U012980,control,IT,2026-05-02 15:10:26,1.0,1,47.98,0.0,0.0
U018232,treatment,DE,2026-05-02 15:28:47,0.0,0,0.0,0.0,0.0
U019796,treatment,DE,2026-05-02 16:11:33,2.0,1,128.96,0.0,0.0
U016131,control,IT,2026-05-02 16:22:34,0.0,0,0.0,0.0,0.0
U022773,treatment,DE,2026-05-02 16:38:13,0.0,0,0.0,0.0,0.0
U008307,control,DE,2026-05-02 17:04:51,0.0,0,0.0,0.0,0.0
U019406,treatment,DE,2026-05-02 17:07:54,1.0,1,57.98,0.0,0.0
U024924,treatment,DE,2026-05-02 17:09:42,2.0,1,89.21,1.0,1.0
U024925,control,IT,2026-05-02 17:15:49,2.0,1,175.94,0.0,0.0
U003329,treatment,IT,2026-05-02 17:17:03,0.0,0,0.0,0.0,0.0
U006604,treatment,DE,2026-05-02 17:29:03,0.0,0,0.0,0.0,0.0
U015179,treatment,IT,2026-05-02 17:40:01,0.0,0,0.0,0.0,0.0
U022985,treatment,IT,2026-05-02 17:45:23,0.0,0,0.0,0.0,0.0
U006166,treatment,IT,2026-05-02 17:49:16,1.0,1,21.99,0.0,0.0
U020644,control,DE,2026-05-02 17:49:19,0.0,0,0.0,0.0,0.0
U023710,control,DE,2026-05-02 17:55:56,0.0,0,0.0,0.0,0.0
U024927,control,IT,2026-05-02 18:25:47,1.0,1,49.47,0.0,0.0
U024926,control,DE,2026-05-02 18:29:45,1.0,1,29.99,0.0,0.0
U024928,treatment,DE,2026-05-02 19:06:13,1.0,1,44.98,0.0,0.0
U011033,control,DE,2026-05-02 19:53:57,0.0,0,0.0,0.0,0.0
U022166,treatment,DE,2026-05-02 20:06:38,0.0,0,0.0,0.0,0.0
U024930,control,DE,2026-05-02 20:19:31,1.0,1,16.99,0.0,0.0
U024929,control,IT,2026-05-02 20:20:59,1.0,1,25.19,0.0,0.0
U010596,treatment,DE,2026-05-02 20:26:11,0.0,0,0.0,0.0,0.0
U022734,control,DE,2026-05-02 20:28:58,0.0,0,0.0,0.0,0.0
U012767,treatment,DE,2026-05-02 20:38:08,0.0,0,0.0,0.0,0.0
U024931,treatment,DE,2026-05-02 20:50:36,1.0,1,59.98,0.0,1.0
U005903,treatment,IT,2026-05-02 21:24:01,1.0,1,121.97,0.0,0.0
U009641,control,DE,2026-05-02 21:45:33,0.0,0,0.0,0.0,0.0
U016712,control,DE,2026-05-02 21:48:18,1.0,1,29.99,0.0,0.0
U012864,control,DE,2026-05-02 21:48:57,1.0,1,14.99,0.0,0.0
U021785,treatment,DE,2026-05-02 21:49:08,0.0,0,0.0,0.0,0.0
U024932,treatment,DE,2026-05-02 21:55:42,1.0,1,36.98,0.0,0.0
U007192,treatment,IT,2026-05-02 21:55:48,0.0,0,0.0,0.0,0.0
U017199,treatment,IT,2026-05-02 22:00:59,0.0,0,0.0,0.0,0.0
U008767,control,DE,2026-05-02 22:19:07,0.0,0,0.0,0.0,0.0
U024934,control,DE,2026-05-02 22:24:35,1.0,1,19.99,0.0,0.0
U024933,control,IT,2026-05-02 22:40:00,1.0,1,41.98,0.0,0.0
U008079,control,IT,2026-05-02 22:40:38,0.0,0,0.0,0.0,0.0
U020262,control,DE,2026-05-02 23:11:33,0.0,0,0.0,0.0,0.0
U000828,treatment,DE,2026-05-02 23:12:03,0.0,0,0.0,0.0,0.0
U003844,treatment,IT,2026-05-02 23:13:21,0.0,0,0.0,0.0,0.0
U014060,treatment,DE,2026-05-02 23:13:28,0.0,0,0.0,0.0,0.0
U020564,control,IT,2026-05-02 23:22:53,2.0,1,83.96,0.0,0.0
U024936,control,IT,2026-05-02 23:34:55,1.0,1,21.99,0.0,0.0
U024937,control,DE,2026-05-02 23:35:17,1.0,1,16.99,0.0,0.0
U024935,treatment,DE,2026-05-02 23:43:41,1.0,1,45.98,1.0,0.0
U018569,control,IT,2026-05-02 23:44:53,0.0,0,0.0,0.0,0.0
U024938,treatment,DE,2026-05-03 00:05:46,1.0,1,26.09,0.0,0.0
U017673,treatment,IT,2026-05-03 00:10:54,0.0,0,0.0,0.0,0.0
U010447,treatment,DE,2026-05-03 00:16:34,0.0,0,0.0,0.0,0.0
U009110,treatment,DE,2026-05-03 00:26:13,0.0,0,0.0,0.0,0.0
U008549,control,IT,2026-05-03 00:29:03,0.0,0,0.0,0.0,0.0
U021465,control,IT,2026-05-03 00:34:23,0.0,0,0.0,0.0,0.0
U024939,control,DE,2026-05-03 00:39:50,1.0,1,40.48,0.0,0.0
U023303,treatment,DE,2026-05-03 01:29:10,2.0,1,137.95,1.0,0.0
U017965,treatment,DE,2026-05-03 01:41:36,1.0,1,78.97,1.0,0.0
U000330,control,IT,2026-05-03 01:57:08,0.0,0,0.0,0.0,0.0
U023997,control,DE,2026-05-03 02:07:56,0.0,0,0.0,0.0,0.0
U021533,control,IT,2026-05-03 02:13:17,1.0,1,17.99,0.0,0.0
U021032,control,IT,2026-05-03 02:16:38,1.0,1,23.99,0.0,0.0
U024941,treatment,DE,2026-05-03 02:20:49,1.0,1,71.22,1.0,0.0
U024940,control,IT,2026-05-03 02:21:18,1.0,1,48.98,0.0,0.0
U012252,control,DE,2026-05-03 02:42:28,0.0,0,0.0,0.0,0.0
U005541,treatment,IT,2026-05-03 02:58:46,0.0,0,0.0,0.0,0.0
U006874,treatment,IT,2026-05-03 03:12:45,0.0,0,0.0,0.0,0.0
U012199,treatment,DE,2026-05-03 03:15:15,0.0,0,0.0,0.0,0.0
U017820,treatment,DE,2026-05-03 03:25:25,1.0,1,39.98,0.0,0.0
U006716,control,DE,2026-05-03 03:25:27,0.0,0,0.0,0.0,0.0
U018178,control,DE,2026-05-03 03:40:39,0.0,0,0.0,0.0,0.0
U004584,control,DE,2026-05-03 03:41:35,1.0,1,86.97,0.0,0.0
U008344,control,IT,2026-05-03 04:08:33,0.0,0,0.0,0.0,0.0
U012118,control,IT,2026-05-03 04:29:34,0.0,0,0.0,0.0,0.0
U020583,control,DE,2026-05-03 05:22:05,0.0,0,0.0,0.0,0.0
U021313,treatment,DE,2026-05-03 05:30:11,0.0,0,0.0,0.0,0.0
U018659,treatment,IT,2026-05-03 05:53:47,0.0,0,0.0,0.0,0.0
U015259,treatment,IT,2026-05-03 06:05:32,0.0,0,0.0,0.0,0.0
U020954,treatment,IT,2026-05-03 06:17:15,0.0,0,0.0,0.0,0.0
U015595,treatment,IT,2026-05-03 06:30:22,1.0,1,77.22,1.0,0.0
U015757,treatment,DE,2026-05-03 06:41:02,0.0,0,0.0,0.0,0.0
U021560,treatment,IT,2026-05-03 07:06:35,0.0,0,0.0,0.0,0.0
U024942,control,IT,2026-05-03 07:15:49,1.0,1,30.98,0.0,0.0
U021879,control,DE,2026-05-03 07:27:23,0.0,0,0.0,0.0,0.0
U022089,control,IT,2026-05-03 07:35:00,0.0,0,0.0,0.0,0.0
U024943,control,IT,2026-05-03 07:35:03,1.0,1,34.98,0.0,0.0
U013653,treatment,DE,2026-05-03 08:00:12,0.0,0,0.0,0.0,0.0
U024944,control,DE,2026-05-03 08:39:21,1.0,1,63.97,0.0,0.0
U020999,control,IT,2026-05-03 08:42:54,0.0,0,0.0,0.0,0.0
U018737,treatment,IT,2026-05-03 08:44:55,1.0,1,24.29,0.0,0.0
U024945,control,IT,2026-05-03 08:52:43,1.0,1,24.99,0.0,0.0
U024946,control,IT,2026-05-03 09:00:17,3.0,1,73.97,0.0,1.0
U024947,treatment,IT,2026-05-03 09:07:38,1.0,1,32.28,1.0,0.0
U001799,control,IT,2026-05-03 09:09:42,0.0,0,0.0,0.0,0.0
U003207,treatment,DE,2026-05-03 09:28:18,2.0,1,72.97,0.0,0.0
U024948,control,IT,2026-05-03 09:41:04,1.0,1,16.19,0.0,0.0
U024950,treatment,DE,2026-05-03 09:44:30,1.0,1,29.99,0.0,0.0
U024949,treatment,IT,2026-05-03 09:45:48,1.0,1,16.19,0.0,0.0
U024951,treatment,IT,2026-05-03 09:54:34,1.0,1,11.69,0.0,0.0
U024953,treatment,IT,2026-05-03 10:25:11,1.0,1,31.48,0.0,0.0
U024952,treatment,DE,2026-05-03 10:26:33,1.0,1,26.99,0.0,0.0
U011265,treatment,IT,2026-05-03 10:30:47,2.0,1,56.97,0.0,0.0
U018831,control,DE,2026-05-03 10:30:52,0.0,0,0.0,0.0,0.0
U024955,control,DE,2026-05-03 10:41:06,1.0,1,21.99,0.0,0.0
U011867,control,DE,2026-05-03 10:43:57,0.0,0,0.0,0.0,0.0
U024954,control,IT,2026-05-03 10:48:34,1.0,1,21.99,0.0,0.0
U024957,treatment,IT,2026-05-03 10:51:41,1.0,1,16.99,0.0,0.0
U018090,treatment,DE,2026-05-03 11:02:08,0.0,0,0.0,0.0,0.0
U024956,treatment,DE,2026-05-03 11:02:40,1.0,1,43.98,0.0,0.0
U003628,control,IT,2026-05-03 11:24:54,1.0,1,11.69,0.0,0.0
U024958,treatment,DE,2026-05-03 11:39:58,1.0,1,19.99,0.0,0.0
U024959,treatment,IT,2026-05-03 11:49:55,1.0,1,17.99,0.0,0.0
U024960,control,DE,2026-05-03 11:53:44,1.0,1,21.99,0.0,0.0
U023718,treatment,IT,2026-05-03 12:01:12,0.0,0,0.0,0.0,0.0
U024961,treatment,DE,2026-05-03 12:13:51,2.0,1,69.97,0.0,0.0
U019112,control,DE,2026-05-03 12:22:04,1.0,1,26.09,0.0,0.0
U020183,control,DE,2026-05-03 12:42:28,0.0,0,0.0,0.0,0.0
U024962,control,IT,2026-05-03 12:51:39,1.0,1,53.97,0.0,0.0
U024963,treatment,DE,2026-05-03 13:05:13,1.0,1,15.29,0.0,0.0
U021362,treatment,DE,2026-05-03 13:40:56,0.0,0,0.0,0.0,0.0
U023273,treatment,DE,2026-05-03 13:53:36,0.0,0,0.0,0.0,0.0
U013941,treatment,DE,2026-05-03 14:07:12,0.0,0,0.0,0.0,0.0
U006900,control,DE,2026-05-03 14:33:37,4.0,1,113.95,0.0,0.0
U024964,control,IT,2026-05-03 14:34:49,1.0,1,138.96,0.0,0.0
U018235,control,DE,2026-05-03 14:45:33,0.0,0,0.0,0.0,0.0
U017872,treatment,IT,2026-05-03 15:01:41,1.0,1,89.72,1.0,0.0
U014091,treatment,DE,2026-05-03 15:07:34,1.0,1,80.95,0.0,0.0
U005519,control,DE,2026-05-03 15:13:50,1.0,1,12.99,0.0,0.0
U001433,control,DE,2026-05-03 15:21:29,0.0,0,0.0,0.0,0.0
U001962,control,DE,2026-05-03 15:28:19,0.0,0,0.0,0.0,0.0
U021370,treatment,IT,2026-05-03 15:40:00,0.0,0,0.0,0.0,0.0
U010923,treatment,DE,2026-05-03 15:46:57,0.0,0,0.0,0.0,0.0
U024965,treatment,DE,2026-05-03 16:12:54,1.0,1,21.99,0.0,0.0
U009693,control,DE,2026-05-03 16:20:21,0.0,0,0.0,0.0,0.0
U022396,control,IT,2026-05-03 16:21:43,0.0,0,0.0,0.0,0.0
U024966,control,IT,2026-05-03 16:48:25,2.0,1,63.96,0.0,0.0
U017231,treatment,DE,2026-05-03 16:51:30,2.0,1,129.95,0.0,0.0
U024967,treatment,DE,2026-05-03 16:59:34,2.0,1,96.15,0.0,0.0
U024968,control,IT,2026-05-03 17:06:55,1.0,1,37.98,0.0,0.0
U009205,control,IT,2026-05-03 17:15:14,1.0,1,32.98,0.0,0.0
U021840,treatment,DE,2026-05-03 17:31:00,1.0,1,46.98,1.0,0.0
U012715,treatment,DE,2026-05-03 17:41:32,1.0,1,87.97,0.0,0.0
U024969,treatment,IT,2026-05-03 18:18:14,1.0,1,17.99,0.0,0.0
U024972,control,IT,2026-05-03 18:21:01,1.0,1,31.98,0.0,0.0
U024970,treatment,IT,2026-05-03 18:24:24,1.0,1,48.98,0.0,0.0
U024971,control,IT,2026-05-03 18:27:09,1.0,1,24.99,0.0,0.0
U024973,treatment,DE,2026-05-03 18:39:28,1.0,1,11.99,0.0,0.0
U009857,control,IT,2026-05-03 18:50:38,1.0,1,39.98,0.0,0.0
U024974,treatment,DE,2026-05-03 18:57:42,1.0,1,100.96,0.0,0.0
U023112,control,IT,2026-05-03 19:01:13,0.0,0,0.0,0.0,0.0
U024975,treatment,IT,2026-05-03 19:24:50,1.0,1,42.98,0.0,0.0
U021071,treatment,DE,2026-05-03 19:29:09,0.0,0,0.0,0.0,0.0
U024976,control,DE,2026-05-03 19:55:58,4.0,1,214.52,0.0,0.0
U020888,control,DE,2026-05-03 19:56:08,0.0,0,0.0,0.0,0.0
U023514,control,DE,2026-05-03 20:01:05,0.0,0,0.0,0.0,0.0
U024977,treatment,IT,2026-05-03 20:01:36,1.0,1,26.99,0.0,0.0
U016319,control,IT,2026-05-03 20:05:23,1.0,1,12.99,0.0,0.0
U024978,treatment,IT,2026-05-03 20:09:31,1.0,1,43.98,1.0,0.0
U024979,treatment,DE,2026-05-03 20:14:48,1.0,1,39.98,0.0,0.0
U019493,treatment,DE,2026-05-03 20:26:48,0.0,0,0.0,0.0,0.0
U004164,control,DE,2026-05-03 20:28:22,0.0,0,0.0,0.0,0.0
U016500,control,IT,2026-05-03 20:28:54,0.0,0,0.0,0.0,0.0
U011025,treatment,DE,2026-05-03 20:29:24,0.0,0,0.0,0.0,0.0
U024980,control,DE,2026-05-03 20:35:19,1.0,1,12.59,0.0,0.0
U021348,control,IT,2026-05-03 20:46:29,0.0,0,0.0,0.0,0.0
U024982,control,IT,2026-05-03 20:50:41,1.0,1,21.59,0.0,0.0
U014961,treatment,DE,2026-05-03 20:54:36,0.0,0,0.0,0.0,0.0
U024981,treatment,IT,2026-05-03 21:03:19,1.0,1,14.99,0.0,0.0
U024983,treatment,DE,2026-05-03 21:16:01,1.0,1,26.09,0.0,0.0
U013986,control,DE,2026-05-03 21:30:36,1.0,1,39.98,0.0,0.0
U011404,control,IT,2026-05-03 21:39:10,0.0,0,0.0,0.0,0.0
U017921,control,DE,2026-05-03 21:48:35,1.0,1,59.98,0.0,0.0
U024984,control,IT,2026-05-03 21:55:42,2.0,1,94.96,0.0,0.0
U023806,control,DE,2026-05-03 22:07:42,0.0,0,0.0,0.0,0.0
U024986,treatment,IT,2026-05-03 22:11:30,1.0,1,72.71,1.0,1.0
U021660,treatment,IT,2026-05-03 22:11:56,0.0,0,0.0,0.0,0.0
U018055,control,IT,2026-05-03 22:13:46,0.0,0,0.0,0.0,0.0
U024985,treatment,DE,2026-05-03 22:14:47,1.0,1,70.97,1.0,0.0
U015736,control,DE,2026-05-03 22:20:36,1.0,1,29.99,0.0,0.0
U023673,treatment,DE,2026-05-03 22:24:06,1.0,1,39.98,0.0,0.0
U019149,treatment,DE,2026-05-03 22:55:13,0.0,0,0.0,0.0,0.0
U011904,treatment,DE,2026-05-03 22:59:03,1.0,1,36.98,1.0,0.0
U008312,control,IT,2026-05-03 23:01:31,0.0,0,0.0,0.0,0.0
U022204,control,DE,2026-05-03 23:07:52,0.0,0,0.0,0.0,0.0
U012846,treatment,DE,2026-05-03 23:16:51,0.0,0,0.0,0.0,0.0
U022677,treatment,DE,2026-05-03 23:17:09,1.0,1,24.99,0.0,0.0
U013898,control,DE,2026-05-03 23:23:42,1.0,1,67.96,0.0,0.0
U024987,treatment,IT,2026-05-03 23:29:51,1.0,1,28.99,0.0,0.0
U000234,control,IT,2026-05-03 23:29:56,1.0,1,12.99,0.0,0.0
U008613,treatment,DE,2026-05-03 23:52:16,0.0,0,0.0,0.0,0.0
U024988,control,IT,2026-05-03 23:55:32,1.0,1,29.98,0.0,0.0
U021312,treatment,DE,2026-05-03 23:59:00,2.0,1,74.96,1.0,0.0
U013369,treatment,DE,2026-05-04 00:02:21,0.0,0,0.0,0.0,0.0
U005926,treatment,IT,2026-05-04 00:10:57,0.0,0,0.0,0.0,0.0
U014334,treatment,IT,2026-05-04 00:53:02,1.0,1,14.99,0.0,0.0
U024989,treatment,IT,2026-05-04 01:31:22,1.0,1,16.99,0.0,0.0
U003541,control,DE,2026-05-04 01:37:25,0.0,0,0.0,0.0,0.0
U021587,treatment,DE,2026-05-04 02:00:57,0.0,0,0.0,0.0,0.0
U014320,control,IT,2026-05-04 02:30:20,0.0,0,0.0,0.0,0.0
U015442,treatment,DE,2026-05-04 02:58:23,1.0,1,21.99,0.0,0.0
U023642,treatment,DE,2026-05-04 03:10:22,0.0,0,0.0,0.0,0.0
U021297,treatment,IT,2026-05-04 03:15:00,0.0,0,0.0,0.0,0.0
U013184,control,DE,2026-05-04 03:15:42,0.0,0,0.0,0.0,0.0
U020840,control,IT,2026-05-04 03:51:48,1.0,1,41.98,0.0,0.0
U024990,control,DE,2026-05-04 04:03:18,2.0,1,41.08,0.0,0.0
U015807,treatment,IT,2026-05-04 04:22:13,1.0,1,49.72,1.0,0.0
U021980,control,DE,2026-05-04 04:31:23,0.0,0,0.0,0.0,0.0
U016822,treatment,IT,2026-05-04 04:42:57,1.0,1,70.97,1.0,0.0
U006992,control,DE,2026-05-04 04:59:21,0.0,0,0.0,0.0,0.0
U023726,control,IT,2026-05-04 05:43:48,1.0,1,21.99,0.0,0.0
U022199,treatment,DE,2026-05-04 05:46:06,1.0,1,28.99,0.0,0.0
U002664,treatment,IT,2026-05-04 05:59:42,1.0,1,19.99,0.0,0.0
U014022,control,IT,2026-05-04 06:08:01,1.0,1,14.99,0.0,0.0
U012113,control,IT,2026-05-04 06:08:14,0.0,0,0.0,0.0,0.0
U020739,control,IT,2026-05-04 06:27:30,0.0,0,0.0,0.0,0.0
U022216,control,IT,2026-05-04 06:29:51,1.0,1,16.99,0.0,0.0
U024991,treatment,IT,2026-05-04 06:38:29,1.0,1,36.97,0.0,0.0
U016670,control,IT,2026-05-04 06:41:33,0.0,0,0.0,0.0,0.0
U024992,treatment,IT,2026-05-04 06:45:01,1.0,1,37.03,1.0,0.0
U014785,control,DE,2026-05-04 06:53:55,0.0,0,0.0,0.0,0.0
U024993,control,IT,2026-05-04 06:54:40,1.0,1,35.98,0.0,1.0
U024994,treatment,IT,2026-05-04 07:15:36,1.0,1,61.72,1.0,0.0
U005044,control,IT,2026-05-04 07:16:09,0.0,0,0.0,0.0,0.0
U021471,treatment,DE,2026-05-04 07:20:20,0.0,0,0.0,0.0,0.0
U016107,control,IT,2026-05-04 07:29:49,1.0,1,12.99,0.0,0.0
U006826,control,DE,2026-05-04 08:10:54,1.0,1,24.99,0.0,0.0
U020621,control,DE,2026-05-04 08:42:53,0.0,0,0.0,0.0,0.0
U024995,treatment,DE,2026-05-04 08:57:39,1.0,1,17.99,0.0,0.0
U015938,control,IT,2026-05-04 09:20:44,0.0,0,0.0,0.0,0.0
U016408,treatment,IT,2026-05-04 09:25:38,3.0,1,168.93,0.0,0.0
U009831,treatment,IT,2026-05-04 09:29:59,1.0,1,147.96,0.0,0.0
U014340,control,DE,2026-05-04 09:53:48,0.0,0,0.0,0.0,0.0
U003657,control,DE,2026-05-04 09:57:09,1.0,1,19.99,0.0,0.0
U024996,treatment,IT,2026-05-04 10:13:21,1.0,1,55.77,0.0,0.0
U021720,control,IT,2026-05-04 10:13:56,1.0,1,19.99,0.0,0.0
U024997,control,IT,2026-05-04 10:40:09,1.0,1,65.67,0.0,0.0
U008240,control,DE,2026-05-04 10:41:15,0.0,0,0.0,0.0,0.0
U008971,treatment,IT,2026-05-04 10:46:24,0.0,0,0.0,0.0,0.0
U016267,treatment,IT,2026-05-04 10:50:38,1.0,1,37.98,0.0,0.0
U023809,control,DE,2026-05-04 11:12:16,0.0,0,0.0,0.0,0.0
U017941,treatment,DE,2026-05-04 11:14:41,0.0,0,0.0,0.0,0.0
U024998,treatment,DE,2026-05-04 11:18:48,1.0,1,34.98,0.0,0.0
U024999,treatment,IT,2026-05-04 11:46:10,1.0,1,17.99,0.0,0.0
U025000,treatment,DE,2026-05-04 11:59:43,1.0,1,22.49,0.0,0.0
U023453,control,IT,2026-05-04 12:03:13,0.0,0,0.0,0.0,0.0
U025001,control,DE,2026-05-04 12:09:52,1.0,1,21.99,0.0,0.0
U014046,treatment,DE,2026-05-04 12:45:06,1.0,1,25.73,1.0,0.0
U025002,treatment,DE,2026-05-04 12:55:45,1.0,1,44.08,0.0,0.0
U016753,control,IT,2026-05-04 12:57:26,0.0,0,0.0,0.0,0.0
U020908,control,DE,2026-05-04 13:12:35,0.0,0,0.0,0.0,0.0
U025003,treatment,DE,2026-05-04 13:41:02,1.0,1,14.39,0.0,0.0
U025004,treatment,IT,2026-05-04 13:48:20,0.0,0,0.0,0.0,0.0
U019013,control,IT,2026-05-04 13:49:24,0.0,0,0.0,0.0,0.0
U018852,treatment,DE,2026-05-04 13:57:09,0.0,0,0.0,0.0,0.0
U003443,control,DE,2026-05-04 13:57:48,0.0,0,0.0,0.0,0.0
U025005,treatment,IT,2026-05-04 14:09:17,1.0,1,10.79,0.0,0.0
U019754,treatment,IT,2026-05-04 14:16:53,0.0,0,0.0,0.0,0.0
U015092,treatment,DE,2026-05-04 14:49:59,0.0,0,0.0,0.0,0.0
U000786,control,DE,2026-05-04 15:11:44,3.0,1,121.95,0.0,0.0
U025006,control,IT,2026-05-04 15:27:14,1.0,1,34.98,0.0,0.0
U011722,control,IT,2026-05-04 15:51:45,0.0,0,0.0,0.0,0.0
U025007,treatment,DE,2026-05-04 16:00:02,1.0,1,66.98,0.0,0.0
U025008,control,IT,2026-05-04 16:24:46,1.0,1,28.78,0.0,0.0
U020079,treatment,IT,2026-05-04 16:43:38,0.0,0,0.0,0.0,0.0
U015793,control,DE,2026-05-04 16:44:18,0.0,0,0.0,0.0,0.0
U023680,control,IT,2026-05-04 17:01:18,0.0,0,0.0,0.0,0.0
U013527,control,IT,2026-05-04 17:19:01,0.0,0,0.0,0.0,0.0
U020778,control,IT,2026-05-04 17:36:14,1.0,1,29.99,0.0,0.0
U017050,control,IT,2026-05-04 18:10:01,0.0,0,0.0,0.0,0.0
U020408,control,DE,2026-05-04 18:12:36,0.0,0,0.0,0.0,0.0
U014729,treatment,DE,2026-05-04 18:15:19,0.0,0,0.0,0.0,0.0
U023861,control,DE,2026-05-04 18:15:46,1.0,1,39.99,0.0,0.0
U025009,control,DE,2026-05-04 18:54:37,1.0,1,19.99,0.0,1.0
U025011,control,DE,2026-05-04 19:04:17,1.0,1,48.98,0.0,0.0
U025010,control,DE,2026-05-04 19:06:12,1.0,1,28.99,0.0,0.0
U025012,treatment,IT,2026-05-04 19:21:23,1.0,1,17.99,0.0,0.0
U003477,treatment,IT,2026-05-04 19:25:05,0.0,0,0.0,0.0,0.0
U025013,control,DE,2026-05-04 19:26:07,1.0,1,31.98,0.0,0.0
U020986,treatment,IT,2026-05-04 19:36:54,2.0,1,277.92,0.0,0.0
U022944,control,DE,2026-05-04 19:41:27,1.0,1,24.99,0.0,0.0
U025016,control,DE,2026-05-04 19:43:03,1.0,1,35.98,0.0,0.0
U016857,treatment,DE,2026-05-04 19:43:27,1.0,1,53.98,0.0,0.0
U025015,control,IT,2026-05-04 19:50:05,1.0,1,26.99,0.0,0.0
U009767,control,DE,2026-05-04 19:52:07,0.0,0,0.0,0.0,0.0
U025014,control,DE,2026-05-04 19:56:28,1.0,1,53.98,0.0,0.0
U025017,control,DE,2026-05-04 20:26:29,1.0,1,15.29,0.0,0.0
U014084,treatment,DE,2026-05-04 20:26:56,1.0,1,99.95,0.0,0.0
U022898,control,DE,2026-05-04 20:28:37,1.0,1,61.97,0.0,0.0
U016578,control,IT,2026-05-04 20:48:41,1.0,1,35.98,0.0,0.0
U025018,treatment,IT,2026-05-04 21:00:28,1.0,1,53.98,0.0,0.0
U023392,treatment,DE,2026-05-04 21:09:13,0.0,0,0.0,0.0,0.0
U008851,control,DE,2026-05-04 21:19:42,1.0,1,21.99,0.0,0.0
U016330,treatment,DE,2026-05-04 21:25:36,1.0,1,81.21,1.0,1.0
U025019,control,DE,2026-05-04 21:32:17,1.0,1,16.99,0.0,0.0
U015040,control,DE,2026-05-04 21:40:22,1.0,1,41.98,0.0,0.0
U022519,control,DE,2026-05-04 21:54:47,0.0,0,0.0,0.0,0.0
U025021,control,IT,2026-05-04 21:54:55,1.0,1,29.99,0.0,1.0
U025020,treatment,IT,2026-05-04 22:01:26,1.0,1,28.99,0.0,0.0
U016135,control,IT,2026-05-04 22:04:13,0.0,0,0.0,0.0,0.0
U021943,treatment,IT,2026-05-04 22:04:34,1.0,1,29.99,0.0,0.0
U015133,control,IT,2026-05-04 22:09:28,0.0,0,0.0,0.0,0.0
U025022,control,DE,2026-05-04 22:31:25,1.0,1,21.99,0.0,0.0
U005345,treatment,DE,2026-05-04 23:00:49,1.0,1,58.98,0.0,0.0
U021483,control,DE,2026-05-04 23:03:14,0.0,0,0.0,0.0,0.0
U022615,control,IT,2026-05-04 23:36:03,0.0,0,0.0,0.0,0.0
U025023,control,DE,2026-05-04 23:40:14,1.0,1,34.98,0.0,0.0
U025024,treatment,DE,2026-05-04 23:54:48,1.0,1,27.78,1.0,0.0
U017870,control,DE,2026-05-04 23:55:48,0.0,0,0.0,0.0,0.0
U025025,treatment,DE,2026-05-05 00:04:31,1.0,1,49.98,0.0,0.0
U025026,treatment,DE,2026-05-05 00:33:33,1.0,1,66.97,1.0,0.0
U021600,treatment,DE,2026-05-05 00:48:15,0.0,0,0.0,0.0,0.0
U012194,control,DE,2026-05-05 01:11:14,1.0,1,36.98,0.0,0.0
U022239,control,DE,2026-05-05 01:35:04,0.0,0,0.0,0.0,0.0
U020213,treatment,IT,2026-05-05 01:46:56,0.0,0,0.0,0.0,0.0
U004205,treatment,DE,2026-05-05 02:06:09,0.0,0,0.0,0.0,0.0
U007247,control,DE,2026-05-05 02:15:54,0.0,0,0.0,0.0,0.0
U018678,control,IT,2026-05-05 02:17:43,1.0,1,19.99,0.0,0.0
U018708,control,IT,2026-05-05 02:56:19,0.0,0,0.0,0.0,0.0
U022693,treatment,DE,2026-05-05 03:06:33,1.0,1,65.97,0.0,0.0
U000861,control,IT,2026-05-05 03:24:35,0.0,0,0.0,0.0,0.0
U015023,control,IT,2026-05-05 03:43:51,1.0,1,68.97,0.0,0.0
U014871,treatment,IT,2026-05-05 04:01:56,0.0,0,0.0,0.0,0.0
U021717,treatment,DE,2026-05-05 04:02:02,0.0,0,0.0,0.0,0.0
U020114,control,IT,2026-05-05 04:08:21,0.0,0,0.0,0.0,0.0
U018043,control,IT,2026-05-05 04:25:37,1.0,1,28.99,0.0,0.0
U010999,control,IT,2026-05-05 04:43:54,0.0,0,0.0,0.0,0.0
U009130,control,DE,2026-05-05 05:05:18,0.0,0,0.0,0.0,0.0
U009713,control,DE,2026-05-05 05:12:09,1.0,1,73.97,0.0,0.0
U011063,control,IT,2026-05-05 05:51:15,0.0,0,0.0,0.0,0.0
U000273,treatment,IT,2026-05-05 06:04:55,0.0,0,0.0,0.0,0.0
U018814,control,IT,2026-05-05 06:08:34,0.0,0,0.0,0.0,0.0
U025027,control,DE,2026-05-05 06:12:10,1.0,1,59.98,0.0,0.0
U022140,treatment,DE,2026-05-05 06:14:09,0.0,0,0.0,0.0,0.0
U019947,treatment,IT,2026-05-05 06:40:43,1.0,1,15.99,0.0,0.0
U021694,control,IT,2026-05-05 06:50:55,0.0,0,0.0,0.0,0.0
U004791,control,DE,2026-05-05 06:58:21,1.0,1,47.98,0.0,0.0
U016631,treatment,DE,2026-05-05 07:30:09,0.0,0,0.0,0.0,0.0
U005177,control,DE,2026-05-05 07:33:32,0.0,0,0.0,0.0,0.0
U021048,control,IT,2026-05-05 07:39:48,0.0,0,0.0,0.0,0.0
U012813,treatment,DE,2026-05-05 07:46:17,0.0,0,0.0,0.0,0.0
U002748,treatment,DE,2026-05-05 07:58:04,3.0,1,115.93,1.0,0.0
U024000,control,DE,2026-05-05 08:13:25,0.0,0,0.0,0.0,0.0
U025028,control,IT,2026-05-05 08:13:26,1.0,1,15.29,0.0,0.0
U021053,control,DE,2026-05-05 08:29:28,0.0,0,0.0,0.0,0.0
U013131,control,DE,2026-05-05 08:30:42,0.0,0,0.0,0.0,0.0
U025029,control,IT,2026-05-05 09:00:23,1.0,1,16.19,0.0,0.0
U023721,treatment,DE,2026-05-05 09:01:08,0.0,0,0.0,0.0,0.0
U025030,treatment,IT,2026-05-05 09:01:17,1.0,1,39.98,0.0,0.0
U016515,treatment,DE,2026-05-05 09:02:13,0.0,0,0.0,0.0,0.0
U018363,treatment,IT,2026-05-05 09:12:21,2.0,1,86.96,0.0,0.0
U023777,treatment,IT,2026-05-05 09:16:24,0.0,0,0.0,0.0,0.0
U025031,control,DE,2026-05-05 09:29:28,1.0,1,56.97,0.0,0.0
U022435,control,IT,2026-05-05 09:35:24,1.0,1,145.95,0.0,0.0
U025032,control,DE,2026-05-05 10:22:01,1.0,1,19.79,0.0,0.0
U012445,treatment,DE,2026-05-05 10:33:00,0.0,0,0.0,0.0,0.0
U021932,control,IT,2026-05-05 10:49:54,0.0,0,0.0,0.0,0.0
U018401,control,IT,2026-05-05 11:00:52,1.0,1,76.97,0.0,0.0
U016443,treatment,IT,2026-05-05 11:18:11,1.0,1,44.98,0.0,0.0
U013650,treatment,IT,2026-05-05 11:23:32,0.0,0,0.0,0.0,0.0
U024003,control,DE,2026-05-05 11:44:01,0.0,0,0.0,0.0,0.0
U025033,treatment,IT,2026-05-05 11:56:16,1.0,1,14.39,0.0,0.0
U023790,control,DE,2026-05-05 11:57:19,0.0,0,0.0,0.0,0.0
U022616,treatment,IT,2026-05-05 12:02:04,0.0,0,0.0,0.0,0.0
U023588,control,IT,2026-05-05 12:12:48,0.0,0,0.0,0.0,0.0
U025034,treatment,DE,2026-05-05 12:36:18,1.0,1,57.98,0.0,0.0
U025035,control,DE,2026-05-05 13:01:15,1.0,1,39.58,0.0,0.0
U025036,treatment,DE,2026-05-05 13:07:27,1.0,1,75.97,1.0,0.0
U013106,treatment,IT,2026-05-05 13:17:13,1.0,1,39.98,0.0,0.0
U025037,treatment,DE,2026-05-05 13:30:43,1.0,1,53.97,0.0,0.0
U015044,control,DE,2026-05-05 13:45:34,1.0,1,12.99,0.0,0.0
U025038,control,DE,2026-05-05 13:53:29,1.0,1,39.98,0.0,0.0
U022672,control,DE,2026-05-05 14:09:01,0.0,0,0.0,0.0,0.0
U015021,control,IT,2026-05-05 14:09:24,0.0,0,0.0,0.0,0.0
U025039,control,DE,2026-05-05 14:10:29,1.0,1,14.39,0.0,0.0
U022191,control,IT,2026-05-05 14:18:44,1.0,1,34.98,0.0,0.0
U023625,treatment,IT,2026-05-05 14:21:48,0.0,0,0.0,0.0,0.0
U018593,control,IT,2026-05-05 14:26:26,0.0,0,0.0,0.0,0.0
U017104,control,DE,2026-05-05 14:36:14,0.0,0,0.0,0.0,0.0
U025040,treatment,DE,2026-05-05 14:39:18,1.0,1,52.72,1.0,0.0
U013709,control,IT,2026-05-05 14:43:03,0.0,0,0.0,0.0,0.0
U025041,control,IT,2026-05-05 14:54:21,2.0,1,34.98,0.0,0.0
U025042,treatment,DE,2026-05-05 14:54:52,2.0,1,212.94,0.0,1.0
U005766,control,IT,2026-05-05 15:15:11,0.0,0,0.0,0.0,0.0
U020436,treatment,IT,2026-05-05 15:21:46,0.0,0,0.0,0.0,0.0
U021815,control,DE,2026-05-05 15:54:45,0.0,0,0.0,0.0,0.0
U014337,control,DE,2026-05-05 16:02:31,0.0,0,0.0,0.0,0.0
U025043,control,IT,2026-05-05 16:02:45,1.0,1,26.99,0.0,0.0
U023068,treatment,DE,2026-05-05 16:15:59,1.0,1,76.97,1.0,0.0
U025044,treatment,DE,2026-05-05 16:24:15,2.0,1,89.96,1.0,0.0
U025045,control,DE,2026-05-05 16:32:56,1.0,1,39.98,0.0,0.0
U018865,control,IT,2026-05-05 16:34:31,0.0,0,0.0,0.0,0.0
U009136,control,IT,2026-05-05 16:48:27,0.0,0,0.0,0.0,0.0
U017971,treatment,DE,2026-05-05 17:06:37,0.0,0,0.0,0.0,0.0
U013636,treatment,DE,2026-05-05 17:19:42,0.0,0,0.0,0.0,0.0
U018320,treatment,DE,2026-05-05 17:20:07,1.0,1,39.98,0.0,0.0
U015030,treatment,IT,2026-05-05 17:25:43,0.0,0,0.0,0.0,0.0
U025046,treatment,DE,2026-05-05 17:36:24,1.0,1,24.99,0.0,0.0
U023004,control,DE,2026-05-05 17:49:11,1.0,1,19.99,0.0,0.0
U020368,treatment,DE,2026-05-05 17:49:15,0.0,0,0.0,0.0,0.0
U012264,control,DE,2026-05-05 17:50:20,0.0,0,0.0,0.0,0.0
U006948,treatment,DE,2026-05-05 18:00:54,0.0,0,0.0,0.0,0.0
U013626,treatment,IT,2026-05-05 18:08:36,1.0,1,34.98,0.0,0.0
U025047,control,DE,2026-05-05 18:13:26,1.0,1,19.99,0.0,0.0
U009369,treatment,DE,2026-05-05 18:27:59,0.0,0,0.0,0.0,0.0
U022392,control,DE,2026-05-05 18:35:32,0.0,0,0.0,0.0,0.0
U025049,control,DE,2026-05-05 18:37:21,1.0,1,52.18,0.0,0.0
U025048,treatment,IT,2026-05-05 18:41:16,1.0,1,75.56,0.0,0.0
U014353,control,DE,2026-05-05 19:08:29,0.0,0,0.0,0.0,0.0
U020244,control,IT,2026-05-05 19:16:07,0.0,0,0.0,0.0,0.0
U025051,treatment,DE,2026-05-05 19:28:52,1.0,1,33.28,0.0,0.0
U021927,control,DE,2026-05-05 19:29:41,0.0,0,0.0,0.0,0.0
U013848,control,IT,2026-05-05 19:33:02,0.0,0,0.0,0.0,0.0
U025050,control,DE,2026-05-05 19:33:11,1.0,1,19.99,0.0,0.0
U002756,treatment,DE,2026-05-05 19:39:53,0.0,0,0.0,0.0,0.0
U025052,treatment,DE,2026-05-05 19:41:07,0.0,0,0.0,0.0,0.0
U025053,treatment,IT,2026-05-05 20:01:09,1.0,1,14.99,0.0,0.0
U003425,control,IT,2026-05-05 20:27:43,0.0,0,0.0,0.0,0.0
U025054,control,IT,2026-05-05 20:32:32,1.0,1,41.98,0.0,0.0
U025055,control,DE,2026-05-05 20:45:00,1.0,1,57.98,0.0,0.0
U025056,treatment,IT,2026-05-05 20:54:17,1.0,1,16.99,0.0,0.0
U018531,control,DE,2026-05-05 21:21:42,0.0,0,0.0,0.0,0.0
U025058,control,IT,2026-05-05 21:37:12,1.0,1,26.09,0.0,0.0
U025057,control,DE,2026-05-05 21:37:41,1.0,1,41.98,0.0,0.0
U025059,control,IT,2026-05-05 21:46:53,1.0,1,11.99,0.0,0.0
U025060,treatment,DE,2026-05-05 22:29:44,1.0,1,34.73,1.0,0.0
U025061,control,IT,2026-05-05 22:51:08,2.0,1,88.97,0.0,0.0
U022049,control,IT,2026-05-05 23:01:36,0.0,0,0.0,0.0,0.0
U025062,treatment,IT,2026-05-05 23:29:20,1.0,1,71.96,0.0,0.0
U020876,treatment,DE,2026-05-05 23:45:02,1.0,1,73.22,1.0,0.0
U013152,treatment,IT,2026-05-05 23:47:07,0.0,0,0.0,0.0,0.0
U016109,treatment,IT,2026-05-05 23:48:24,0.0,0,0.0,0.0,0.0
U018498,treatment,DE,2026-05-06 00:00:43,0.0,0,0.0,0.0,0.0
U025063,control,IT,2026-05-06 00:02:58,1.0,1,11.69,0.0,0.0
U016843,control,IT,2026-05-06 00:31:57,1.0,1,29.98,0.0,0.0
U020829,control,DE,2026-05-06 00:46:27,1.0,1,12.99,0.0,0.0
U005875,treatment,DE,2026-05-06 01:07:17,0.0,0,0.0,0.0,0.0
U013289,treatment,IT,2026-05-06 01:08:04,0.0,0,0.0,0.0,0.0
U017518,control,DE,2026-05-06 01:25:28,0.0,0,0.0,0.0,0.0
U021257,control,IT,2026-05-06 01:26:55,1.0,1,54.98,0.0,0.0
U001110,control,IT,2026-05-06 01:37:04,1.0,1,119.98,0.0,0.0
U018560,treatment,IT,2026-05-06 01:43:10,1.0,1,73.22,1.0,0.0
U007354,control,DE,2026-05-06 01:46:16,0.0,0,0.0,0.0,0.0
U024210,treatment,IT,2026-05-06 01:52:07,0.0,0,0.0,0.0,0.0
U025064,control,DE,2026-05-06 02:18:34,1.0,1,29.98,0.0,0.0
U021453,treatment,DE,2026-05-06 02:20:00,1.0,1,34.73,1.0,0.0
U021737,control,IT,2026-05-06 03:02:38,1.0,1,40.98,0.0,0.0
U021316,treatment,DE,2026-05-06 03:26:26,0.0,0,0.0,0.0,0.0
U005096,control,IT,2026-05-06 03:36:25,0.0,0,0.0,0.0,0.0
U024045,control,IT,2026-05-06 03:40:27,1.0,1,29.99,0.0,0.0
U018772,treatment,DE,2026-05-06 04:08:37,0.0,0,0.0,0.0,0.0
U023668,control,DE,2026-05-06 04:20:44,0.0,0,0.0,0.0,0.0
U012240,treatment,IT,2026-05-06 04:34:05,0.0,0,0.0,0.0,0.0
U016952,control,DE,2026-05-06 04:37:04,0.0,0,0.0,0.0,0.0
U019360,treatment,IT,2026-05-06 04:46:38,0.0,0,0.0,0.0,0.0
U022322,control,IT,2026-05-06 05:29:32,0.0,0,0.0,0.0,0.0
U011350,treatment,IT,2026-05-06 06:00:00,0.0,0,0.0,0.0,0.0
U002380,treatment,DE,2026-05-06 06:50:20,0.0,0,0.0,0.0,0.0
U021405,control,DE,2026-05-06 06:54:22,0.0,0,0.0,0.0,0.0
U025065,treatment,DE,2026-05-06 07:30:24,1.0,1,27.13,1.0,0.0
U025066,treatment,DE,2026-05-06 07:42:32,1.0,1,10.79,0.0,0.0
U013038,treatment,DE,2026-05-06 08:11:03,0.0,0,0.0,0.0,0.0
U025067,treatment,IT,2026-05-06 08:24:49,1.0,1,31.98,0.0,0.0
U002072,treatment,DE,2026-05-06 08:25:27,1.0,1,94.96,1.0,0.0
U002408,treatment,DE,2026-05-06 08:59:01,2.0,1,69.96,0.0,0.0
U012570,control,IT,2026-05-06 09:00:15,0.0,0,0.0,0.0,0.0
U025068,treatment,IT,2026-05-06 09:01:15,2.0,1,54.97,0.0,0.0
U025069,treatment,DE,2026-05-06 09:11:36,1.0,1,36.98,0.0,0.0
U016895,treatment,IT,2026-05-06 09:33:53,0.0,0,0.0,0.0,0.0
U025070,control,DE,2026-05-06 10:03:32,1.0,1,10.79,0.0,0.0
U016413,treatment,IT,2026-05-06 10:09:36,1.0,1,45.98,1.0,0.0
U018643,control,DE,2026-05-06 10:15:11,1.0,1,19.99,0.0,0.0
U025071,control,IT,2026-05-06 10:34:13,1.0,1,21.99,0.0,0.0
U025072,treatment,DE,2026-05-06 11:53:08,1.0,1,47.98,0.0,0.0
U025073,control,DE,2026-05-06 12:20:10,1.0,1,15.29,0.0,0.0
U025074,control,DE,2026-05-06 12:27:00,2.0,1,70.46,0.0,0.0
U025075,treatment,IT,2026-05-06 12:27:21,1.0,1,61.22,1.0,0.0
U025076,control,IT,2026-05-06 12:36:06,3.0,1,198.93,0.0,0.0
U022860,control,IT,2026-05-06 13:14:22,1.0,1,29.98,0.0,0.0
U025077,treatment,IT,2026-05-06 13:20:34,1.0,1,26.99,0.0,0.0
U006048,control,DE,2026-05-06 14:13:54,0.0,0,0.0,0.0,0.0
U025078,treatment,IT,2026-05-06 14:54:53,1.0,1,75.27,1.0,0.0
U025079,control,DE,2026-05-06 15:02:30,1.0,1,21.99,0.0,0.0
U014047,control,DE,2026-05-06 15:14:05,0.0,0,0.0,0.0,0.0
U024033,control,DE,2026-05-06 15:34:38,0.0,0,0.0,0.0,0.0
U025080,control,IT,2026-05-06 15:38:27,1.0,1,46.78,0.0,0.0
U011115,control,IT,2026-05-06 15:41:25,0.0,0,0.0,0.0,0.0
U023345,treatment,DE,2026-05-06 15:48:40,0.0,0,0.0,0.0,0.0
U018778,treatment,DE,2026-05-06 16:05:25,1.0,1,110.95,1.0,0.0
U025081,treatment,IT,2026-05-06 16:29:44,1.0,1,20.69,0.0,0.0
U025082,control,IT,2026-05-06 16:31:38,1.0,1,28.99,0.0,0.0
U018692,treatment,IT,2026-05-06 16:47:21,0.0,0,0.0,0.0,0.0
U023365,control,DE,2026-05-06 17:10:33,0.0,0,0.0,0.0,0.0
U012668,control,IT,2026-05-06 17:19:00,1.0,1,49.98,0.0,0.0
U019004,control,DE,2026-05-06 17:38:53,0.0,0,0.0,0.0,0.0
U020886,control,IT,2026-05-06 18:02:43,0.0,0,0.0,0.0,0.0
U025083,control,IT,2026-05-06 18:08:08,1.0,1,14.99,0.0,0.0
U025084,control,DE,2026-05-06 18:22:24,1.0,1,52.18,0.0,0.0
U022853,control,DE,2026-05-06 18:28:52,0.0,0,0.0,0.0,0.0
U025085,control,DE,2026-05-06 18:30:30,1.0,1,38.68,0.0,0.0
U025086,control,IT,2026-05-06 18:43:17,1.0,1,37.78,0.0,0.0
U025088,treatment,DE,2026-05-06 18:56:24,1.0,1,19.99,0.0,0.0
U025087,control,DE,2026-05-06 19:01:00,1.0,1,16.99,0.0,0.0
U016746,control,DE,2026-05-06 19:21:21,0.0,0,0.0,0.0,0.0
U025089,control,IT,2026-05-06 19:45:12,1.0,1,19.99,0.0,0.0
U016226,treatment,IT,2026-05-06 19:51:53,1.0,1,56.98,0.0,0.0
U019136,treatment,DE,2026-05-06 19:56:10,0.0,0,0.0,0.0,0.0
U016954,treatment,IT,2026-05-06 19:56:46,0.0,0,0.0,0.0,0.0
U019655,treatment,IT,2026-05-06 19:58:32,0.0,0,0.0,0.0,0.0
U025090,control,DE,2026-05-06 20:04:24,1.0,1,42.98,0.0,0.0
U025091,treatment,DE,2026-05-06 20:31:46,1.0,1,73.22,1.0,0.0
U021546,treatment,DE,2026-05-06 20:43:56,1.0,1,56.82,1.0,0.0
U025093,control,DE,2026-05-06 20:51:10,2.0,1,62.97,0.0,0.0
U025092,treatment,DE,2026-05-06 20:56:01,1.0,1,21.99,0.0,0.0
U025094,treatment,DE,2026-05-06 20:56:49,1.0,1,43.98,1.0,0.0
U020800,control,IT,2026-05-06 21:14:51,0.0,0,0.0,0.0,0.0
U025095,control,DE,2026-05-06 21:16:32,1.0,1,19.79,0.0,0.0
U012359,treatment,DE,2026-05-06 21:16:52,0.0,0,0.0,0.0,0.0
U014542,treatment,IT,2026-05-06 21:22:29,0.0,0,0.0,0.0,0.0
U025097,treatment,IT,2026-05-06 21:33:29,1.0,1,58.52,1.0,1.0
U025096,control,IT,2026-05-06 21:34:58,1.0,1,15.29,0.0,0.0
U022903,control,DE,2026-05-06 22:10:37,0.0,0,0.0,0.0,0.0
U025098,treatment,DE,2026-05-06 22:13:50,1.0,1,28.99,0.0,0.0
U025099,treatment,IT,2026-05-06 22:15:40,1.0,1,31.98,0.0,0.0
U009026,control,DE,2026-05-06 22:27:13,0.0,0,0.0,0.0,0.0
U022825,control,DE,2026-05-06 22:38:28,0.0,0,0.0,0.0,0.0
U022718,treatment,DE,2026-05-06 22:50:29,0.0,0,0.0,0.0,0.0
U013851,control,DE,2026-05-06 22:57:20,0.0,0,0.0,0.0,0.0
U021919,treatment,DE,2026-05-06 23:03:02,0.0,0,0.0,0.0,0.0
U015825,control,DE,2026-05-06 23:22:33,1.0,1,103.97,0.0,0.0
U022924,treatment,DE,2026-05-07 00:33:41,0.0,0,0.0,0.0,0.0
U014822,treatment,DE,2026-05-07 00:50:46,1.0,1,71.98,0.0,0.0
U023441,control,IT,2026-05-07 00:51:16,0.0,0,0.0,0.0,0.0
U021293,treatment,DE,2026-05-07 00:53:52,0.0,0,0.0,0.0,0.0
U016550,treatment,IT,2026-05-07 01:34:29,0.0,0,0.0,0.0,0.0
U016065,control,DE,2026-05-07 01:37:07,0.0,0,0.0,0.0,0.0
U019375,treatment,DE,2026-05-07 01:43:45,1.0,1,19.99,0.0,0.0
U022650,treatment,DE,2026-05-07 01:48:12,1.0,1,29.98,1.0,0.0
U003974,control,DE,2026-05-07 01:54:01,0.0,0,0.0,0.0,0.0
U016299,control,IT,2026-05-07 02:57:41,0.0,0,0.0,0.0,0.0
U020289,control,IT,2026-05-07 03:10:55,1.0,1,28.99,0.0,0.0
U017138,control,DE,2026-05-07 03:33:01,0.0,0,0.0,0.0,0.0
U016633,treatment,DE,2026-05-07 03:45:01,0.0,0,0.0,0.0,0.0
U019579,control,DE,2026-05-07 04:20:05,0.0,0,0.0,0.0,0.0
U015462,treatment,IT,2026-05-07 04:24:03,0.0,0,0.0,0.0,0.0
U016807,control,DE,2026-05-07 04:53:43,0.0,0,0.0,0.0,0.0
U019582,treatment,DE,2026-05-07 05:18:02,1.0,1,82.97,0.0,0.0
U021744,control,DE,2026-05-07 05:30:37,0.0,0,0.0,0.0,0.0
U018941,control,IT,2026-05-07 06:57:10,0.0,0,0.0,0.0,0.0
U025100,treatment,IT,2026-05-07 07:09:25,1.0,1,16.99,0.0,0.0
U002773,treatment,DE,2026-05-07 07:27:25,0.0,0,0.0,0.0,0.0
U013935,treatment,DE,2026-05-07 07:49:50,1.0,1,19.99,0.0,0.0
U025101,control,IT,2026-05-07 07:51:43,1.0,1,26.99,0.0,0.0
U007944,control,IT,2026-05-07 08:16:37,1.0,1,17.99,0.0,0.0
U025102,control,DE,2026-05-07 08:36:37,3.0,1,324.4,0.0,0.0
U009214,treatment,DE,2026-05-07 08:38:03,1.0,1,59.22,1.0,0.0
U025103,control,IT,2026-05-07 09:09:58,1.0,1,31.98,0.0,0.0
U014664,control,DE,2026-05-07 09:10:04,0.0,0,0.0,0.0,0.0
U020247,treatment,IT,2026-05-07 09:11:12,0.0,0,0.0,0.0,0.0
U025104,treatment,DE,2026-05-07 09:16:51,1.0,1,47.97,0.0,1.0
U025105,control,IT,2026-05-07 09:33:06,1.0,1,19.99,0.0,0.0
U001145,control,IT,2026-05-07 09:33:18,0.0,0,0.0,0.0,0.0
U016388,control,DE,2026-05-07 09:45:59,0.0,0,0.0,0.0,0.0
U025108,control,IT,2026-05-07 10:04:20,1.0,1,16.99,0.0,0.0
U018397,control,DE,2026-05-07 10:06:00,0.0,0,0.0,0.0,0.0
U025106,control,DE,2026-05-07 10:07:35,1.0,1,31.98,0.0,0.0
U004246,control,DE,2026-05-07 10:09:40,1.0,1,23.99,0.0,0.0
U012802,control,IT,2026-05-07 10:15:39,1.0,1,12.99,0.0,0.0
U025107,control,IT,2026-05-07 10:18:04,1.0,1,31.98,0.0,0.0
U017191,treatment,DE,2026-05-07 10:35:46,1.0,1,77.96,0.0,0.0
U015870,treatment,IT,2026-05-07 11:18:18,1.0,1,24.99,0.0,0.0
U025109,control,DE,2026-05-07 11:23:50,1.0,1,26.09,0.0,0.0
U018707,treatment,DE,2026-05-07 11:27:38,1.0,1,26.99,0.0,0.0
U022225,treatment,IT,2026-05-07 11:32:27,0.0,0,0.0,0.0,0.0
U019508,treatment,IT,2026-05-07 11:35:15,1.0,1,88.21,1.0,0.0
U018427,treatment,DE,2026-05-07 11:52:44,0.0,0,0.0,0.0,0.0
U014412,control,DE,2026-05-07 11:52:58,0.0,0,0.0,0.0,0.0
U025110,treatment,IT,2026-05-07 12:15:06,1.0,1,21.99,0.0,0.0
U010746,treatment,DE,2026-05-07 12:23:39,0.0,0,0.0,0.0,0.0
U025111,control,IT,2026-05-07 12:24:25,1.0,1,21.99,0.0,0.0
U017487,treatment,IT,2026-05-07 12:29:26,2.0,1,56.97,0.0,0.0
U025113,treatment,DE,2026-05-07 12:34:50,1.0,1,110.96,1.0,0.0
U025112,treatment,DE,2026-05-07 12:41:23,1.0,1,129.69,1.0,0.0
U025114,treatment,DE,2026-05-07 12:41:37,1.0,1,110.96,1.0,0.0
U014650,treatment,DE,2026-05-07 12:50:53,0.0,0,0.0,0.0,0.0
U025115,treatment,DE,2026-05-07 13:00:54,2.0,1,127.5,1.0,0.0
U004976,treatment,DE,2026-05-07 13:05:25,0.0,0,0.0,0.0,0.0
U021829,treatment,DE,2026-05-07 13:28:20,0.0,0,0.0,0.0,0.0
U014501,treatment,DE,2026-05-07 13:44:03,0.0,0,0.0,0.0,0.0
U010429,treatment,IT,2026-05-07 13:59:01,1.0,1,38.98,1.0,0.0
U025117,treatment,IT,2026-05-07 14:10:09,1.0,1,67.72,1.0,0.0
U025116,control,IT,2026-05-07 14:11:03,1.0,1,53.98,0.0,0.0
U021452,treatment,IT,2026-05-07 14:19:16,2.0,1,90.21,1.0,0.0
U025119,control,DE,2026-05-07 14:21:57,1.0,1,21.99,0.0,0.0
U025118,control,DE,2026-05-07 14:31:28,1.0,1,24.29,0.0,0.0
U018170,treatment,IT,2026-05-07 14:48:52,1.0,1,24.99,0.0,0.0
U014217,control,DE,2026-05-07 14:49:49,0.0,0,0.0,0.0,0.0
U025120,control,DE,2026-05-07 14:59:26,1.0,1,21.99,0.0,0.0
U009814,treatment,IT,2026-05-07 15:06:42,0.0,0,0.0,0.0,0.0
U025121,treatment,DE,2026-05-07 15:07:10,1.0,1,34.98,0.0,0.0
U025122,control,IT,2026-05-07 15:17:29,1.0,1,46.98,0.0,0.0
U003433,control,DE,2026-05-07 15:40:23,1.0,1,37.98,0.0,0.0
U025123,control,IT,2026-05-07 15:45:39,1.0,1,19.79,0.0,0.0
U002054,treatment,DE,2026-05-07 16:05:22,0.0,0,0.0,0.0,0.0
U025125,treatment,IT,2026-05-07 16:09:38,1.0,1,16.99,0.0,0.0
U025124,treatment,DE,2026-05-07 16:15:51,1.0,1,54.98,0.0,0.0
U013952,treatment,IT,2026-05-07 16:19:52,0.0,0,0.0,0.0,0.0
U018333,control,DE,2026-05-07 16:21:42,0.0,0,0.0,0.0,0.0
U025126,control,DE,2026-05-07 16:31:34,1.0,1,53.98,0.0,0.0
U025127,control,DE,2026-05-07 16:50:25,1.0,1,42.27,0.0,0.0
U025128,treatment,IT,2026-05-07 16:59:44,1.0,1,41.98,0.0,0.0
U025130,control,DE,2026-05-07 17:08:06,1.0,1,24.99,0.0,0.0
U025129,treatment,DE,2026-05-07 17:12:09,1.0,1,53.97,0.0,0.0
U025131,treatment,DE,2026-05-07 17:36:09,1.0,1,80.96,0.0,0.0
U023963,treatment,DE,2026-05-07 17:43:50,0.0,0,0.0,0.0,0.0
U016717,control,IT,2026-05-07 17:53:06,0.0,0,0.0,0.0,0.0
U025133,control,IT,2026-05-07 17:56:47,1.0,1,19.79,0.0,0.0
U003838,treatment,IT,2026-05-07 17:59:07,0.0,0,0.0,0.0,0.0
U025132,control,IT,2026-05-07 18:15:21,2.0,1,57.98,0.0,0.0
U020631,control,DE,2026-05-07 18:17:28,0.0,0,0.0,0.0,0.0
U025134,control,DE,2026-05-07 18:17:54,1.0,1,49.98,0.0,0.0
U016391,control,IT,2026-05-07 18:39:34,0.0,0,0.0,0.0,0.0
U014906,control,IT,2026-05-07 18:42:39,1.0,1,27.98,0.0,0.0
U025135,treatment,IT,2026-05-07 18:43:43,1.0,1,85.22,1.0,0.0
U025136,treatment,DE,2026-05-07 19:14:17,1.0,1,35.98,0.0,0.0
U014622,control,DE,2026-05-07 19:20:49,0.0,0,0.0,0.0,0.0
U023254,control,DE,2026-05-07 19:30:40,0.0,0,0.0,0.0,0.0
U023876,treatment,IT,2026-05-07 19:41:33,0.0,0,0.0,0.0,0.0
U025137,treatment,DE,2026-05-07 19:44:32,1.0,1,11.69,0.0,0.0
U015402,control,DE,2026-05-07 20:06:00,0.0,0,0.0,0.0,0.0
U006514,control,DE,2026-05-07 20:08:56,1.0,1,59.98,0.0,0.0
U025138,control,DE,2026-05-07 20:26:41,2.0,1,51.47,0.0,0.0
U020509,control,IT,2026-05-07 20:28:02,0.0,0,0.0,0.0,0.0
U014569,control,DE,2026-05-07 20:32:46,1.0,1,32.98,0.0,0.0
U025139,treatment,IT,2026-05-07 21:04:59,1.0,1,36.98,0.0,0.0
U023648,treatment,DE,2026-05-07 21:16:48,0.0,0,0.0,0.0,0.0
U025140,control,IT,2026-05-07 21:26:44,1.0,1,37.78,0.0,0.0
U005576,treatment,DE,2026-05-07 21:28:12,1.0,1,69.72,1.0,0.0
U025141,treatment,DE,2026-05-07 21:37:20,2.0,1,60.97,1.0,0.0
U021897,control,IT,2026-05-07 21:56:11,0.0,0,0.0,0.0,0.0
U025142,treatment,IT,2026-05-07 21:58:49,1.0,1,51.27,0.0,0.0
U022260,treatment,IT,2026-05-07 21:59:47,0.0,0,0.0,0.0,0.0
U013988,treatment,DE,2026-05-07 22:07:24,0.0,0,0.0,0.0,0.0
U025143,control,DE,2026-05-07 22:08:03,1.0,1,45.98,0.0,0.0
U024118,control,DE,2026-05-07 22:47:05,2.0,1,136.95,0.0,1.0
U004389,treatment,DE,2026-05-07 22:56:34,2.0,1,94.96,0.0,0.0
U019577,treatment,IT,2026-05-07 23:10:11,1.0,1,34.99,0.0,0.0
U025144,control,DE,2026-05-07 23:24:34,1.0,1,42.98,0.0,0.0
U022339,treatment,IT,2026-05-07 23:27:27,0.0,0,0.0,0.0,0.0
U015737,control,DE,2026-05-07 23:35:47,0.0,0,0.0,0.0,0.0
U025145,treatment,DE,2026-05-07 23:54:33,1.0,1,73.32,1.0,0.0
U023206,control,DE,2026-05-08 00:08:21,1.0,1,59.97,0.0,0.0
U025146,treatment,DE,2026-05-08 00:22:22,1.0,1,31.48,0.0,0.0
U022425,control,DE,2026-05-08 00:39:30,0.0,0,0.0,0.0,0.0
U007998,control,IT,2026-05-08 00:58:39,0.0,0,0.0,0.0,0.0
U010019,control,DE,2026-05-08 02:28:21,1.0,1,14.99,0.0,0.0
U023940,treatment,DE,2026-05-08 02:42:22,1.0,1,21.99,0.0,0.0
U002809,treatment,IT,2026-05-08 02:42:54,0.0,0,0.0,0.0,0.0
U017259,control,DE,2026-05-08 02:46:39,0.0,0,0.0,0.0,0.0
U018208,control,IT,2026-05-08 02:50:01,0.0,0,0.0,0.0,0.0
U014537,control,IT,2026-05-08 03:04:45,0.0,0,0.0,0.0,0.0
U014535,control,DE,2026-05-08 03:47:12,1.0,1,19.99,0.0,0.0
U021810,treatment,IT,2026-05-08 04:06:09,0.0,0,0.0,0.0,0.0
U002665,treatment,DE,2026-05-08 04:37:32,0.0,0,0.0,0.0,0.0
U015599,treatment,IT,2026-05-08 04:42:50,0.0,0,0.0,0.0,0.0
U022922,control,DE,2026-05-08 05:32:26,0.0,0,0.0,0.0,0.0
U008040,treatment,DE,2026-05-08 05:32:29,2.0,1,123.2,1.0,0.0
U022557,control,IT,2026-05-08 06:07:42,0.0,0,0.0,0.0,0.0
U022957,control,IT,2026-05-08 06:27:12,1.0,1,49.98,0.0,0.0
U025147,control,DE,2026-05-08 06:51:49,1.0,1,19.99,0.0,0.0
U004680,control,DE,2026-05-08 07:10:24,2.0,1,205.02,0.0,0.0
U011469,treatment,IT,2026-05-08 07:28:45,2.0,1,84.96,0.0,0.0
U013834,treatment,IT,2026-05-08 07:59:45,0.0,0,0.0,0.0,0.0
U018615,treatment,DE,2026-05-08 08:13:06,1.0,1,14.99,0.0,0.0
U025148,control,DE,2026-05-08 08:29:44,1.0,1,16.19,0.0,0.0
U020682,control,IT,2026-05-08 08:32:23,0.0,0,0.0,0.0,0.0
U025150,control,IT,2026-05-08 08:39:58,1.0,1,19.79,0.0,0.0
U025149,control,IT,2026-05-08 08:50:35,1.0,1,29.68,0.0,0.0
U025151,treatment,DE,2026-05-08 08:58:30,1.0,1,31.98,0.0,0.0
U013544,treatment,IT,2026-05-08 09:18:15,1.0,1,24.99,0.0,0.0
U018951,control,DE,2026-05-08 09:35:46,0.0,0,0.0,0.0,0.0
U025152,control,DE,2026-05-08 09:56:48,2.0,1,90.46,0.0,0.0
U018338,treatment,IT,2026-05-08 10:01:21,0.0,0,0.0,0.0,0.0
U025153,control,IT,2026-05-08 10:02:31,1.0,1,31.48,0.0,0.0
U014805,control,DE,2026-05-08 10:16:11,1.0,1,41.98,0.0,0.0
U025154,control,DE,2026-05-08 10:20:02,1.0,1,17.99,0.0,0.0
U015749,treatment,IT,2026-05-08 10:24:09,0.0,0,0.0,0.0,0.0
U025155,control,IT,2026-05-08 11:00:08,1.0,1,11.69,0.0,0.0
U022332,treatment,DE,2026-05-08 11:37:24,0.0,0,0.0,0.0,0.0
U025156,control,IT,2026-05-08 11:43:57,1.0,1,40.48,0.0,0.0
U019883,treatment,DE,2026-05-08 12:11:39,0.0,0,0.0,0.0,0.0
U000907,treatment,IT,2026-05-08 12:21:45,0.0,0,0.0,0.0,0.0
U022843,treatment,IT,2026-05-08 12:36:39,0.0,0,0.0,0.0,0.0
U025157,treatment,DE,2026-05-08 12:42:21,1.0,1,36.98,0.0,0.0
U021845,treatment,IT,2026-05-08 13:12:32,1.0,1,56.98,0.0,0.0
U018764,control,DE,2026-05-08 13:13:34,0.0,0,0.0,0.0,0.0
U025159,control,IT,2026-05-08 13:21:48,1.0,1,21.99,0.0,0.0
U025158,treatment,DE,2026-05-08 13:32:39,1.0,1,57.98,0.0,0.0
U025160,treatment,DE,2026-05-08 13:53:36,1.0,1,17.99,0.0,0.0
U025161,treatment,DE,2026-05-08 14:10:04,1.0,1,24.99,0.0,0.0
U009051,treatment,DE,2026-05-08 14:21:23,0.0,0,0.0,0.0,0.0
U014829,treatment,IT,2026-05-08 14:36:56,1.0,1,119.97,0.0,0.0
U019497,control,IT,2026-05-08 14:37:44,0.0,0,0.0,0.0,0.0
U025162,treatment,DE,2026-05-08 14:38:48,1.0,1,30.73,1.0,0.0
U022617,control,DE,2026-05-08 14:54:51,0.0,0,0.0,0.0,0.0
U016130,control,DE,2026-05-08 15:13:59,1.0,1,12.99,0.0,0.0
U025163,treatment,IT,2026-05-08 15:40:56,1.0,1,21.99,0.0,0.0
U023165,control,DE,2026-05-08 15:43:36,1.0,1,66.97,0.0,0.0
U025164,treatment,DE,2026-05-08 16:18:04,1.0,1,52.18,0.0,0.0
U019169,control,IT,2026-05-08 16:23:47,1.0,1,52.98,0.0,0.0
U004760,treatment,DE,2026-05-08 16:38:24,1.0,1,44.98,0.0,0.0
U025165,control,IT,2026-05-08 16:57:54,1.0,1,16.99,0.0,0.0
U025166,control,IT,2026-05-08 17:02:28,1.0,1,31.48,0.0,0.0
U014389,treatment,IT,2026-05-08 17:10:30,1.0,1,36.98,0.0,0.0
U007104,treatment,DE,2026-05-08 17:37:52,1.0,1,25.98,0.0,0.0
U025167,treatment,IT,2026-05-08 17:53:24,1.0,1,78.97,1.0,0.0
U025168,treatment,IT,2026-05-08 18:07:46,1.0,1,12.99,0.0,0.0
U025169,treatment,IT,2026-05-08 18:27:15,1.0,1,48.98,0.0,0.0
U000905,control,DE,2026-05-08 18:30:20,0.0,0,0.0,0.0,0.0
U025170,treatment,DE,2026-05-08 18:36:51,1.0,1,36.98,0.0,0.0
U022246,control,IT,2026-05-08 18:43:33,1.0,1,14.99,0.0,0.0
U025171,control,DE,2026-05-08 18:48:29,1.0,1,32.98,0.0,1.0
U022745,treatment,DE,2026-05-08 18:52:05,0.0,0,0.0,0.0,0.0
U003779,treatment,IT,2026-05-08 18:58:21,2.0,1,94.97,0.0,0.0
U022810,treatment,DE,2026-05-08 18:58:22,1.0,1,52.73,1.0,0.0
U016906,control,IT,2026-05-08 19:02:12,2.0,1,109.95,0.0,0.0
U025172,treatment,IT,2026-05-08 19:11:24,1.0,1,15.29,0.0,0.0
U020274,control,IT,2026-05-08 19:23:48,0.0,0,0.0,0.0,0.0
U025175,treatment,DE,2026-05-08 19:29:37,1.0,1,84.56,0.0,0.0
U025173,control,IT,2026-05-08 19:31:03,1.0,1,24.99,0.0,0.0
U022134,control,IT,2026-05-08 19:39:18,0.0,0,0.0,0.0,0.0
U025174,control,DE,2026-05-08 19:42:15,1.0,1,19.79,0.0,0.0
U020356,treatment,DE,2026-05-08 19:53:54,0.0,0,0.0,0.0,0.0
U009254,treatment,DE,2026-05-08 19:58:33,0.0,0,0.0,0.0,0.0
U025176,treatment,IT,2026-05-08 20:09:39,1.0,1,43.08,1.0,0.0
U013616,control,DE,2026-05-08 20:10:36,0.0,0,0.0,0.0,0.0
U008617,treatment,DE,2026-05-08 20:14:55,1.0,1,28.93,1.0,0.0
U025178,treatment,DE,2026-05-08 20:18:07,1.0,1,29.98,0.0,0.0
U000668,treatment,DE,2026-05-08 20:20:17,0.0,0,0.0,0.0,0.0
U025180,control,IT,2026-05-08 20:21:37,1.0,1,21.99,0.0,0.0
U025177,control,DE,2026-05-08 20:25:45,1.0,1,15.29,0.0,0.0
U025179,treatment,DE,2026-05-08 20:32:51,2.0,1,56.97,0.0,0.0
U025181,control,IT,2026-05-08 20:47:29,1.0,1,29.99,0.0,0.0
U022247,control,IT,2026-05-08 20:48:19,0.0,0,0.0,0.0,0.0
U012859,treatment,IT,2026-05-08 21:02:18,1.0,1,78.97,1.0,0.0
U016272,treatment,IT,2026-05-08 21:11:50,1.0,1,32.73,1.0,0.0
U016721,control,DE,2026-05-08 21:54:57,1.0,1,14.99,0.0,0.0
U008043,treatment,DE,2026-05-08 22:11:57,1.0,1,46.98,0.0,0.0
U020318,treatment,DE,2026-05-08 22:15:12,0.0,0,0.0,0.0,0.0
U025182,treatment,DE,2026-05-08 22:37:45,1.0,1,17.99,0.0,0.0
U025183,control,DE,2026-05-08 22:40:30,1.0,1,37.98,0.0,0.0
U018551,treatment,IT,2026-05-08 22:52:19,0.0,0,0.0,0.0,0.0
U021510,control,DE,2026-05-08 23:03:03,0.0,0,0.0,0.0,0.0
U018458,treatment,DE,2026-05-08 23:23:37,0.0,0,0.0,0.0,0.0
U013900,control,IT,2026-05-08 23:47:37,0.0,0,0.0,0.0,0.0
U025184,treatment,DE,2026-05-08 23:51:06,1.0,1,57.98,0.0,0.0
U012378,control,DE,2026-05-09 00:25:58,0.0,0,0.0,0.0,0.0
U020174,treatment,IT,2026-05-09 00:40:12,0.0,0,0.0,0.0,0.0
U013846,control,IT,2026-05-09 00:48:34,0.0,0,0.0,0.0,0.0
U022858,treatment,DE,2026-05-09 00:50:04,1.0,1,56.97,1.0,0.0
U013034,treatment,DE,2026-05-09 01:27:13,1.0,1,159.95,0.0,0.0
U017625,treatment,IT,2026-05-09 02:13:28,0.0,0,0.0,0.0,0.0
U024163,treatment,IT,2026-05-09 02:52:00,0.0,0,0.0,0.0,0.0
U013010,control,DE,2026-05-09 02:56:46,2.0,1,79.96,0.0,0.0
U022386,treatment,DE,2026-05-09 03:02:19,2.0,1,140.93,0.0,0.0
U019611,treatment,DE,2026-05-09 03:11:01,0.0,0,0.0,0.0,0.0
U012321,control,IT,2026-05-09 03:44:07,0.0,0,0.0,0.0,0.0
U005844,treatment,DE,2026-05-09 03:51:02,0.0,0,0.0,0.0,0.0
U023252,treatment,DE,2026-05-09 05:59:57,0.0,0,0.0,0.0,0.0
U013185,treatment,IT,2026-05-09 06:11:36,0.0,0,0.0,0.0,0.0
U015086,treatment,IT,2026-05-09 06:28:24,1.0,1,29.73,1.0,0.0
U018370,treatment,DE,2026-05-09 06:29:36,0.0,0,0.0,0.0,0.0
U025185,control,DE,2026-05-09 07:01:00,1.0,1,16.19,0.0,0.0
U020421,treatment,DE,2026-05-09 07:18:58,1.0,1,54.98,0.0,0.0
U022050,control,IT,2026-05-09 07:57:51,0.0,0,0.0,0.0,0.0
U019289,control,DE,2026-05-09 08:31:09,0.0,0,0.0,0.0,0.0
U023536,control,DE,2026-05-09 08:57:12,1.0,1,49.98,0.0,0.0
U020403,treatment,IT,2026-05-09 08:58:42,0.0,0,0.0,0.0,0.0
U025187,treatment,IT,2026-05-09 09:18:12,1.0,1,28.99,0.0,1.0
U006299,treatment,DE,2026-05-09 09:20:36,0.0,0,0.0,0.0,0.0
U025186,control,DE,2026-05-09 09:27:52,1.0,1,43.98,0.0,0.0
U006653,treatment,IT,2026-05-09 09:41:43,1.0,1,28.99,0.0,0.0
U011732,treatment,DE,2026-05-09 09:50:24,1.0,1,21.99,0.0,0.0
U025188,control,DE,2026-05-09 09:53:23,1.0,1,29.99,0.0,0.0
U012675,treatment,DE,2026-05-09 10:19:35,0.0,0,0.0,0.0,0.0
U016825,control,DE,2026-05-09 10:22:50,0.0,0,0.0,0.0,0.0
U023736,control,DE,2026-05-09 10:42:28,1.0,1,41.98,0.0,0.0
U025189,control,DE,2026-05-09 10:47:13,1.0,1,36.98,0.0,0.0
U023770,treatment,IT,2026-05-09 10:48:41,0.0,0,0.0,0.0,0.0
U025190,control,IT,2026-05-09 11:09:02,1.0,1,39.58,0.0,0.0
U025191,treatment,DE,2026-05-09 11:28:31,1.0,1,32.53,1.0,0.0
U021669,treatment,IT,2026-05-09 11:37:54,0.0,0,0.0,0.0,0.0
U016465,control,IT,2026-05-09 11:42:47,0.0,0,0.0,0.0,0.0
U005283,treatment,IT,2026-05-09 12:01:03,0.0,0,0.0,0.0,0.0
U013629,treatment,IT,2026-05-09 12:59:37,0.0,0,0.0,0.0,0.0
U023126,control,IT,2026-05-09 12:59:41,0.0,0,0.0,0.0,0.0
U025193,treatment,IT,2026-05-09 13:08:24,1.0,1,45.98,1.0,0.0
U025192,control,IT,2026-05-09 13:10:39,1.0,1,19.79,0.0,0.0
U025194,treatment,IT,2026-05-09 13:27:04,0.0,0,0.0,0.0,0.0
U012645,control,DE,2026-05-09 13:38:32,0.0,0,0.0,0.0,0.0
U017363,control,DE,2026-05-09 13:47:19,0.0,0,0.0,0.0,0.0
U009788,treatment,DE,2026-05-09 14:14:54,0.0,0,0.0,0.0,0.0
U025196,control,DE,2026-05-09 14:15:12,1.0,1,17.99,0.0,0.0
U025195,control,IT,2026-05-09 14:25:43,1.0,1,33.28,0.0,1.0
U013886,treatment,IT,2026-05-09 14:39:16,0.0,0,0.0,0.0,0.0
U025197,control,DE,2026-05-09 15:36:14,1.0,1,28.99,0.0,0.0
U013159,treatment,DE,2026-05-09 15:49:10,1.0,1,61.22,1.0,0.0
U007576,treatment,IT,2026-05-09 16:02:16,0.0,0,0.0,0.0,0.0
U025198,treatment,IT,2026-05-09 16:06:51,1.0,1,34.98,1.0,0.0
U013615,control,DE,2026-05-09 16:09:49,0.0,0,0.0,0.0,0.0
U025199,treatment,DE,2026-05-09 16:48:40,1.0,1,17.99,0.0,0.0
U003637,control,IT,2026-05-09 16:54:01,1.0,1,34.98,0.0,0.0
U020250,treatment,IT,2026-05-09 17:14:50,0.0,0,0.0,0.0,0.0
U009582,control,DE,2026-05-09 17:26:35,0.0,0,0.0,0.0,0.0
U001510,treatment,DE,2026-05-09 17:40:37,3.0,1,246.89,3.0,0.0
U006271,control,IT,2026-05-09 17:45:42,0.0,0,0.0,0.0,0.0
U025200,control,IT,2026-05-09 17:51:43,1.0,1,21.99,0.0,0.0
U014655,treatment,DE,2026-05-09 18:15:20,1.0,1,39.98,0.0,0.0
U025201,treatment,DE,2026-05-09 18:18:08,1.0,1,62.97,0.0,0.0
U025202,control,DE,2026-05-09 18:38:24,2.0,1,64.46,0.0,0.0
U025203,control,IT,2026-05-09 18:41:10,1.0,1,24.99,0.0,0.0
U013839,treatment,IT,2026-05-09 18:42:27,0.0,0,0.0,0.0,0.0
U025205,control,DE,2026-05-09 18:59:24,1.0,1,16.99,0.0,0.0
U025204,treatment,IT,2026-05-09 19:07:01,1.0,1,78.97,1.0,0.0
U008879,control,IT,2026-05-09 19:08:59,0.0,0,0.0,0.0,0.0
U024102,treatment,DE,2026-05-09 19:18:04,0.0,0,0.0,0.0,0.0
U023512,treatment,IT,2026-05-09 19:28:30,0.0,0,0.0,0.0,0.0
U023819,control,DE,2026-05-09 19:29:35,0.0,0,0.0,0.0,0.0
U025206,treatment,IT,2026-05-09 19:50:36,1.0,1,69.72,1.0,0.0
U010638,treatment,IT,2026-05-09 19:50:39,0.0,0,0.0,0.0,0.0
U025207,control,IT,2026-05-09 19:55:13,1.0,1,19.99,0.0,0.0
U000283,treatment,DE,2026-05-09 20:00:06,0.0,0,0.0,0.0,0.0
U025208,treatment,IT,2026-05-09 20:03:03,1.0,1,34.73,1.0,0.0
U018717,control,IT,2026-05-09 20:14:53,1.0,1,24.99,0.0,0.0
U025209,treatment,DE,2026-05-09 20:25:36,1.0,1,124.95,1.0,0.0
U017713,treatment,DE,2026-05-09 20:34:32,0.0,0,0.0,0.0,0.0
U025210,treatment,DE,2026-05-09 20:44:02,1.0,1,26.99,0.0,0.0
U025212,control,DE,2026-05-09 21:13:25,2.0,1,132.95,0.0,0.0
U021612,control,DE,2026-05-09 21:13:47,0.0,0,0.0,0.0,0.0
U025211,treatment,IT,2026-05-09 21:25:31,1.0,1,86.37,0.0,0.0
U025213,treatment,DE,2026-05-09 21:28:44,1.0,1,35.98,0.0,0.0
U025214,control,DE,2026-05-09 21:35:55,1.0,1,29.99,0.0,0.0
U021482,control,DE,2026-05-09 22:05:02,0.0,0,0.0,0.0,0.0
U013341,control,DE,2026-05-09 22:09:22,1.0,1,14.99,0.0,0.0
U014812,control,DE,2026-05-09 22:20:18,0.0,0,0.0,0.0,0.0
U022636,treatment,DE,2026-05-09 22:21:04,1.0,1,90.96,1.0,0.0
U021124,treatment,IT,2026-05-09 22:26:27,0.0,0,0.0,0.0,0.0
U009229,control,IT,2026-05-09 22:34:50,1.0,1,29.98,0.0,0.0
U021724,control,DE,2026-05-09 22:45:32,0.0,0,0.0,0.0,0.0
U012279,control,IT,2026-05-09 22:51:39,0.0,0,0.0,0.0,0.0
U022441,treatment,DE,2026-05-09 22:56:55,0.0,0,0.0,0.0,0.0
U019239,treatment,IT,2026-05-09 23:24:27,0.0,0,0.0,0.0,0.0
U018514,treatment,DE,2026-05-10 00:01:14,0.0,0,0.0,0.0,0.0
U003698,treatment,DE,2026-05-10 00:07:52,0.0,0,0.0,0.0,0.0
U025215,control,IT,2026-05-10 00:14:32,1.0,1,41.98,0.0,0.0
U018674,treatment,IT,2026-05-10 00:29:23,0.0,0,0.0,0.0,0.0
U020610,treatment,DE,2026-05-10 00:59:00,0.0,0,0.0,0.0,0.0
U007256,control,IT,2026-05-10 01:07:40,0.0,0,0.0,0.0,0.0
U023356,treatment,DE,2026-05-10 01:31:17,0.0,0,0.0,0.0,0.0
U023568,control,DE,2026-05-10 01:36:42,0.0,0,0.0,0.0,0.0
U012284,treatment,DE,2026-05-10 02:00:20,1.0,1,48.98,1.0,0.0
U016747,control,DE,2026-05-10 02:00:53,1.0,1,19.99,0.0,0.0
U013394,control,DE,2026-05-10 02:25:49,0.0,0,0.0,0.0,0.0
U020496,control,IT,2026-05-10 02:25:57,0.0,0,0.0,0.0,0.0
U012165,control,DE,2026-05-10 02:40:39,0.0,0,0.0,0.0,0.0
U007784,control,IT,2026-05-10 03:23:50,0.0,0,0.0,0.0,0.0
U000190,control,IT,2026-05-10 03:30:05,0.0,0,0.0,0.0,0.0
U023107,treatment,IT,2026-05-10 03:38:14,0.0,0,0.0,0.0,0.0
U022317,treatment,DE,2026-05-10 03:44:09,0.0,0,0.0,0.0,0.0
U023915,control,DE,2026-05-10 03:55:29,0.0,0,0.0,0.0,0.0
U015060,control,DE,2026-05-10 04:09:29,1.0,1,21.99,0.0,0.0
U019458,control,DE,2026-05-10 04:39:33,0.0,0,0.0,0.0,0.0
U022618,treatment,IT,2026-05-10 04:42:51,0.0,0,0.0,0.0,0.0
U019113,control,DE,2026-05-10 04:48:38,0.0,0,0.0,0.0,0.0
U023404,control,DE,2026-05-10 04:54:36,0.0,0,0.0,0.0,0.0
U003448,treatment,DE,2026-05-10 04:54:56,1.0,1,36.98,0.0,0.0
U016824,control,DE,2026-05-10 05:03:00,0.0,0,0.0,0.0,0.0
U020377,control,IT,2026-05-10 05:11:30,0.0,0,0.0,0.0,0.0
U015498,control,DE,2026-05-10 05:16:29,0.0,0,0.0,0.0,0.0
U019454,control,IT,2026-05-10 05:45:24,0.0,0,0.0,0.0,0.0
U021895,treatment,IT,2026-05-10 06:10:48,0.0,0,0.0,0.0,0.0
U004224,control,IT,2026-05-10 06:34:59,0.0,0,0.0,0.0,0.0
U015778,control,IT,2026-05-10 06:45:00,0.0,0,0.0,0.0,0.0
U021559,control,IT,2026-05-10 07:01:01,1.0,1,66.98,0.0,0.0
U025216,control,DE,2026-05-10 07:02:19,1.0,1,42.28,0.0,0.0
U025217,control,DE,2026-05-10 07:09:23,1.0,1,32.38,0.0,0.0
U019198,control,IT,2026-05-10 07:14:25,0.0,0,0.0,0.0,0.0
U016490,control,DE,2026-05-10 07:17:59,1.0,1,39.99,0.0,0.0
U017136,control,DE,2026-05-10 07:20:33,1.0,1,53.98,0.0,0.0
U019725,treatment,DE,2026-05-10 07:26:56,0.0,0,0.0,0.0,0.0
U019033,treatment,DE,2026-05-10 08:03:31,1.0,1,41.98,0.0,0.0
U017638,treatment,DE,2026-05-10 08:22:28,0.0,0,0.0,0.0,0.0
U025219,control,DE,2026-05-10 08:26:04,1.0,1,33.28,0.0,0.0
U025218,control,DE,2026-05-10 08:37:37,1.0,1,24.99,0.0,0.0
U022726,treatment,IT,2026-05-10 08:46:57,0.0,0,0.0,0.0,0.0
U025220,treatment,DE,2026-05-10 08:51:50,1.0,1,41.28,1.0,0.0
U025221,control,IT,2026-05-10 09:13:09,1.0,1,16.99,0.0,0.0
U022475,control,IT,2026-05-10 09:16:02,1.0,1,15.99,0.0,0.0
U018714,control,IT,2026-05-10 09:50:33,1.0,1,39.98,0.0,0.0
U025223,control,DE,2026-05-10 09:54:41,1.0,1,19.79,0.0,0.0
U025222,control,DE,2026-05-10 10:12:53,1.0,1,151.15,0.0,0.0
U023347,control,DE,2026-05-10 10:48:39,0.0,0,0.0,0.0,0.0
U017368,treatment,IT,2026-05-10 10:58:36,0.0,0,0.0,0.0,0.0
U022132,control,DE,2026-05-10 11:00:38,0.0,0,0.0,0.0,0.0
U025224,control,DE,2026-05-10 11:05:59,2.0,1,117.85,0.0,0.0
U025225,control,DE,2026-05-10 11:13:49,1.0,1,21.99,0.0,0.0
U005824,control,IT,2026-05-10 11:24:14,1.0,1,84.98,0.0,1.0
U019952,treatment,IT,2026-05-10 11:52:38,0.0,0,0.0,0.0,0.0
U016737,treatment,IT,2026-05-10 11:58:57,1.0,1,12.99,0.0,0.0
U013120,control,DE,2026-05-10 12:05:13,0.0,0,0.0,0.0,0.0
U023059,treatment,IT,2026-05-10 12:18:05,0.0,0,0.0,0.0,0.0
U007604,treatment,DE,2026-05-10 12:46:04,0.0,0,0.0,0.0,0.0
U025226,control,IT,2026-05-10 13:11:12,1.0,1,26.98,0.0,0.0
U023122,treatment,DE,2026-05-10 13:34:48,0.0,0,0.0,0.0,0.0
U000340,control,DE,2026-05-10 14:02:47,1.0,1,64.97,0.0,0.0
U025227,control,DE,2026-05-10 14:16:38,1.0,1,27.99,0.0,0.0
U017573,treatment,DE,2026-05-10 14:21:35,1.0,1,69.98,0.0,0.0
U007543,treatment,IT,2026-05-10 14:33:48,0.0,0,0.0,0.0,0.0
U025228,control,DE,2026-05-10 14:50:18,2.0,1,229.82,0.0,0.0
U025229,control,IT,2026-05-10 14:55:54,1.0,1,19.99,0.0,0.0
U023691,control,IT,2026-05-10 15:17:31,0.0,0,0.0,0.0,0.0
U023499,control,DE,2026-05-10 15:35:36,1.0,1,19.99,0.0,0.0
U017811,control,IT,2026-05-10 15:44:19,0.0,0,0.0,0.0,0.0
U025230,treatment,IT,2026-05-10 16:00:10,1.0,1,31.48,0.0,0.0
U009470,treatment,IT,2026-05-10 16:21:00,1.0,1,49.98,0.0,0.0
U011056,control,DE,2026-05-10 16:25:25,0.0,0,0.0,0.0,0.0
U023410,control,IT,2026-05-10 16:29:07,1.0,1,29.98,0.0,0.0
U025231,control,DE,2026-05-10 16:31:55,1.0,1,16.19,0.0,0.0
U013018,treatment,DE,2026-05-10 16:44:02,3.0,1,56.97,0.0,1.0
U025232,treatment,IT,2026-05-10 16:47:54,1.0,1,16.99,0.0,0.0
U025233,treatment,IT,2026-05-10 17:18:58,1.0,1,24.29,0.0,0.0
U020518,control,DE,2026-05-10 17:24:37,0.0,0,0.0,0.0,0.0
U025234,treatment,IT,2026-05-10 17:30:16,2.0,1,33.98,0.0,0.0
U023324,treatment,IT,2026-05-10 17:33:38,0.0,0,0.0,0.0,0.0
U007155,control,IT,2026-05-10 17:33:54,0.0,0,0.0,0.0,0.0
U023354,control,DE,2026-05-10 18:00:08,1.0,1,19.99,0.0,0.0
U017434,treatment,DE,2026-05-10 18:05:03,1.0,1,65.22,1.0,0.0
U013276,treatment,DE,2026-05-10 18:13:08,1.0,1,56.98,1.0,1.0
U021273,control,IT,2026-05-10 18:18:23,0.0,0,0.0,0.0,0.0
U021906,control,IT,2026-05-10 18:21:47,0.0,0,0.0,0.0,0.0
U010221,control,IT,2026-05-10 18:21:55,0.0,0,0.0,0.0,0.0
U019885,control,DE,2026-05-10 18:22:23,1.0,1,39.98,0.0,0.0
U023096,control,IT,2026-05-10 18:27:38,2.0,1,96.97,0.0,0.0
U025235,treatment,DE,2026-05-10 18:32:34,1.0,1,77.97,0.0,0.0
U017664,treatment,DE,2026-05-10 18:35:27,0.0,0,0.0,0.0,0.0
U023013,treatment,IT,2026-05-10 19:02:56,0.0,0,0.0,0.0,0.0
U025237,treatment,IT,2026-05-10 19:09:44,0.0,0,0.0,0.0,0.0
U025236,treatment,DE,2026-05-10 19:10:38,1.0,1,44.98,0.0,0.0
U025238,control,DE,2026-05-10 19:13:32,1.0,1,30.98,0.0,0.0
U025239,control,DE,2026-05-10 19:15:05,1.0,1,16.99,0.0,0.0
U019478,treatment,DE,2026-05-10 19:23:45,1.0,1,30.73,1.0,0.0
U020782,treatment,IT,2026-05-10 19:36:24,0.0,0,0.0,0.0,0.0
U025240,control,DE,2026-05-10 19:41:44,1.0,1,17.99,0.0,1.0
U025241,control,DE,2026-05-10 19:59:20,1.0,1,39.98,0.0,0.0
U025243,control,DE,2026-05-10 20:01:54,1.0,1,17.99,0.0,0.0
U025242,control,DE,2026-05-10 20:03:36,1.0,1,24.29,0.0,0.0
U025244,treatment,DE,2026-05-10 20:06:40,1.0,1,29.99,0.0,0.0
U014429,control,IT,2026-05-10 20:34:20,1.0,1,19.99,0.0,0.0
U023897,treatment,DE,2026-05-10 20:47:18,0.0,0,0.0,0.0,0.0
U025247,treatment,DE,2026-05-10 20:58:51,1.0,1,28.99,0.0,0.0
U019533,treatment,DE,2026-05-10 20:59:39,0.0,0,0.0,0.0,0.0
U025245,treatment,DE,2026-05-10 21:04:32,1.0,1,34.73,1.0,0.0
U025246,control,DE,2026-05-10 21:07:59,2.0,1,245.93,0.0,0.0
U006030,control,DE,2026-05-10 21:14:42,1.0,1,131.95,0.0,0.0
U025248,treatment,DE,2026-05-10 21:25:45,1.0,1,38.98,1.0,0.0
U008906,control,IT,2026-05-10 21:26:33,1.0,1,11.99,0.0,0.0
U025251,control,IT,2026-05-10 22:01:09,1.0,1,26.09,0.0,0.0
U025250,control,IT,2026-05-10 22:08:14,1.0,1,48.97,0.0,0.0
U025249,treatment,DE,2026-05-10 22:11:35,1.0,1,84.97,0.0,0.0
U025253,treatment,DE,2026-05-10 22:23:18,1.0,1,54.97,1.0,0.0
U025252,treatment,DE,2026-05-10 22:23:52,1.0,1,33.18,1.0,0.0
U015867,treatment,DE,2026-05-10 22:32:30,0.0,0,0.0,0.0,0.0
U025254,treatment,DE,2026-05-10 22:49:20,1.0,1,19.79,0.0,0.0
U023175,control,DE,2026-05-10 22:58:38,0.0,0,0.0,0.0,0.0
U020507,control,IT,2026-05-11 00:03:41,0.0,0,0.0,0.0,0.0
U006040,control,DE,2026-05-11 00:28:14,0.0,0,0.0,0.0,0.0
U025255,control,DE,2026-05-11 00:44:20,1.0,1,10.79,0.0,0.0
U020628,control,IT,2026-05-11 00:50:08,0.0,0,0.0,0.0,0.0
U020033,control,IT,2026-05-11 01:12:31,0.0,0,0.0,0.0,0.0
U015837,treatment,DE,2026-05-11 02:05:48,0.0,0,0.0,0.0,0.0
U025256,treatment,IT,2026-05-11 02:50:25,2.0,1,43.98,0.0,0.0
U021782,control,DE,2026-05-11 03:41:17,0.0,0,0.0,0.0,0.0
U015741,treatment,IT,2026-05-11 03:51:54,0.0,0,0.0,0.0,0.0
U012243,control,IT,2026-05-11 04:04:33,0.0,0,0.0,0.0,0.0
U021470,treatment,IT,2026-05-11 04:05:25,1.0,1,13.49,0.0,0.0
U018493,control,IT,2026-05-11 04:21:29,0.0,0,0.0,0.0,0.0
U021334,treatment,IT,2026-05-11 04:25:21,0.0,0,0.0,0.0,0.0
U020761,control,DE,2026-05-11 04:33:50,1.0,1,16.99,0.0,0.0
U022023,treatment,DE,2026-05-11 05:08:07,0.0,0,0.0,0.0,0.0
U008880,treatment,DE,2026-05-11 05:14:11,2.0,1,99.7,1.0,0.0
U025257,control,IT,2026-05-11 05:17:23,1.0,1,21.99,0.0,0.0
U021709,control,DE,2026-05-11 05:23:17,0.0,0,0.0,0.0,0.0
U011938,control,IT,2026-05-11 05:25:53,0.0,0,0.0,0.0,0.0
U013016,treatment,IT,2026-05-11 05:26:03,0.0,0,0.0,0.0,0.0
U025258,treatment,IT,2026-05-11 05:49:10,1.0,1,37.98,0.0,0.0
U022433,control,IT,2026-05-11 06:19:41,0.0,0,0.0,0.0,0.0
U020694,control,DE,2026-05-11 06:44:37,0.0,0,0.0,0.0,0.0
U007811,control,IT,2026-05-11 06:53:25,0.0,0,0.0,0.0,0.0
U013962,control,DE,2026-05-11 07:16:49,0.0,0,0.0,0.0,0.0
U021365,control,DE,2026-05-11 07:30:54,0.0,0,0.0,0.0,0.0
U012935,control,IT,2026-05-11 07:45:21,0.0,0,0.0,0.0,0.0
U025259,control,DE,2026-05-11 07:55:06,1.0,1,24.99,0.0,0.0
U025260,control,DE,2026-05-11 08:14:51,1.0,1,17.99,0.0,0.0
U023576,control,DE,2026-05-11 08:25:56,1.0,1,19.99,0.0,0.0
U025261,control,DE,2026-05-11 08:31:39,1.0,1,17.99,0.0,0.0
U000044,treatment,DE,2026-05-11 08:41:57,2.0,1,119.96,0.0,0.0
U025262,treatment,DE,2026-05-11 08:50:16,1.0,1,42.28,0.0,0.0
U023697,treatment,DE,2026-05-11 09:06:50,1.0,1,59.98,0.0,0.0
U017321,treatment,DE,2026-05-11 09:22:38,1.0,1,36.98,0.0,0.0
U024026,treatment,IT,2026-05-11 09:31:28,0.0,0,0.0,0.0,0.0
U025263,treatment,IT,2026-05-11 09:33:39,1.0,1,32.98,1.0,0.0
U025264,treatment,IT,2026-05-11 09:59:35,1.0,1,80.96,0.0,0.0
U015057,control,IT,2026-05-11 10:05:02,0.0,0,0.0,0.0,0.0
U019623,treatment,IT,2026-05-11 10:27:23,0.0,0,0.0,0.0,0.0
U025265,control,DE,2026-05-11 11:39:42,1.0,1,46.78,0.0,0.0
U025266,control,IT,2026-05-11 11:52:36,1.0,1,26.99,0.0,0.0
U025267,control,IT,2026-05-11 11:56:22,1.0,1,28.99,0.0,1.0
U024147,treatment,IT,2026-05-11 12:07:19,0.0,0,0.0,0.0,0.0
U009181,control,DE,2026-05-11 12:24:02,1.0,1,34.98,0.0,0.0
U014637,control,IT,2026-05-11 12:35:49,0.0,0,0.0,0.0,0.0
U012863,treatment,DE,2026-05-11 12:45:03,2.0,1,84.96,0.0,0.0
U023227,control,DE,2026-05-11 12:46:28,0.0,0,0.0,0.0,0.0
U025268,treatment,DE,2026-05-11 13:01:26,1.0,1,51.97,0.0,0.0
U014660,control,DE,2026-05-11 13:07:45,0.0,0,0.0,0.0,0.0
U020520,treatment,IT,2026-05-11 13:19:25,1.0,1,21.99,0.0,0.0
U023964,treatment,DE,2026-05-11 13:22:12,1.0,1,64.98,0.0,0.0
U025269,control,IT,2026-05-11 13:32:49,1.0,1,37.78,0.0,0.0
U025270,control,DE,2026-05-11 13:43:17,1.0,1,19.99,0.0,0.0
U008372,treatment,DE,2026-05-11 13:55:30,1.0,1,36.23,1.0,0.0
U025271,treatment,DE,2026-05-11 13:58:08,1.0,1,39.98,0.0,0.0
U025272,control,DE,2026-05-11 14:17:46,1.0,1,26.99,0.0,0.0
U025273,treatment,IT,2026-05-11 14:22:13,1.0,1,33.28,0.0,0.0
U020828,treatment,IT,2026-05-11 14:28:33,1.0,1,47.72,1.0,0.0
U008850,treatment,IT,2026-05-11 14:48:05,0.0,0,0.0,0.0,0.0
U025274,treatment,IT,2026-05-11 14:57:00,1.0,1,45.98,1.0,0.0
U025275,treatment,DE,2026-05-11 15:40:29,2.0,1,57.98,0.0,0.0
U025277,control,DE,2026-05-11 16:16:55,1.0,1,43.98,0.0,0.0
U017038,treatment,DE,2026-05-11 16:20:28,0.0,0,0.0,0.0,0.0
U025276,control,DE,2026-05-11 16:22:10,1.0,1,44.98,0.0,0.0
U021984,treatment,DE,2026-05-11 16:47:31,0.0,0,0.0,0.0,0.0
U014262,treatment,IT,2026-05-11 16:52:21,0.0,0,0.0,0.0,0.0
U023225,control,DE,2026-05-11 16:57:02,0.0,0,0.0,0.0,0.0
U016300,treatment,DE,2026-05-11 16:59:53,1.0,1,37.73,1.0,0.0
U017595,treatment,IT,2026-05-11 17:01:45,0.0,0,0.0,0.0,0.0
U025278,treatment,DE,2026-05-11 17:06:02,1.0,1,21.99,0.0,0.0
U017827,treatment,DE,2026-05-11 17:11:22,0.0,0,0.0,0.0,0.0
U016041,treatment,IT,2026-05-11 17:34:56,1.0,1,54.98,0.0,0.0
U025279,treatment,IT,2026-05-11 17:36:06,1.0,1,24.43,1.0,0.0
U025280,control,IT,2026-05-11 18:18:42,2.0,1,71.97,0.0,0.0
U025281,control,IT,2026-05-11 18:27:37,1.0,1,15.29,0.0,0.0
U019584,control,IT,2026-05-11 18:34:09,0.0,0,0.0,0.0,0.0
U021887,treatment,DE,2026-05-11 18:35:13,0.0,0,0.0,0.0,0.0
U022330,control,IT,2026-05-11 19:03:12,1.0,1,13.99,0.0,0.0
U020572,treatment,IT,2026-05-11 19:09:36,0.0,0,0.0,0.0,0.0
U025283,control,DE,2026-05-11 19:33:25,1.0,1,61.17,0.0,1.0
U017590,control,DE,2026-05-11 19:38:53,0.0,0,0.0,0.0,0.0
U017675,treatment,IT,2026-05-11 19:41:08,0.0,0,0.0,0.0,0.0
U017915,control,DE,2026-05-11 19:42:24,0.0,0,0.0,0.0,0.0
U025282,control,IT,2026-05-11 19:45:47,1.0,1,23.99,0.0,0.0
U005500,treatment,IT,2026-05-11 20:07:49,0.0,0,0.0,0.0,0.0
U019076,treatment,DE,2026-05-11 20:13:54,0.0,0,0.0,0.0,0.0
U025285,treatment,IT,2026-05-11 20:19:32,1.0,1,32.98,1.0,0.0
U025284,treatment,DE,2026-05-11 20:29:34,1.0,1,23.99,0.0,0.0
U014991,control,DE,2026-05-11 20:33:00,2.0,1,84.97,0.0,0.0
U019099,control,IT,2026-05-11 20:34:32,0.0,0,0.0,0.0,0.0
U018940,control,DE,2026-05-11 20:40:16,0.0,0,0.0,0.0,0.0
U025287,control,IT,2026-05-11 20:45:35,1.0,1,26.99,0.0,0.0
U025286,treatment,DE,2026-05-11 20:49:44,1.0,1,28.99,0.0,1.0
U025289,control,DE,2026-05-11 20:50:48,1.0,1,70.96,0.0,0.0
U016460,control,DE,2026-05-11 20:59:33,0.0,0,0.0,0.0,0.0
U025288,treatment,DE,2026-05-11 21:01:32,1.0,1,42.28,0.0,0.0
U025290,control,DE,2026-05-11 21:01:47,1.0,1,15.29,0.0,0.0
U009412,treatment,DE,2026-05-11 21:05:51,0.0,0,0.0,0.0,0.0
U020624,control,DE,2026-05-11 22:09:04,0.0,0,0.0,0.0,0.0
U014516,treatment,IT,2026-05-11 22:14:59,0.0,0,0.0,0.0,0.0
U013714,treatment,DE,2026-05-11 22:16:50,0.0,0,0.0,0.0,0.0
U025291,treatment,IT,2026-05-11 22:22:54,1.0,1,32.28,1.0,0.0
U025293,control,IT,2026-05-11 22:27:20,1.0,1,10.79,0.0,0.0
U025292,treatment,IT,2026-05-11 22:31:39,1.0,1,14.99,0.0,0.0
U022235,control,IT,2026-05-11 22:35:39,0.0,0,0.0,0.0,0.0
U019194,treatment,IT,2026-05-11 22:36:24,1.0,1,17.99,0.0,0.0
U010089,control,IT,2026-05-11 22:45:07,1.0,1,127.97,0.0,0.0
U025294,treatment,IT,2026-05-11 22:51:49,1.0,1,111.71,1.0,0.0
U025295,treatment,IT,2026-05-11 22:55:46,1.0,1,72.02,1.0,0.0
U019078,treatment,IT,2026-05-11 23:51:14,0.0,0,0.0,0.0,0.0
U020193,control,IT,2026-05-11 23:59:26,0.0,0,0.0,0.0,0.0
U023968,control,DE,2026-05-12 00:13:16,1.0,1,39.99,0.0,0.0
U021484,treatment,IT,2026-05-12 00:15:09,1.0,1,27.98,0.0,0.0
U016618,treatment,DE,2026-05-12 00:17:37,0.0,0,0.0,0.0,0.0
U025296,treatment,DE,2026-05-12 00:30:22,1.0,1,43.08,1.0,0.0
U018577,control,DE,2026-05-12 01:11:45,0.0,0,0.0,0.0,0.0
U025297,treatment,DE,2026-05-12 01:20:10,1.0,1,34.98,1.0,0.0
U023664,control,IT,2026-05-12 01:54:58,0.0,0,0.0,0.0,0.0
U017547,treatment,DE,2026-05-12 01:59:21,1.0,1,55.72,1.0,0.0
U015359,control,IT,2026-05-12 02:48:24,0.0,0,0.0,0.0,0.0
U021681,control,IT,2026-05-12 03:10:08,0.0,0,0.0,0.0,0.0
U021011,control,IT,2026-05-12 03:26:39,0.0,0,0.0,0.0,0.0
U018326,control,DE,2026-05-12 03:33:43,1.0,1,12.99,0.0,0.0
U018507,treatment,IT,2026-05-12 03:44:51,1.0,1,41.98,0.0,0.0
U017694,control,DE,2026-05-12 04:27:17,1.0,1,29.99,0.0,0.0
U011239,control,IT,2026-05-12 04:56:08,1.0,1,39.99,0.0,0.0
U021971,control,IT,2026-05-12 06:16:27,0.0,0,0.0,0.0,0.0
U010879,treatment,DE,2026-05-12 06:20:24,0.0,0,0.0,0.0,0.0
U015970,treatment,IT,2026-05-12 06:37:02,1.0,1,29.99,0.0,0.0
U017587,control,IT,2026-05-12 06:39:07,0.0,0,0.0,0.0,0.0
U025298,treatment,IT,2026-05-12 07:09:48,1.0,1,41.98,0.0,0.0
U011264,control,DE,2026-05-12 07:13:10,0.0,0,0.0,0.0,0.0
U012073,control,IT,2026-05-12 07:37:59,0.0,0,0.0,0.0,0.0
U025300,control,DE,2026-05-12 07:39:38,1.0,1,43.98,0.0,0.0
U013604,control,DE,2026-05-12 07:40:01,0.0,0,0.0,0.0,0.0
U025299,control,DE,2026-05-12 07:41:47,1.0,1,10.79,0.0,0.0
U020902,treatment,IT,2026-05-12 08:02:40,0.0,0,0.0,0.0,0.0
U011102,treatment,IT,2026-05-12 08:41:09,1.0,1,117.97,0.0,0.0
U024157,control,DE,2026-05-12 08:48:27,1.0,1,14.99,0.0,0.0
U023903,treatment,DE,2026-05-12 09:04:52,0.0,0,0.0,0.0,0.0
U016668,control,DE,2026-05-12 09:33:40,1.0,1,41.98,0.0,0.0
U008999,treatment,DE,2026-05-12 09:35:03,0.0,0,0.0,0.0,0.0
U025301,treatment,DE,2026-05-12 09:43:40,1.0,1,53.98,0.0,0.0
U018523,control,DE,2026-05-12 09:50:07,0.0,0,0.0,0.0,0.0
U020171,control,IT,2026-05-12 10:10:13,1.0,1,58.97,0.0,0.0
U020519,control,DE,2026-05-12 10:33:41,0.0,0,0.0,0.0,0.0
U022669,treatment,DE,2026-05-12 10:53:39,0.0,0,0.0,0.0,0.0
U023376,control,DE,2026-05-12 11:07:41,2.0,1,116.96,0.0,0.0
U017407,treatment,IT,2026-05-12 11:11:39,0.0,0,0.0,0.0,0.0
U025302,control,DE,2026-05-12 11:38:31,1.0,1,39.58,0.0,0.0
U015519,treatment,DE,2026-05-12 12:33:10,0.0,0,0.0,0.0,0.0
U025304,treatment,IT,2026-05-12 12:38:45,1.0,1,24.29,0.0,0.0
U025303,control,IT,2026-05-12 12:41:57,1.0,1,33.28,0.0,0.0
U011221,control,IT,2026-05-12 13:11:15,0.0,0,0.0,0.0,0.0
U006565,treatment,DE,2026-05-12 13:46:36,0.0,0,0.0,0.0,0.0
U025305,treatment,IT,2026-05-12 13:54:45,1.0,1,82.95,0.0,1.0
U022307,control,DE,2026-05-12 13:59:03,0.0,0,0.0,0.0,0.0
U013051,control,DE,2026-05-12 14:53:58,0.0,0,0.0,0.0,0.0
U019703,treatment,DE,2026-05-12 14:56:19,0.0,0,0.0,0.0,0.0
U013681,treatment,DE,2026-05-12 15:06:01,0.0,0,0.0,0.0,0.0
U021177,control,DE,2026-05-12 15:15:07,0.0,0,0.0,0.0,0.0
U016854,treatment,DE,2026-05-12 15:15:58,2.0,1,237.92,0.0,0.0
U025306,treatment,DE,2026-05-12 15:30:47,1.0,1,101.97,0.0,1.0
U025307,control,IT,2026-05-12 15:37:20,1.0,1,30.98,0.0,0.0
U020161,control,DE,2026-05-12 15:50:52,0.0,0,0.0,0.0,0.0
U025309,treatment,IT,2026-05-12 15:59:56,1.0,1,27.98,0.0,0.0
U025308,treatment,IT,2026-05-12 16:02:45,1.0,1,59.02,1.0,0.0
U019742,control,DE,2026-05-12 16:43:12,0.0,0,0.0,0.0,0.0
U025310,control,IT,2026-05-12 16:47:39,1.0,1,25.18,0.0,0.0
U025311,treatment,IT,2026-05-12 17:34:14,1.0,1,26.99,0.0,0.0
U025312,treatment,DE,2026-05-12 17:38:37,2.0,1,129.95,0.0,0.0
U017570,control,IT,2026-05-12 17:43:22,0.0,0,0.0,0.0,0.0
U023515,treatment,IT,2026-05-12 17:50:35,0.0,0,0.0,0.0,0.0
U025314,treatment,DE,2026-05-12 18:03:38,1.0,1,43.08,1.0,1.0
U025313,control,DE,2026-05-12 18:12:11,1.0,1,49.98,0.0,0.0
U025315,control,DE,2026-05-12 18:20:47,1.0,1,26.09,0.0,0.0
U025316,control,IT,2026-05-12 18:21:58,1.0,1,17.99,0.0,0.0
U003993,treatment,DE,2026-05-12 18:29:16,0.0,0,0.0,0.0,0.0
U020261,treatment,IT,2026-05-12 18:57:18,0.0,0,0.0,0.0,0.0
U011652,treatment,IT,2026-05-12 19:12:14,1.0,1,44.98,0.0,0.0
U019320,control,IT,2026-05-12 19:15:53,0.0,0,0.0,0.0,0.0
U025317,control,DE,2026-05-12 19:26:01,1.0,1,15.29,0.0,0.0
U022100,control,DE,2026-05-12 19:34:42,0.0,0,0.0,0.0,0.0
U025319,treatment,IT,2026-05-12 19:54:31,1.0,1,32.28,1.0,0.0
U025323,treatment,IT,2026-05-12 20:00:32,1.0,1,75.97,1.0,0.0
U025321,treatment,IT,2026-05-12 20:00:58,1.0,1,35.98,0.0,0.0
U025320,control,DE,2026-05-12 20:05:09,1.0,1,37.78,0.0,0.0
U025318,control,DE,2026-05-12 20:05:20,1.0,1,62.08,0.0,0.0
U025324,control,DE,2026-05-12 20:17:28,1.0,1,53.98,0.0,0.0
U025322,treatment,DE,2026-05-12 20:18:44,1.0,1,33.18,1.0,0.0
U025325,control,DE,2026-05-12 20:40:07,1.0,1,26.09,0.0,0.0
U025328,control,DE,2026-05-12 20:47:33,1.0,1,17.99,0.0,0.0
U025330,treatment,DE,2026-05-12 20:52:56,1.0,1,19.79,0.0,0.0
U025332,treatment,DE,2026-05-12 21:01:26,1.0,1,66.22,1.0,0.0
U025326,control,DE,2026-05-12 21:01:28,1.0,1,58.47,0.0,0.0
U025329,control,IT,2026-05-12 21:02:50,1.0,1,26.99,0.0,0.0
U025327,treatment,IT,2026-05-12 21:03:44,1.0,1,47.98,0.0,0.0
U025333,control,DE,2026-05-12 21:06:49,1.0,1,28.99,0.0,0.0
U025331,treatment,DE,2026-05-12 21:13:09,1.0,1,11.99,0.0,0.0
U011052,treatment,DE,2026-05-12 21:26:57,2.0,1,116.21,1.0,0.0
U025334,control,IT,2026-05-12 21:35:14,1.0,1,17.99,0.0,0.0
U021654,control,IT,2026-05-12 21:58:34,0.0,0,0.0,0.0,0.0
U025335,control,IT,2026-05-12 22:12:06,1.0,1,70.97,0.0,0.0
U025336,treatment,DE,2026-05-12 22:13:48,1.0,1,36.78,1.0,0.0
U025337,control,DE,2026-05-12 22:27:17,1.0,1,12.99,0.0,0.0
U025338,control,DE,2026-05-12 22:30:46,1.0,1,21.99,0.0,0.0
U023176,treatment,IT,2026-05-12 22:33:49,1.0,1,32.98,0.0,0.0
U025339,control,IT,2026-05-12 22:42:34,1.0,1,97.96,0.0,0.0
U022472,control,IT,2026-05-12 22:53:33,0.0,0,0.0,0.0,0.0
U010050,treatment,DE,2026-05-12 23:06:02,0.0,0,0.0,0.0,0.0
U025340,control,IT,2026-05-12 23:52:15,1.0,1,28.99,0.0,0.0
U020086,treatment,DE,2026-05-13 00:20:10,0.0,0,0.0,0.0,0.0
U025341,control,IT,2026-05-13 00:51:49,1.0,1,17.99,0.0,0.0
U025342,treatment,IT,2026-05-13 01:02:18,1.0,1,54.52,1.0,0.0
U010969,treatment,IT,2026-05-13 01:17:11,0.0,0,0.0,0.0,0.0
U017430,control,IT,2026-05-13 01:24:06,0.0,0,0.0,0.0,0.0
U018603,control,IT,2026-05-13 01:30:06,0.0,0,0.0,0.0,0.0
U005749,control,DE,2026-05-13 01:50:50,0.0,0,0.0,0.0,0.0
U001980,treatment,IT,2026-05-13 02:09:18,0.0,0,0.0,0.0,0.0
U009061,control,IT,2026-05-13 02:53:17,0.0,0,0.0,0.0,0.0
U017252,treatment,DE,2026-05-13 03:41:54,0.0,0,0.0,0.0,0.0
U014150,treatment,DE,2026-05-13 03:45:10,1.0,1,42.73,1.0,0.0
U023249,treatment,IT,2026-05-13 04:20:01,0.0,0,0.0,0.0,0.0
U022507,treatment,IT,2026-05-13 04:32:10,1.0,1,83.97,1.0,0.0
U023743,control,DE,2026-05-13 04:55:18,0.0,0,0.0,0.0,0.0
U011477,treatment,DE,2026-05-13 04:57:57,0.0,0,0.0,0.0,0.0
U024197,control,IT,2026-05-13 05:08:53,0.0,0,0.0,0.0,0.0
U021091,treatment,IT,2026-05-13 05:12:19,0.0,0,0.0,0.0,0.0
U022171,treatment,IT,2026-05-13 06:05:43,0.0,0,0.0,0.0,0.0
U023451,treatment,DE,2026-05-13 06:06:22,1.0,1,56.72,1.0,0.0
U025343,control,IT,2026-05-13 06:11:41,1.0,1,15.99,0.0,1.0
U012533,treatment,DE,2026-05-13 06:47:11,0.0,0,0.0,0.0,0.0
U024088,treatment,IT,2026-05-13 07:16:39,0.0,0,0.0,0.0,0.0
U021792,control,IT,2026-05-13 07:29:04,0.0,0,0.0,0.0,0.0
U011603,control,IT,2026-05-13 07:38:41,0.0,0,0.0,0.0,0.0
U006625,treatment,DE,2026-05-13 07:41:12,1.0,1,84.97,0.0,0.0
U020432,treatment,DE,2026-05-13 07:43:38,0.0,0,0.0,0.0,0.0
U025344,treatment,DE,2026-05-13 07:58:09,1.0,1,29.68,0.0,0.0
U010211,treatment,IT,2026-05-13 07:58:37,0.0,0,0.0,0.0,0.0
U020276,control,DE,2026-05-13 08:05:53,0.0,0,0.0,0.0,0.0
U018542,treatment,DE,2026-05-13 08:33:28,1.0,1,32.73,1.0,0.0
U022516,control,IT,2026-05-13 09:05:57,1.0,1,94.97,0.0,0.0
U019618,treatment,DE,2026-05-13 09:07:48,0.0,0,0.0,0.0,0.0
U025345,control,DE,2026-05-13 09:08:47,1.0,1,31.48,0.0,0.0
U025347,control,DE,2026-05-13 09:16:33,1.0,1,36.98,0.0,0.0
U025346,treatment,DE,2026-05-13 09:20:14,1.0,1,19.99,0.0,0.0
U025348,treatment,DE,2026-05-13 09:25:30,1.0,1,43.98,0.0,0.0
U025349,control,DE,2026-05-13 09:33:35,1.0,1,19.79,0.0,0.0
U014023,treatment,DE,2026-05-13 10:09:53,0.0,0,0.0,0.0,0.0
U022658,treatment,IT,2026-05-13 10:26:07,0.0,0,0.0,0.0,0.0
U025350,control,IT,2026-05-13 10:38:41,1.0,1,52.18,0.0,0.0
U025351,control,DE,2026-05-13 11:18:31,1.0,1,39.58,0.0,0.0
U025352,treatment,DE,2026-05-13 11:27:23,1.0,1,27.88,0.0,0.0
U022315,control,IT,2026-05-13 11:29:54,0.0,0,0.0,0.0,0.0
U023863,control,DE,2026-05-13 12:13:59,0.0,0,0.0,0.0,0.0
U003715,control,IT,2026-05-13 12:35:02,0.0,0,0.0,0.0,0.0
U025353,control,DE,2026-05-13 12:53:38,1.0,1,71.97,0.0,0.0
U018930,treatment,IT,2026-05-13 12:54:11,0.0,0,0.0,0.0,0.0
U013883,control,IT,2026-05-13 12:58:47,0.0,0,0.0,0.0,0.0
U025354,treatment,DE,2026-05-13 13:21:38,3.0,1,245.22,1.0,0.0
U025355,control,DE,2026-05-13 13:32:02,1.0,1,42.28,0.0,0.0
U025356,treatment,DE,2026-05-13 13:36:38,1.0,1,15.29,0.0,0.0
U017558,treatment,DE,2026-05-13 13:43:45,0.0,0,0.0,0.0,0.0
U004136,treatment,IT,2026-05-13 13:58:38,1.0,1,21.99,0.0,0.0
U025357,treatment,IT,2026-05-13 14:47:34,1.0,1,155.93,0.0,0.0
U025358,control,DE,2026-05-13 15:17:32,1.0,1,28.98,0.0,0.0
U019963,treatment,IT,2026-05-13 15:27:28,1.0,1,11.69,0.0,0.0
U022488,control,DE,2026-05-13 15:37:46,1.0,1,12.99,0.0,0.0
U025359,control,DE,2026-05-13 15:38:04,1.0,1,19.79,0.0,0.0
U025361,control,DE,2026-05-13 15:43:46,1.0,1,161.95,0.0,0.0
U011366,control,DE,2026-05-13 15:47:11,1.0,1,21.99,0.0,0.0
U025360,control,DE,2026-05-13 15:49:13,1.0,1,48.98,0.0,0.0
U021950,treatment,DE,2026-05-13 15:51:50,0.0,0,0.0,0.0,0.0
U015390,control,DE,2026-05-13 16:12:54,1.0,1,81.96,0.0,0.0
U025362,control,IT,2026-05-13 16:15:43,1.0,1,37.98,0.0,1.0
U004230,treatment,DE,2026-05-13 16:52:46,0.0,0,0.0,0.0,0.0
U025363,treatment,IT,2026-05-13 17:03:49,1.0,1,76.97,1.0,0.0
U006196,control,DE,2026-05-13 17:27:02,1.0,1,12.99,0.0,0.0
U009207,treatment,DE,2026-05-13 17:48:28,0.0,0,0.0,0.0,0.0
U025364,treatment,DE,2026-05-13 18:00:14,1.0,1,34.73,1.0,0.0
U025365,treatment,DE,2026-05-13 18:06:07,1.0,1,67.72,1.0,0.0
U025367,control,DE,2026-05-13 18:25:51,1.0,1,15.29,0.0,0.0
U025369,control,IT,2026-05-13 18:29:40,1.0,1,46.98,0.0,0.0
U023727,control,DE,2026-05-13 18:30:07,0.0,0,0.0,0.0,0.0
U025366,treatment,IT,2026-05-13 18:31:44,1.0,1,36.98,0.0,0.0
U025368,control,DE,2026-05-13 18:41:57,1.0,1,49.98,0.0,0.0
U025370,control,DE,2026-05-13 18:47:07,1.0,1,131.96,0.0,0.0
U025371,control,IT,2026-05-13 18:48:40,1.0,1,36.98,0.0,1.0
U025372,treatment,DE,2026-05-13 19:02:34,1.0,1,21.99,0.0,0.0
U023890,control,DE,2026-05-13 19:04:51,0.0,0,0.0,0.0,0.0
U012415,control,DE,2026-05-13 19:04:51,1.0,1,47.98,0.0,0.0
U025373,control,DE,2026-05-13 19:24:02,1.0,1,17.99,0.0,0.0
U025374,control,IT,2026-05-13 19:27:11,1.0,1,44.98,0.0,0.0
U025375,treatment,IT,2026-05-13 19:28:59,1.0,1,14.39,0.0,0.0
U025377,control,DE,2026-05-13 19:42:29,1.0,1,28.99,0.0,0.0
U025376,treatment,IT,2026-05-13 19:48:04,1.0,1,46.98,1.0,0.0
U025378,control,IT,2026-05-13 19:52:52,1.0,1,26.99,0.0,0.0
U025380,treatment,IT,2026-05-13 20:03:23,1.0,1,43.98,1.0,0.0
U025379,control,DE,2026-05-13 20:05:06,1.0,1,19.99,0.0,0.0
U025381,control,DE,2026-05-13 20:18:13,1.0,1,16.99,0.0,0.0
U025383,control,DE,2026-05-13 20:28:29,1.0,1,33.28,0.0,0.0
U025382,control,IT,2026-05-13 20:29:08,1.0,1,16.99,0.0,0.0
U017361,control,IT,2026-05-13 20:34:25,0.0,0,0.0,0.0,0.0
U019849,treatment,IT,2026-05-13 20:38:03,1.0,1,14.99,0.0,0.0
U019587,treatment,DE,2026-05-13 20:41:43,0.0,0,0.0,0.0,0.0
U025384,control,DE,2026-05-13 20:48:29,1.0,1,16.99,0.0,0.0
U025385,control,IT,2026-05-13 21:40:22,1.0,1,36.98,0.0,0.0
U018936,control,DE,2026-05-13 21:45:58,0.0,0,0.0,0.0,0.0
U025386,control,DE,2026-05-13 21:49:57,1.0,1,15.29,0.0,0.0
U023807,control,DE,2026-05-13 21:53:02,0.0,0,0.0,0.0,0.0
U025388,control,DE,2026-05-13 22:01:04,1.0,1,26.09,0.0,0.0
U025387,control,IT,2026-05-13 22:07:53,1.0,1,37.98,0.0,0.0
U022555,treatment,IT,2026-05-13 22:22:22,0.0,0,0.0,0.0,0.0
U025389,treatment,DE,2026-05-13 22:27:55,1.0,1,60.97,1.0,0.0
U018189,control,DE,2026-05-13 23:34:41,0.0,0,0.0,0.0,0.0
U020994,treatment,DE,2026-05-13 23:47:47,0.0,0,0.0,0.0,0.0
U017194,control,DE,2026-05-13 23:53:43,1.0,1,61.97,0.0,0.0
U021789,treatment,DE,2026-05-13 23:58:46,0.0,0,0.0,0.0,0.0
U021583,control,IT,2026-05-14 00:10:26,0.0,0,0.0,0.0,0.0
U019752,treatment,DE,2026-05-14 00:14:05,0.0,0,0.0,0.0,0.0
U022103,control,DE,2026-05-14 00:33:20,0.0,0,0.0,0.0,0.0
U023140,control,DE,2026-05-14 01:00:39,0.0,0,0.0,0.0,0.0
U019697,control,IT,2026-05-14 01:02:33,0.0,0,0.0,0.0,0.0
U017471,control,DE,2026-05-14 01:10:41,0.0,0,0.0,0.0,0.0
U018213,treatment,IT,2026-05-14 01:36:15,0.0,0,0.0,0.0,0.0
U013644,treatment,DE,2026-05-14 01:50:36,1.0,1,44.98,0.0,1.0
U014532,control,DE,2026-05-14 01:54:06,0.0,0,0.0,0.0,0.0
U019748,treatment,IT,2026-05-14 02:49:43,1.0,1,34.99,0.0,0.0
U009314,control,IT,2026-05-14 03:00:15,0.0,0,0.0,0.0,0.0
U020619,control,DE,2026-05-14 04:10:59,1.0,1,12.99,0.0,0.0
U020248,control,IT,2026-05-14 04:17:30,0.0,0,0.0,0.0,0.0
U023533,control,IT,2026-05-14 04:58:22,1.0,1,53.98,0.0,1.0
U023010,control,DE,2026-05-14 05:08:21,0.0,0,0.0,0.0,0.0
U020270,treatment,DE,2026-05-14 05:48:53,0.0,0,0.0,0.0,0.0
U019331,control,DE,2026-05-14 06:15:13,1.0,1,19.99,0.0,0.0
U025390,control,IT,2026-05-14 06:15:18,1.0,1,37.78,0.0,0.0
U016434,control,IT,2026-05-14 06:30:32,0.0,0,0.0,0.0,0.0
U019029,control,DE,2026-05-14 06:37:47,0.0,0,0.0,0.0,0.0
U025391,treatment,IT,2026-05-14 06:40:55,1.0,1,37.78,0.0,0.0
U025392,treatment,DE,2026-05-14 07:38:13,1.0,1,84.27,1.0,0.0
U022468,control,DE,2026-05-14 07:58:20,0.0,0,0.0,0.0,0.0
U025393,treatment,IT,2026-05-14 08:10:22,1.0,1,16.99,0.0,0.0
U011917,treatment,DE,2026-05-14 08:23:11,1.0,1,43.98,0.0,0.0
U019426,treatment,DE,2026-05-14 08:29:53,0.0,0,0.0,0.0,0.0
U025394,treatment,DE,2026-05-14 08:32:03,1.0,1,17.99,0.0,1.0
U025395,control,DE,2026-05-14 08:53:34,1.0,1,24.29,0.0,1.0
U017699,treatment,DE,2026-05-14 09:02:05,0.0,0,0.0,0.0,0.0
U016307,treatment,IT,2026-05-14 09:20:44,0.0,0,0.0,0.0,0.0
U009172,treatment,DE,2026-05-14 09:43:19,0.0,0,0.0,0.0,0.0
U009200,treatment,DE,2026-05-14 09:47:16,0.0,0,0.0,0.0,0.0
U025397,treatment,IT,2026-05-14 10:00:04,1.0,1,16.19,0.0,0.0
U025396,treatment,DE,2026-05-14 10:03:09,1.0,1,25.98,0.0,0.0
U010760,treatment,IT,2026-05-14 11:46:41,1.0,1,25.98,0.0,0.0
U025398,control,DE,2026-05-14 11:55:19,1.0,1,24.29,0.0,0.0
U025399,treatment,IT,2026-05-14 12:10:00,1.0,1,19.79,0.0,0.0
U009284,control,IT,2026-05-14 12:14:35,1.0,1,34.99,0.0,0.0
U022004,control,IT,2026-05-14 12:17:30,0.0,0,0.0,0.0,0.0
U022554,control,IT,2026-05-14 12:31:09,2.0,1,73.98,0.0,0.0
U025400,control,IT,2026-05-14 12:33:13,1.0,1,58.97,0.0,0.0
U015357,control,DE,2026-05-14 12:35:44,2.0,1,167.95,0.0,0.0
U018871,control,IT,2026-05-14 12:38:51,0.0,0,0.0,0.0,0.0
U025401,treatment,IT,2026-05-14 12:54:14,1.0,1,13.49,0.0,0.0
U013850,treatment,DE,2026-05-14 13:06:14,0.0,0,0.0,0.0,0.0
U019418,control,IT,2026-05-14 13:10:41,0.0,0,0.0,0.0,0.0
U022152,control,DE,2026-05-14 13:25:01,0.0,0,0.0,0.0,0.0
U019258,treatment,DE,2026-05-14 13:35:41,0.0,0,0.0,0.0,0.0
U014546,control,DE,2026-05-14 13:39:42,1.0,1,16.99,0.0,0.0
U025402,control,DE,2026-05-14 13:41:18,1.0,1,45.87,0.0,0.0
U025403,control,DE,2026-05-14 13:42:45,1.0,1,36.98,0.0,0.0
U013453,treatment,DE,2026-05-14 13:44:49,0.0,0,0.0,0.0,0.0
U025405,treatment,DE,2026-05-14 14:04:04,1.0,1,103.21,1.0,0.0
U025404,treatment,IT,2026-05-14 14:05:26,1.0,1,34.98,1.0,0.0
U025406,control,DE,2026-05-14 14:14:00,1.0,1,22.49,0.0,0.0
U004694,control,DE,2026-05-14 14:14:18,0.0,0,0.0,0.0,0.0
U023871,control,IT,2026-05-14 14:17:24,1.0,1,29.98,0.0,0.0
U025407,control,DE,2026-05-14 14:32:21,1.0,1,19.99,0.0,0.0
U017486,control,DE,2026-05-14 14:38:17,1.0,1,25.98,0.0,0.0
U020646,treatment,IT,2026-05-14 14:40:15,1.0,1,24.99,0.0,0.0
U020332,treatment,DE,2026-05-14 15:03:38,0.0,0,0.0,0.0,0.0
U023857,treatment,IT,2026-05-14 15:06:35,0.0,0,0.0,0.0,0.0
U025409,treatment,DE,2026-05-14 15:33:03,1.0,1,41.98,0.0,0.0
U025408,treatment,DE,2026-05-14 15:37:23,1.0,1,42.73,1.0,0.0
U012267,control,DE,2026-05-14 16:05:36,1.0,1,14.99,0.0,0.0
U021734,treatment,IT,2026-05-14 16:16:17,0.0,0,0.0,0.0,0.0
U021813,control,DE,2026-05-14 16:25:25,0.0,0,0.0,0.0,0.0
U022750,control,DE,2026-05-14 16:57:28,0.0,0,0.0,0.0,0.0
U010662,treatment,IT,2026-05-14 16:57:42,0.0,0,0.0,0.0,0.0
U025410,treatment,DE,2026-05-14 16:58:03,1.0,1,41.97,1.0,0.0
U025411,treatment,DE,2026-05-14 17:16:06,1.0,1,15.29,0.0,0.0
U025412,control,DE,2026-05-14 17:32:51,1.0,1,19.99,0.0,0.0
U025413,treatment,DE,2026-05-14 17:35:32,1.0,1,44.98,0.0,1.0
U019603,treatment,DE,2026-05-14 17:45:13,0.0,0,0.0,0.0,0.0
U023277,treatment,DE,2026-05-14 17:53:45,1.0,1,36.97,0.0,0.0
U006843,treatment,IT,2026-05-14 17:58:18,0.0,0,0.0,0.0,0.0
U010986,treatment,DE,2026-05-14 18:01:10,0.0,0,0.0,0.0,0.0
U025414,control,DE,2026-05-14 18:03:18,1.0,1,26.09,0.0,0.0
U025415,treatment,DE,2026-05-14 18:05:13,1.0,1,33.98,1.0,0.0
U025416,control,DE,2026-05-14 18:18:30,1.0,1,93.97,0.0,0.0
U025417,control,IT,2026-05-14 18:21:32,1.0,1,19.79,0.0,0.0
U025418,treatment,IT,2026-05-14 18:43:59,1.0,1,32.98,0.0,0.0
U025420,treatment,DE,2026-05-14 19:19:30,1.0,1,58.52,1.0,0.0
U025419,treatment,IT,2026-05-14 19:23:05,1.0,1,96.97,0.0,0.0
U022542,treatment,DE,2026-05-14 19:25:08,0.0,0,0.0,0.0,0.0
U025421,control,DE,2026-05-14 19:40:08,1.0,1,26.99,0.0,0.0
U023803,treatment,IT,2026-05-14 19:49:09,0.0,0,0.0,0.0,0.0
U013895,treatment,DE,2026-05-14 19:52:10,1.0,1,17.99,0.0,0.0
U012163,treatment,IT,2026-05-14 19:55:05,0.0,0,0.0,0.0,0.0
U025422,treatment,DE,2026-05-14 19:58:19,1.0,1,71.52,1.0,0.0
U025423,control,IT,2026-05-14 20:02:20,1.0,1,26.99,0.0,0.0
U025424,treatment,DE,2026-05-14 20:18:47,1.0,1,16.99,0.0,1.0
U019209,treatment,DE,2026-05-14 20:45:30,1.0,1,36.98,1.0,0.0
U025425,control,DE,2026-05-14 20:48:29,1.0,1,24.29,0.0,0.0
U025426,treatment,DE,2026-05-14 21:08:58,1.0,1,26.09,0.0,0.0
U025427,control,DE,2026-05-14 21:09:47,1.0,1,26.99,0.0,0.0
U012269,control,IT,2026-05-14 21:20:42,0.0,0,0.0,0.0,0.0
U023460,treatment,DE,2026-05-14 21:24:27,0.0,0,0.0,0.0,0.0
U016295,control,DE,2026-05-14 21:34:07,0.0,0,0.0,0.0,0.0
U025429,treatment,IT,2026-05-14 21:34:25,1.0,1,17.99,0.0,0.0
U025428,control,DE,2026-05-14 21:45:51,1.0,1,26.99,0.0,0.0
U018967,control,DE,2026-05-14 21:45:55,1.0,1,89.96,0.0,1.0
U016648,treatment,IT,2026-05-14 22:02:48,0.0,0,0.0,0.0,0.0
U017741,treatment,DE,2026-05-14 22:04:57,1.0,1,41.73,1.0,0.0
U023160,treatment,IT,2026-05-14 22:16:55,1.0,1,26.99,0.0,0.0
U025430,control,IT,2026-05-14 23:09:52,1.0,1,16.99,0.0,1.0
U019461,control,DE,2026-05-15 00:14:35,0.0,0,0.0,0.0,0.0
U010887,control,DE,2026-05-15 03:03:41,0.0,0,0.0,0.0,0.0
U025431,treatment,IT,2026-05-15 03:37:08,1.0,1,34.18,0.0,0.0
U014760,control,DE,2026-05-15 03:46:03,0.0,0,0.0,0.0,0.0
U011016,treatment,DE,2026-05-15 04:36:25,0.0,0,0.0,0.0,0.0
U025432,treatment,DE,2026-05-15 04:36:44,1.0,1,21.99,0.0,0.0
U021989,treatment,DE,2026-05-15 04:48:14,1.0,1,39.99,0.0,0.0
U021092,treatment,DE,2026-05-15 06:44:21,1.0,1,59.71,1.0,0.0
U020535,control,IT,2026-05-15 06:52:32,0.0,0,0.0,0.0,0.0
U006042,treatment,IT,2026-05-15 06:54:16,0.0,0,0.0,0.0,0.0
U023898,treatment,IT,2026-05-15 07:02:44,0.0,0,0.0,0.0,0.0
U024008,treatment,IT,2026-05-15 07:03:47,0.0,0,0.0,0.0,0.0
U025433,treatment,IT,2026-05-15 07:22:43,1.0,1,17.99,0.0,0.0
U017704,control,IT,2026-05-15 07:30:03,1.0,1,26.99,0.0,0.0
U021055,control,DE,2026-05-15 07:50:25,2.0,1,34.98,0.0,0.0
U009973,treatment,IT,2026-05-15 07:52:03,1.0,1,90.97,1.0,0.0
U025434,treatment,DE,2026-05-15 07:55:09,1.0,1,29.68,0.0,0.0
U010957,control,DE,2026-05-15 07:59:55,0.0,0,0.0,0.0,0.0
U025435,treatment,IT,2026-05-15 08:59:27,1.0,1,14.99,0.0,0.0
U020354,treatment,IT,2026-05-15 09:44:28,0.0,0,0.0,0.0,0.0
U011060,treatment,DE,2026-05-15 10:05:41,0.0,0,0.0,0.0,0.0
U025436,control,DE,2026-05-15 10:09:20,2.0,1,83.96,0.0,0.0
U018944,treatment,DE,2026-05-15 10:16:12,0.0,0,0.0,0.0,0.0
U011947,control,DE,2026-05-15 10:16:58,0.0,0,0.0,0.0,0.0
U025437,control,DE,2026-05-15 10:19:13,1.0,1,17.99,0.0,0.0
U023638,treatment,DE,2026-05-15 10:20:10,0.0,0,0.0,0.0,0.0
U025438,control,DE,2026-05-15 10:23:26,1.0,1,37.78,0.0,0.0
U025439,treatment,DE,2026-05-15 10:39:38,1.0,1,21.99,0.0,0.0
U023709,treatment,DE,2026-05-15 11:22:00,1.0,1,34.98,0.0,0.0
U025440,treatment,DE,2026-05-15 11:27:04,1.0,1,38.72,1.0,1.0
U025441,treatment,DE,2026-05-15 11:39:32,1.0,1,21.99,0.0,0.0
U025442,treatment,IT,2026-05-15 11:45:04,1.0,1,57.98,0.0,0.0
U025443,treatment,DE,2026-05-15 12:31:09,1.0,1,38.98,0.0,0.0
U017725,control,DE,2026-05-15 12:34:31,0.0,0,0.0,0.0,0.0
U021192,control,DE,2026-05-15 12:44:15,1.0,1,122.97,0.0,0.0
U019051,treatment,DE,2026-05-15 13:07:34,0.0,0,0.0,0.0,0.0
U008236,control,DE,2026-05-15 13:07:48,1.0,1,34.98,0.0,0.0
U025444,control,DE,2026-05-15 13:12:04,2.0,1,70.97,0.0,0.0
U025446,control,DE,2026-05-15 13:15:49,1.0,1,49.48,0.0,0.0
U023328,treatment,DE,2026-05-15 13:18:35,2.0,1,151.2,2.0,0.0
U025445,control,DE,2026-05-15 13:21:00,1.0,1,49.98,0.0,0.0
U015910,control,IT,2026-05-15 13:34:54,0.0,0,0.0,0.0,0.0
U011598,treatment,IT,2026-05-15 14:07:48,1.0,1,39.58,0.0,0.0
U021406,treatment,DE,2026-05-15 14:23:31,0.0,0,0.0,0.0,0.0
U025447,control,DE,2026-05-15 14:45:26,1.0,1,16.99,0.0,0.0
U025448,control,IT,2026-05-15 14:52:25,1.0,1,26.99,0.0,0.0
U025449,control,DE,2026-05-15 14:58:33,1.0,1,34.98,0.0,0.0
U017160,control,DE,2026-05-15 15:58:16,1.0,1,36.98,0.0,0.0
U025450,treatment,IT,2026-05-15 16:13:37,1.0,1,17.99,0.0,0.0
U025452,control,IT,2026-05-15 16:21:20,1.0,1,41.98,0.0,0.0
U025451,treatment,DE,2026-05-15 16:26:26,1.0,1,36.73,1.0,0.0
U023224,treatment,DE,2026-05-15 16:28:39,0.0,0,0.0,0.0,0.0
U021882,control,DE,2026-05-15 16:43:22,0.0,0,0.0,0.0,0.0
U025453,treatment,DE,2026-05-15 17:12:26,1.0,1,83.21,1.0,0.0
U022572,treatment,DE,2026-05-15 17:15:50,1.0,1,14.99,0.0,0.0
U023656,treatment,DE,2026-05-15 17:18:46,1.0,1,34.99,0.0,0.0
U025454,control,IT,2026-05-15 17:34:06,1.0,1,26.99,0.0,0.0
U012422,control,DE,2026-05-15 17:37:09,0.0,0,0.0,0.0,0.0
U023605,control,DE,2026-05-15 17:40:49,1.0,1,84.97,0.0,0.0
U025455,control,DE,2026-05-15 17:42:07,1.0,1,60.27,0.0,0.0
U025456,control,DE,2026-05-15 17:58:25,1.0,1,21.99,0.0,0.0
U025457,control,IT,2026-05-15 18:25:19,1.0,1,50.98,0.0,0.0
U025458,treatment,DE,2026-05-15 18:48:31,1.0,1,112.96,1.0,0.0
U015047,control,DE,2026-05-15 18:53:51,0.0,0,0.0,0.0,0.0
U021314,treatment,DE,2026-05-15 19:07:15,1.0,1,19.99,0.0,0.0
U023946,treatment,IT,2026-05-15 19:08:19,1.0,1,24.99,0.0,0.0
U025460,control,IT,2026-05-15 19:28:00,1.0,1,14.39,0.0,0.0
U025459,treatment,DE,2026-05-15 19:29:45,1.0,1,32.53,1.0,0.0
U023278,treatment,IT,2026-05-15 19:34:06,0.0,0,0.0,0.0,0.0
U020206,control,DE,2026-05-15 19:38:53,0.0,0,0.0,0.0,0.0
U021761,control,DE,2026-05-15 19:42:37,0.0,0,0.0,0.0,0.0
U025462,treatment,IT,2026-05-15 20:16:51,1.0,1,46.98,0.0,0.0
U025461,treatment,DE,2026-05-15 20:18:47,1.0,1,26.99,0.0,0.0
U004743,treatment,IT,2026-05-15 20:34:43,0.0,0,0.0,0.0,0.0
U022869,control,DE,2026-05-15 20:36:41,0.0,0,0.0,0.0,0.0
U025463,control,DE,2026-05-15 20:41:29,1.0,1,19.99,0.0,0.0
U021059,control,IT,2026-05-15 20:53:59,0.0,0,0.0,0.0,0.0
U008555,control,DE,2026-05-15 21:24:36,0.0,0,0.0,0.0,0.0
U023686,control,DE,2026-05-15 21:25:10,0.0,0,0.0,0.0,0.0
U023008,treatment,IT,2026-05-15 21:25:56,0.0,0,0.0,0.0,0.0
U025464,treatment,DE,2026-05-15 21:28:02,2.0,1,146.23,1.0,2.0
U017197,control,DE,2026-05-15 21:34:00,0.0,0,0.0,0.0,0.0
U025465,control,DE,2026-05-15 21:35:05,1.0,1,28.99,0.0,1.0
U025466,treatment,DE,2026-05-15 21:37:38,1.0,1,26.99,0.0,0.0
U004848,treatment,DE,2026-05-15 21:41:33,0.0,0,0.0,0.0,0.0
U025467,control,DE,2026-05-15 22:03:48,1.0,1,32.98,0.0,0.0
U025468,treatment,IT,2026-05-15 22:14:43,1.0,1,27.13,1.0,0.0
U007126,control,IT,2026-05-15 22:59:24,0.0,0,0.0,0.0,0.0
U008908,treatment,DE,2026-05-15 23:04:46,0.0,0,0.0,0.0,0.0
U025469,treatment,DE,2026-05-15 23:25:24,1.0,1,44.98,0.0,0.0
U024105,control,DE,2026-05-15 23:32:34,0.0,0,0.0,0.0,0.0
U013479,treatment,IT,2026-05-15 23:33:46,0.0,0,0.0,0.0,0.0
U019193,treatment,IT,2026-05-15 23:35:34,0.0,0,0.0,0.0,0.0
U019452,treatment,IT,2026-05-16 00:50:36,0.0,0,0.0,0.0,0.0
U004635,treatment,DE,2026-05-16 00:51:39,1.0,1,136.95,1.0,0.0
U022350,control,IT,2026-05-16 01:17:04,0.0,0,0.0,0.0,0.0
U019824,treatment,IT,2026-05-16 01:21:29,0.0,0,0.0,0.0,0.0
U025470,control,DE,2026-05-16 02:19:10,1.0,1,46.98,0.0,0.0
U023380,treatment,IT,2026-05-16 03:03:12,0.0,0,0.0,0.0,0.0
U013500,treatment,DE,2026-05-16 03:03:36,2.0,1,61.98,0.0,0.0
U025471,control,IT,2026-05-16 03:33:14,1.0,1,56.98,0.0,0.0
U009705,treatment,IT,2026-05-16 04:27:50,0.0,0,0.0,0.0,0.0
U023391,treatment,IT,2026-05-16 04:33:18,0.0,0,0.0,0.0,0.0
U008279,treatment,IT,2026-05-16 04:50:50,0.0,0,0.0,0.0,0.0
U015096,treatment,DE,2026-05-16 04:51:58,0.0,0,0.0,0.0,0.0
U022026,control,IT,2026-05-16 05:24:59,0.0,0,0.0,0.0,0.0
U016572,treatment,IT,2026-05-16 05:36:07,0.0,0,0.0,0.0,0.0
U025472,treatment,DE,2026-05-16 07:05:24,1.0,1,21.99,0.0,0.0
U025473,treatment,IT,2026-05-16 07:31:04,1.0,1,33.28,0.0,0.0
U025474,treatment,DE,2026-05-16 07:46:29,1.0,1,19.79,0.0,0.0
U000876,control,IT,2026-05-16 07:47:40,0.0,0,0.0,0.0,0.0
U025475,treatment,DE,2026-05-16 08:09:02,1.0,1,11.99,0.0,0.0
U016719,control,DE,2026-05-16 08:50:41,1.0,1,12.99,0.0,0.0
U020251,control,IT,2026-05-16 09:04:11,0.0,0,0.0,0.0,0.0
U019159,treatment,IT,2026-05-16 09:06:05,1.0,1,37.73,1.0,0.0
U011806,control,DE,2026-05-16 09:18:19,0.0,0,0.0,0.0,0.0
U025476,control,DE,2026-05-16 09:55:10,1.0,1,44.08,0.0,0.0
U014544,treatment,IT,2026-05-16 10:17:27,0.0,0,0.0,0.0,0.0
U013934,control,DE,2026-05-16 10:37:04,1.0,1,64.97,0.0,1.0
U025477,control,IT,2026-05-16 10:40:13,1.0,1,39.98,0.0,1.0
U007370,control,IT,2026-05-16 10:54:20,0.0,0,0.0,0.0,0.0
U019766,treatment,DE,2026-05-16 11:41:21,0.0,0,0.0,0.0,0.0
U020524,control,DE,2026-05-16 11:56:23,0.0,0,0.0,0.0,0.0
U020602,control,IT,2026-05-16 12:14:14,0.0,0,0.0,0.0,0.0
U022505,treatment,IT,2026-05-16 12:22:16,0.0,0,0.0,0.0,0.0
U022866,control,IT,2026-05-16 12:22:57,0.0,0,0.0,0.0,0.0
U007747,control,IT,2026-05-16 12:33:45,0.0,0,0.0,0.0,0.0
U017095,treatment,DE,2026-05-16 12:39:02,1.0,1,17.99,0.0,0.0
U025478,treatment,DE,2026-05-16 12:43:29,1.0,1,39.73,1.0,0.0
U023009,control,IT,2026-05-16 12:49:47,1.0,1,39.99,0.0,0.0
U025479,treatment,DE,2026-05-16 12:55:59,1.0,1,56.97,0.0,0.0
U011077,treatment,IT,2026-05-16 13:04:31,1.0,1,45.97,0.0,0.0
U015833,treatment,DE,2026-05-16 13:08:13,0.0,0,0.0,0.0,0.0
U017799,control,DE,2026-05-16 13:23:17,0.0,0,0.0,0.0,0.0
U013143,treatment,DE,2026-05-16 13:52:45,0.0,0,0.0,0.0,0.0
U025480,treatment,DE,2026-05-16 14:02:39,1.0,1,37.78,0.0,0.0
U021835,treatment,IT,2026-05-16 14:04:46,0.0,0,0.0,0.0,0.0
U025481,control,DE,2026-05-16 14:10:16,1.0,1,41.98,0.0,0.0
U023995,control,DE,2026-05-16 14:18:49,1.0,1,14.99,0.0,0.0
U010924,control,DE,2026-05-16 14:38:25,0.0,0,0.0,0.0,0.0
U016922,treatment,IT,2026-05-16 14:38:29,0.0,0,0.0,0.0,0.0
U025482,control,DE,2026-05-16 14:47:58,1.0,1,27.99,0.0,0.0
U015416,treatment,DE,2026-05-16 15:03:42,0.0,0,0.0,0.0,0.0
U025483,control,IT,2026-05-16 15:35:23,1.0,1,25.19,0.0,0.0
U018181,treatment,DE,2026-05-16 15:46:42,0.0,0,0.0,0.0,0.0
U021524,treatment,DE,2026-05-16 16:17:49,0.0,0,0.0,0.0,0.0
U025484,treatment,DE,2026-05-16 16:18:48,1.0,1,67.52,1.0,0.0
U021342,control,IT,2026-05-16 16:34:52,1.0,1,96.97,0.0,0.0
U025485,control,DE,2026-05-16 16:48:11,1.0,1,17.99,0.0,0.0
U020516,control,IT,2026-05-16 16:58:12,0.0,0,0.0,0.0,0.0
U025486,treatment,DE,2026-05-16 17:14:19,1.0,1,33.98,1.0,0.0
U025487,control,DE,2026-05-16 17:18:05,1.0,1,19.79,0.0,0.0
U025488,treatment,DE,2026-05-16 17:35:53,1.0,1,17.99,0.0,0.0
U025489,control,IT,2026-05-16 17:54:31,1.0,1,39.58,0.0,0.0
U018662,control,IT,2026-05-16 18:08:18,0.0,0,0.0,0.0,0.0
U023561,control,IT,2026-05-16 18:35:49,1.0,1,64.98,0.0,0.0
U019771,control,DE,2026-05-16 18:42:11,0.0,0,0.0,0.0,0.0
U025490,control,DE,2026-05-16 18:47:17,1.0,1,31.48,0.0,0.0
U023826,treatment,DE,2026-05-16 18:55:57,3.0,1,130.69,2.0,0.0
U025491,treatment,DE,2026-05-16 19:18:56,1.0,1,50.97,1.0,0.0
U001676,control,IT,2026-05-16 19:33:12,0.0,0,0.0,0.0,0.0
U025492,treatment,IT,2026-05-16 19:33:13,2.0,1,135.74,1.0,0.0
U025493,treatment,DE,2026-05-16 19:34:37,1.0,1,41.98,0.0,0.0
U004567,control,IT,2026-05-16 19:49:00,0.0,0,0.0,0.0,0.0
U020790,control,DE,2026-05-16 19:51:34,0.0,0,0.0,0.0,0.0
U025494,control,DE,2026-05-16 19:56:25,1.0,1,19.99,0.0,0.0
U025495,treatment,DE,2026-05-16 19:59:37,1.0,1,43.98,1.0,0.0
U025496,treatment,DE,2026-05-16 20:31:48,2.0,1,66.98,0.0,0.0
U020581,treatment,IT,2026-05-16 20:40:35,0.0,0,0.0,0.0,0.0
U011167,treatment,IT,2026-05-16 20:49:55,0.0,0,0.0,0.0,0.0
U025497,control,DE,2026-05-16 21:02:35,1.0,1,28.99,0.0,0.0
U015192,control,DE,2026-05-16 21:09:41,0.0,0,0.0,0.0,0.0
U022236,treatment,DE,2026-05-16 21:13:27,0.0,0,0.0,0.0,0.0
U025499,control,IT,2026-05-16 21:25:49,1.0,1,36.98,0.0,0.0
U022331,control,DE,2026-05-16 21:27:33,0.0,0,0.0,0.0,0.0
U025498,control,DE,2026-05-16 21:30:23,1.0,1,46.77,0.0,0.0
U007965,control,DE,2026-05-16 21:44:07,0.0,0,0.0,0.0,0.0
U017032,control,DE,2026-05-16 21:44:19,1.0,1,44.98,0.0,0.0
U025500,treatment,DE,2026-05-16 21:46:47,1.0,1,19.79,0.0,0.0
U025501,control,IT,2026-05-16 21:49:21,1.0,1,17.99,0.0,0.0
U025502,treatment,IT,2026-05-16 22:03:27,1.0,1,11.69,0.0,0.0
U012370,treatment,DE,2026-05-16 22:36:09,1.0,1,19.99,0.0,0.0
U025503,control,DE,2026-05-16 22:51:52,1.0,1,31.48,0.0,0.0
U025504,control,IT,2026-05-16 22:59:54,1.0,1,24.29,0.0,0.0
U022493,control,DE,2026-05-16 23:10:33,0.0,0,0.0,0.0,0.0
U019840,treatment,IT,2026-05-16 23:31:26,1.0,1,71.21,1.0,0.0
U004599,control,DE,2026-05-16 23:44:20,0.0,0,0.0,0.0,0.0
U018549,treatment,IT,2026-05-17 00:02:40,1.0,1,31.98,1.0,0.0
U014947,treatment,DE,2026-05-17 00:14:53,0.0,0,0.0,0.0,0.0
U023198,treatment,IT,2026-05-17 00:31:29,0.0,0,0.0,0.0,0.0
U022325,treatment,IT,2026-05-17 00:42:17,0.0,0,0.0,0.0,0.0
U000039,treatment,DE,2026-05-17 00:56:33,0.0,0,0.0,0.0,0.0
U021295,control,DE,2026-05-17 01:19:12,0.0,0,0.0,0.0,0.0
U020257,treatment,IT,2026-05-17 02:39:53,0.0,0,0.0,0.0,0.0
U021461,treatment,DE,2026-05-17 02:42:37,0.0,0,0.0,0.0,0.0
U022014,treatment,DE,2026-05-17 02:53:41,0.0,0,0.0,0.0,0.0
U024190,control,DE,2026-05-17 03:12:56,0.0,0,0.0,0.0,0.0
U008259,control,IT,2026-05-17 03:49:06,1.0,1,51.98,0.0,0.0
U018349,treatment,DE,2026-05-17 03:49:46,0.0,0,0.0,0.0,0.0
U016521,treatment,DE,2026-05-17 03:51:30,0.0,0,0.0,0.0,0.0
U013001,treatment,IT,2026-05-17 05:06:13,0.0,0,0.0,0.0,0.0
U025505,control,DE,2026-05-17 05:22:27,1.0,1,55.97,0.0,0.0
U021392,control,DE,2026-05-17 05:43:13,1.0,1,133.96,0.0,0.0
U019257,control,IT,2026-05-17 06:00:21,0.0,0,0.0,0.0,0.0
U020764,treatment,IT,2026-05-17 06:12:06,0.0,0,0.0,0.0,0.0
U025506,treatment,DE,2026-05-17 06:23:09,1.0,1,47.97,0.0,0.0
U013845,treatment,IT,2026-05-17 06:25:08,1.0,1,56.22,1.0,0.0
U022377,treatment,IT,2026-05-17 06:34:22,0.0,0,0.0,0.0,0.0
U025507,control,IT,2026-05-17 06:58:39,1.0,1,53.98,0.0,0.0
U025508,control,IT,2026-05-17 07:14:25,1.0,1,33.28,0.0,0.0
U025509,treatment,IT,2026-05-17 07:52:43,1.0,1,40.73,1.0,0.0
U023044,control,IT,2026-05-17 08:10:42,0.0,0,0.0,0.0,0.0
U025510,control,DE,2026-05-17 08:15:51,1.0,1,39.98,0.0,0.0
U011039,treatment,DE,2026-05-17 08:59:13,0.0,0,0.0,0.0,0.0
U001644,control,IT,2026-05-17 09:13:07,1.0,1,14.99,0.0,0.0
U025511,treatment,DE,2026-05-17 09:40:17,1.0,1,11.99,0.0,0.0
U025512,treatment,IT,2026-05-17 09:49:21,1.0,1,52.97,1.0,0.0
U025513,control,DE,2026-05-17 10:09:42,1.0,1,17.99,0.0,0.0
U025515,control,IT,2026-05-17 10:30:35,2.0,1,158.95,0.0,0.0
U025514,control,IT,2026-05-17 10:35:57,1.0,1,11.69,0.0,0.0
U020913,control,IT,2026-05-17 10:48:44,0.0,0,0.0,0.0,0.0
U021222,treatment,DE,2026-05-17 10:59:57,1.0,1,47.98,0.0,0.0
U024087,control,DE,2026-05-17 11:14:05,0.0,0,0.0,0.0,0.0
U025516,control,DE,2026-05-17 11:14:51,1.0,1,22.49,0.0,0.0
U025517,treatment,IT,2026-05-17 11:27:53,1.0,1,14.99,0.0,0.0
U025518,control,IT,2026-05-17 11:43:58,1.0,1,46.78,0.0,0.0
U025519,control,DE,2026-05-17 12:35:00,1.0,1,15.29,0.0,0.0
U019755,treatment,DE,2026-05-17 12:43:32,0.0,0,0.0,0.0,0.0
U025520,treatment,DE,2026-05-17 12:47:05,1.0,1,77.96,0.0,1.0
U025521,control,IT,2026-05-17 12:54:51,1.0,1,62.98,0.0,0.0
U017193,treatment,IT,2026-05-17 12:55:21,0.0,0,0.0,0.0,0.0
U025522,control,DE,2026-05-17 13:08:19,1.0,1,33.28,0.0,0.0
U025523,control,IT,2026-05-17 13:31:51,1.0,1,15.29,0.0,0.0
U020352,treatment,DE,2026-05-17 13:39:49,1.0,1,132.7,1.0,0.0
U025524,control,DE,2026-05-17 13:52:48,1.0,1,37.78,0.0,0.0
U013964,control,IT,2026-05-17 14:06:10,1.0,1,34.98,0.0,0.0
U023162,treatment,IT,2026-05-17 14:13:11,0.0,0,0.0,0.0,0.0
U025525,control,IT,2026-05-17 14:20:07,1.0,1,29.99,0.0,0.0
U025527,treatment,IT,2026-05-17 15:07:54,1.0,1,24.29,0.0,0.0
U025526,control,DE,2026-05-17 15:08:56,1.0,1,25.19,0.0,0.0
U012350,treatment,IT,2026-05-17 15:10:54,0.0,0,0.0,0.0,0.0
U014614,treatment,IT,2026-05-17 15:29:03,0.0,0,0.0,0.0,0.0
U016059,control,DE,2026-05-17 16:07:08,0.0,0,0.0,0.0,0.0
U022234,control,DE,2026-05-17 16:17:13,0.0,0,0.0,0.0,0.0
U025528,treatment,IT,2026-05-17 16:33:44,1.0,1,36.98,0.0,0.0
U025530,treatment,DE,2026-05-17 16:40:39,1.0,1,41.98,0.0,0.0
U025529,treatment,IT,2026-05-17 16:54:21,1.0,1,26.99,0.0,0.0
U025532,treatment,DE,2026-05-17 16:58:45,1.0,1,29.99,0.0,0.0
U025531,control,DE,2026-05-17 16:59:24,1.0,1,16.19,0.0,0.0
U023952,treatment,DE,2026-05-17 17:00:37,0.0,0,0.0,0.0,0.0
U025533,treatment,IT,2026-05-17 17:15:23,1.0,1,17.99,0.0,0.0
U024129,treatment,IT,2026-05-17 17:17:01,1.0,1,39.98,0.0,0.0
U016241,control,DE,2026-05-17 17:22:27,0.0,0,0.0,0.0,0.0
U014665,control,IT,2026-05-17 17:29:28,1.0,1,43.98,0.0,0.0
U025534,control,DE,2026-05-17 17:32:16,1.0,1,15.29,0.0,0.0
U025535,treatment,IT,2026-05-17 17:36:04,1.0,1,76.46,0.0,0.0
U025536,treatment,DE,2026-05-17 17:45:12,1.0,1,36.98,0.0,0.0
U005593,treatment,DE,2026-05-17 17:49:36,0.0,0,0.0,0.0,0.0
U025538,control,DE,2026-05-17 17:59:26,1.0,1,26.99,0.0,0.0
U025537,control,IT,2026-05-17 18:08:45,1.0,1,13.49,0.0,0.0
U024168,treatment,DE,2026-05-17 19:24:54,1.0,1,58.97,0.0,0.0
U011628,control,DE,2026-05-17 19:47:38,0.0,0,0.0,0.0,0.0
U025539,control,DE,2026-05-17 19:49:29,1.0,1,29.68,0.0,0.0
U025540,control,IT,2026-05-17 20:11:05,1.0,1,42.28,0.0,0.0
U025542,control,IT,2026-05-17 20:42:27,1.0,1,21.99,0.0,0.0
U025541,treatment,IT,2026-05-17 20:44:29,1.0,1,43.98,0.0,0.0
U023200,treatment,IT,2026-05-17 20:47:25,0.0,0,0.0,0.0,0.0
U021064,control,IT,2026-05-17 20:51:34,0.0,0,0.0,0.0,0.0
U025543,control,DE,2026-05-17 21:18:17,1.0,1,17.99,0.0,0.0
U025545,treatment,IT,2026-05-17 21:37:16,1.0,1,21.99,0.0,1.0
U025544,treatment,DE,2026-05-17 21:37:28,1.0,1,44.98,0.0,0.0
U025546,treatment,DE,2026-05-17 21:43:37,1.0,1,36.98,0.0,0.0
U025547,treatment,IT,2026-05-17 21:57:41,1.0,1,14.99,0.0,0.0
U014434,control,DE,2026-05-17 22:05:15,0.0,0,0.0,0.0,0.0
U017141,control,IT,2026-05-17 23:32:38,1.0,1,19.99,0.0,0.0
U007886,treatment,DE,2026-05-17 23:46:09,0.0,0,0.0,0.0,0.0
U000460,control,IT,2026-05-17 23:47:41,0.0,0,0.0,0.0,0.0
U020333,treatment,IT,2026-05-17 23:57:57,0.0,0,0.0,0.0,0.0
U025548,treatment,IT,2026-05-17 23:58:41,1.0,1,75.22,1.0,0.0
U011228,treatment,DE,2026-05-18 00:10:31,0.0,0,0.0,0.0,0.0
U025549,treatment,IT,2026-05-18 00:27:02,1.0,1,52.18,0.0,0.0
U025550,control,IT,2026-05-18 00:34:36,1.0,1,117.96,0.0,0.0
U011089,control,IT,2026-05-18 00:37:52,1.0,1,74.98,0.0,0.0
U017554,treatment,IT,2026-05-18 00:42:24,0.0,0,0.0,0.0,0.0
U015109,control,DE,2026-05-18 00:52:03,0.0,0,0.0,0.0,0.0
U021435,control,IT,2026-05-18 00:52:40,0.0,0,0.0,0.0,0.0
U014347,control,IT,2026-05-18 01:20:30,0.0,0,0.0,0.0,0.0
U019216,treatment,IT,2026-05-18 01:55:00,0.0,0,0.0,0.0,0.0
U025551,treatment,DE,2026-05-18 01:55:28,1.0,1,38.98,0.0,0.0
U025552,control,IT,2026-05-18 02:47:15,1.0,1,35.98,0.0,1.0
U012537,control,DE,2026-05-18 03:01:04,0.0,0,0.0,0.0,0.0
U018166,treatment,DE,2026-05-18 03:04:44,0.0,0,0.0,0.0,0.0
U017329,treatment,DE,2026-05-18 03:14:05,0.0,0,0.0,0.0,0.0
U005412,treatment,DE,2026-05-18 03:18:25,1.0,1,19.99,0.0,0.0
U020003,treatment,IT,2026-05-18 03:29:25,1.0,1,99.97,0.0,0.0
U015641,control,DE,2026-05-18 05:28:04,0.0,0,0.0,0.0,0.0
U011240,treatment,IT,2026-05-18 05:35:55,1.0,1,86.71,1.0,0.0
U015389,control,DE,2026-05-18 05:36:23,0.0,0,0.0,0.0,0.0
U016194,treatment,IT,2026-05-18 05:46:31,0.0,0,0.0,0.0,0.0
U001702,control,DE,2026-05-18 05:47:22,1.0,1,32.98,0.0,0.0
U018856,control,IT,2026-05-18 05:48:57,1.0,1,28.99,0.0,0.0
U021688,treatment,DE,2026-05-18 06:18:49,0.0,0,0.0,0.0,0.0
U016188,control,DE,2026-05-18 06:42:39,0.0,0,0.0,0.0,0.0
U014155,control,DE,2026-05-18 06:53:50,0.0,0,0.0,0.0,0.0
U025553,control,DE,2026-05-18 07:13:19,1.0,1,29.99,0.0,0.0
U013669,control,IT,2026-05-18 07:56:17,0.0,0,0.0,0.0,0.0
U025554,control,IT,2026-05-18 08:04:20,1.0,1,114.27,0.0,0.0
U025555,treatment,IT,2026-05-18 08:16:43,1.0,1,51.97,0.0,0.0
U025556,treatment,DE,2026-05-18 08:27:36,1.0,1,36.98,0.0,0.0
U025557,treatment,DE,2026-05-18 08:53:58,1.0,1,15.29,0.0,0.0
U022589,control,DE,2026-05-18 09:17:53,0.0,0,0.0,0.0,0.0
U025558,control,IT,2026-05-18 10:22:12,1.0,1,111.96,0.0,0.0
U025559,control,IT,2026-05-18 10:48:02,1.0,1,31.48,0.0,0.0
U005832,treatment,DE,2026-05-18 11:02:41,1.0,1,118.96,0.0,0.0
U013217,treatment,DE,2026-05-18 11:14:35,0.0,0,0.0,0.0,0.0
U025560,control,IT,2026-05-18 11:47:52,1.0,1,24.99,0.0,0.0
U025561,control,IT,2026-05-18 11:49:44,1.0,1,16.99,0.0,0.0
U021983,treatment,IT,2026-05-18 11:50:31,0.0,0,0.0,0.0,0.0
U023075,treatment,DE,2026-05-18 12:31:43,0.0,0,0.0,0.0,0.0
U025564,control,DE,2026-05-18 12:52:14,1.0,1,39.58,0.0,0.0
U025562,treatment,IT,2026-05-18 13:01:52,1.0,1,40.48,0.0,0.0
U025563,treatment,IT,2026-05-18 13:08:23,1.0,1,52.72,1.0,0.0
U025565,control,IT,2026-05-18 14:00:11,1.0,1,26.99,0.0,0.0
U015383,treatment,IT,2026-05-18 14:18:45,1.0,1,14.99,0.0,0.0
U025566,treatment,DE,2026-05-18 14:38:50,1.0,1,72.72,1.0,1.0
U001946,treatment,DE,2026-05-18 14:42:53,1.0,1,68.97,1.0,0.0
U016802,treatment,IT,2026-05-18 14:51:04,0.0,0,0.0,0.0,0.0
U025567,control,DE,2026-05-18 14:59:17,1.0,1,26.99,0.0,0.0
U022195,control,IT,2026-05-18 15:22:27,0.0,0,0.0,0.0,0.0
U025568,treatment,DE,2026-05-18 15:22:52,1.0,1,25.19,0.0,0.0
U025569,control,IT,2026-05-18 15:49:06,2.0,1,68.57,0.0,0.0
U013434,treatment,DE,2026-05-18 15:49:57,0.0,0,0.0,0.0,0.0
U012687,control,IT,2026-05-18 15:50:08,3.0,1,272.91,0.0,0.0
U025571,control,IT,2026-05-18 16:18:39,1.0,1,28.99,0.0,0.0
U025570,treatment,DE,2026-05-18 16:18:51,1.0,1,31.48,0.0,0.0
U025572,control,IT,2026-05-18 16:48:49,1.0,1,33.28,0.0,0.0
U025573,control,DE,2026-05-18 17:41:58,1.0,1,17.99,0.0,0.0
U025574,control,DE,2026-05-18 17:44:03,1.0,1,19.99,0.0,0.0
U010350,treatment,IT,2026-05-18 17:59:36,0.0,0,0.0,0.0,0.0
U025575,control,DE,2026-05-18 18:11:19,1.0,1,19.79,0.0,0.0
U025576,control,DE,2026-05-18 18:37:22,1.0,1,16.19,0.0,0.0
U002645,control,IT,2026-05-18 18:52:53,0.0,0,0.0,0.0,0.0
U018271,control,IT,2026-05-18 18:53:23,0.0,0,0.0,0.0,0.0
U023300,treatment,DE,2026-05-18 18:57:20,1.0,1,19.99,0.0,0.0
U021993,treatment,IT,2026-05-18 18:59:37,0.0,0,0.0,0.0,0.0
U025577,control,IT,2026-05-18 19:07:46,1.0,1,26.99,0.0,0.0
U011179,treatment,IT,2026-05-18 19:13:55,0.0,0,0.0,0.0,0.0
U019472,control,DE,2026-05-18 19:16:09,2.0,1,51.47,0.0,0.0
U015681,control,IT,2026-05-18 19:47:05,0.0,0,0.0,0.0,0.0
U014174,treatment,DE,2026-05-18 19:50:20,1.0,1,12.99,0.0,0.0
U014954,treatment,DE,2026-05-18 19:55:33,0.0,0,0.0,0.0,0.0
U025580,control,IT,2026-05-18 20:00:53,1.0,1,19.79,0.0,1.0
U025579,control,IT,2026-05-18 20:05:00,1.0,1,19.99,0.0,0.0
U025581,control,DE,2026-05-18 20:08:38,1.0,1,26.99,0.0,0.0
U025578,treatment,DE,2026-05-18 20:10:43,2.0,1,71.97,0.0,0.0
U025582,control,IT,2026-05-18 20:17:35,1.0,1,16.19,0.0,0.0
U025583,control,IT,2026-05-18 21:09:16,1.0,1,37.78,0.0,0.0
U019188,control,DE,2026-05-18 21:32:41,0.0,0,0.0,0.0,0.0
U025584,treatment,IT,2026-05-18 21:39:06,2.0,1,76.31,1.0,0.0
U025585,control,IT,2026-05-18 21:40:54,1.0,1,26.99,0.0,0.0
U003084,treatment,IT,2026-05-18 21:49:53,0.0,0,0.0,0.0,0.0
U016997,control,DE,2026-05-18 21:50:56,0.0,0,0.0,0.0,0.0
U011488,treatment,IT,2026-05-18 21:55:59,0.0,0,0.0,0.0,0.0
U013207,control,DE,2026-05-18 21:56:16,0.0,0,0.0,0.0,0.0
U018469,treatment,DE,2026-05-18 21:57:00,1.0,1,64.98,0.0,0.0
U025586,treatment,DE,2026-05-18 22:08:00,1.0,1,19.79,0.0,0.0
U002800,treatment,DE,2026-05-18 22:20:58,1.0,1,21.99,0.0,1.0
U025587,control,IT,2026-05-18 22:26:41,1.0,1,31.98,0.0,0.0
U004864,treatment,DE,2026-05-18 22:56:16,0.0,0,0.0,0.0,0.0
U018137,control,IT,2026-05-18 23:24:43,0.0,0,0.0,0.0,0.0
U020707,control,DE,2026-05-18 23:39:36,0.0,0,0.0,0.0,0.0
U025588,treatment,DE,2026-05-18 23:53:57,1.0,1,28.68,1.0,0.0
U021035,treatment,DE,2026-05-19 00:15:40,0.0,0,0.0,0.0,0.0
U022046,control,DE,2026-05-19 00:39:49,0.0,0,0.0,0.0,0.0
U021251,control,DE,2026-05-19 01:19:19,0.0,0,0.0,0.0,0.0
U016296,treatment,IT,2026-05-19 01:28:02,1.0,1,36.98,1.0,0.0
U000350,control,DE,2026-05-19 01:57:00,0.0,0,0.0,0.0,0.0
U016917,control,DE,2026-05-19 04:02:52,0.0,0,0.0,0.0,0.0
U016569,treatment,IT,2026-05-19 04:09:28,0.0,0,0.0,0.0,0.0
U012492,control,DE,2026-05-19 04:15:53,1.0,1,59.98,0.0,0.0
U018809,control,IT,2026-05-19 04:24:27,0.0,0,0.0,0.0,0.0
U020972,treatment,DE,2026-05-19 05:18:35,0.0,0,0.0,0.0,0.0
U025589,treatment,DE,2026-05-19 07:01:20,1.0,1,31.98,0.0,0.0
U025590,control,IT,2026-05-19 08:05:54,1.0,1,17.99,0.0,0.0
U025591,control,IT,2026-05-19 08:22:18,1.0,1,12.99,0.0,0.0
U005769,treatment,DE,2026-05-19 09:15:24,1.0,1,54.98,0.0,0.0
U022365,control,IT,2026-05-19 09:23:02,1.0,1,24.99,0.0,0.0
U010258,control,DE,2026-05-19 09:24:44,2.0,1,61.96,0.0,0.0
U013268,treatment,DE,2026-05-19 09:33:18,0.0,0,0.0,0.0,0.0
U016687,control,IT,2026-05-19 10:11:39,0.0,0,0.0,0.0,0.0
U025592,control,DE,2026-05-19 10:16:54,1.0,1,44.08,0.0,0.0
U025593,treatment,DE,2026-05-19 10:24:23,2.0,1,186.92,2.0,0.0
U022117,control,IT,2026-05-19 11:59:37,1.0,1,44.99,0.0,0.0
U019965,control,DE,2026-05-19 12:01:28,0.0,0,0.0,0.0,0.0
U025594,control,DE,2026-05-19 12:04:04,1.0,1,56.97,0.0,0.0
U025596,treatment,DE,2026-05-19 12:37:22,1.0,1,26.99,0.0,0.0
U025595,treatment,DE,2026-05-19 12:52:13,1.0,1,33.98,1.0,1.0
U025597,control,IT,2026-05-19 13:21:05,1.0,1,17.99,0.0,0.0
U025598,control,IT,2026-05-19 13:33:24,1.0,1,11.69,0.0,0.0
U013339,treatment,IT,2026-05-19 13:50:53,0.0,0,0.0,0.0,0.0
U025599,control,DE,2026-05-19 14:05:01,1.0,1,17.99,0.0,0.0
U004437,control,DE,2026-05-19 14:14:03,0.0,0,0.0,0.0,0.0
U022643,control,IT,2026-05-19 14:15:55,0.0,0,0.0,0.0,0.0
U012522,control,IT,2026-05-19 14:19:11,0.0,0,0.0,0.0,0.0
U004739,treatment,DE,2026-05-19 14:19:42,0.0,0,0.0,0.0,0.0
U020022,control,DE,2026-05-19 14:26:07,0.0,0,0.0,0.0,0.0
U025600,treatment,DE,2026-05-19 14:26:42,1.0,1,51.98,0.0,0.0
U025602,treatment,IT,2026-05-19 14:41:03,1.0,1,25.19,0.0,0.0
U018995,treatment,DE,2026-05-19 14:47:44,0.0,0,0.0,0.0,0.0
U025601,control,IT,2026-05-19 14:54:24,1.0,1,17.99,0.0,0.0
U025603,treatment,DE,2026-05-19 15:44:36,1.0,1,58.97,0.0,0.0
U025604,treatment,DE,2026-05-19 16:54:46,1.0,1,36.98,0.0,0.0
U022456,treatment,IT,2026-05-19 16:57:38,0.0,0,0.0,0.0,0.0
U025605,control,DE,2026-05-19 16:57:38,1.0,1,26.99,0.0,0.0
U022241,control,IT,2026-05-19 17:24:22,0.0,0,0.0,0.0,0.0
U025606,treatment,DE,2026-05-19 17:53:46,1.0,1,17.99,0.0,1.0
U025607,control,IT,2026-05-19 18:09:32,1.0,1,28.99,0.0,0.0
U025608,treatment,DE,2026-05-19 18:20:36,0.0,0,0.0,0.0,0.0
U001960,control,DE,2026-05-19 18:29:45,0.0,0,0.0,0.0,0.0
U025609,treatment,DE,2026-05-19 18:36:46,1.0,1,73.57,1.0,0.0
U025610,control,DE,2026-05-19 18:43:59,1.0,1,46.98,0.0,0.0
U025611,control,IT,2026-05-19 18:53:37,1.0,1,26.99,0.0,0.0
U025612,treatment,DE,2026-05-19 19:21:48,1.0,1,39.98,0.0,0.0
U015795,control,DE,2026-05-19 19:48:00,0.0,0,0.0,0.0,0.0
U025613,treatment,IT,2026-05-19 19:56:26,1.0,1,79.96,1.0,0.0
U025614,treatment,DE,2026-05-19 20:04:55,1.0,1,41.98,0.0,0.0
U017224,control,DE,2026-05-19 20:13:09,1.0,1,21.99,0.0,0.0
U006287,control,IT,2026-05-19 20:44:21,0.0,0,0.0,0.0,0.0
U017062,control,DE,2026-05-19 20:55:30,0.0,0,0.0,0.0,0.0
U025615,treatment,DE,2026-05-19 20:56:40,1.0,1,73.22,1.0,0.0
U008829,treatment,DE,2026-05-19 20:58:29,1.0,1,14.99,0.0,1.0
U025619,treatment,DE,2026-05-19 21:21:26,1.0,1,11.69,0.0,0.0
U025617,control,DE,2026-05-19 21:22:07,1.0,1,11.99,0.0,0.0
U025620,control,IT,2026-05-19 21:28:37,1.0,1,47.98,0.0,0.0
U025616,treatment,IT,2026-05-19 21:29:32,1.0,1,24.73,1.0,0.0
U025621,treatment,DE,2026-05-19 21:36:38,1.0,1,15.29,0.0,0.0
U025622,control,DE,2026-05-19 21:38:17,2.0,1,98.05,0.0,0.0
U025618,control,DE,2026-05-19 21:46:07,1.0,1,17.99,0.0,0.0
U004693,control,IT,2026-05-19 22:23:02,1.0,1,24.99,0.0,0.0
U021649,control,IT,2026-05-19 22:28:44,2.0,1,73.97,0.0,0.0
U025623,control,IT,2026-05-19 23:35:32,1.0,1,14.99,0.0,0.0
U023916,control,IT,2026-05-20 00:09:20,0.0,0,0.0,0.0,0.0
U025624,treatment,DE,2026-05-20 00:19:29,1.0,1,15.99,0.0,0.0
U025625,control,DE,2026-05-20 00:27:50,1.0,1,26.99,0.0,0.0
U013951,treatment,DE,2026-05-20 00:37:44,0.0,0,0.0,0.0,0.0
U022029,treatment,DE,2026-05-20 00:56:54,0.0,0,0.0,0.0,0.0
U025626,control,IT,2026-05-20 01:40:43,1.0,1,21.99,0.0,0.0
U019777,control,IT,2026-05-20 02:50:55,0.0,0,0.0,0.0,0.0
U013490,treatment,DE,2026-05-20 03:13:38,0.0,0,0.0,0.0,0.0
U025627,control,DE,2026-05-20 04:03:43,1.0,1,21.99,0.0,0.0
U014270,treatment,DE,2026-05-20 04:03:54,0.0,0,0.0,0.0,0.0
U019264,treatment,DE,2026-05-20 04:11:56,0.0,0,0.0,0.0,0.0
U008169,control,IT,2026-05-20 04:23:57,0.0,0,0.0,0.0,0.0
U021212,control,IT,2026-05-20 04:33:36,0.0,0,0.0,0.0,0.0
U023953,control,DE,2026-05-20 04:41:24,0.0,0,0.0,0.0,0.0
U022614,control,IT,2026-05-20 04:58:22,1.0,1,17.99,0.0,0.0
U023102,control,IT,2026-05-20 04:59:24,0.0,0,0.0,0.0,0.0
U019087,treatment,IT,2026-05-20 05:37:46,0.0,0,0.0,0.0,0.0
U015264,control,DE,2026-05-20 05:39:06,0.0,0,0.0,0.0,0.0
U014720,control,DE,2026-05-20 06:31:53,1.0,1,23.99,0.0,0.0
U016157,treatment,IT,2026-05-20 06:35:12,1.0,1,21.99,0.0,0.0
U018775,control,IT,2026-05-20 06:46:52,0.0,0,0.0,0.0,0.0
U022661,treatment,IT,2026-05-20 06:49:49,0.0,0,0.0,0.0,0.0
U025628,treatment,DE,2026-05-20 07:04:58,1.0,1,40.73,1.0,0.0
U020164,treatment,DE,2026-05-20 07:06:15,0.0,0,0.0,0.0,0.0
U011743,treatment,IT,2026-05-20 07:15:52,1.0,1,26.99,0.0,0.0
U025629,treatment,DE,2026-05-20 07:44:23,1.0,1,34.98,1.0,0.0
U019670,treatment,IT,2026-05-20 08:05:04,0.0,0,0.0,0.0,0.0
U013040,treatment,DE,2026-05-20 09:45:38,1.0,1,64.97,0.0,0.0
U025630,treatment,DE,2026-05-20 09:47:49,1.0,1,32.98,0.0,0.0
U010152,control,DE,2026-05-20 09:51:19,0.0,0,0.0,0.0,0.0
U017617,control,DE,2026-05-20 11:28:25,0.0,0,0.0,0.0,0.0
U025631,treatment,IT,2026-05-20 11:49:23,1.0,1,41.98,0.0,0.0
U010563,control,IT,2026-05-20 12:00:19,2.0,1,68.97,0.0,0.0
U025632,control,IT,2026-05-20 12:11:33,1.0,1,44.98,0.0,0.0
U025633,treatment,DE,2026-05-20 12:57:42,1.0,1,90.96,0.0,0.0
U025634,treatment,IT,2026-05-20 13:46:48,1.0,1,44.98,0.0,0.0
U022646,control,DE,2026-05-20 13:47:29,0.0,0,0.0,0.0,0.0
U021762,treatment,IT,2026-05-20 14:11:39,1.0,1,49.73,1.0,0.0
U025635,treatment,DE,2026-05-20 14:13:09,1.0,1,29.68,0.0,0.0
U011004,treatment,DE,2026-05-20 14:17:29,0.0,0,0.0,0.0,0.0
U025636,control,DE,2026-05-20 14:40:49,1.0,1,27.98,0.0,0.0
U010573,treatment,IT,2026-05-20 15:02:22,0.0,0,0.0,0.0,0.0
U025638,treatment,IT,2026-05-20 15:15:20,1.0,1,34.73,1.0,0.0
U025637,control,IT,2026-05-20 15:17:20,1.0,1,49.97,0.0,0.0
U008083,control,DE,2026-05-20 15:46:17,0.0,0,0.0,0.0,0.0
U023932,treatment,IT,2026-05-20 15:56:27,0.0,0,0.0,0.0,0.0
U025639,control,IT,2026-05-20 16:08:25,1.0,1,26.09,0.0,0.0
U022228,control,DE,2026-05-20 16:35:15,0.0,0,0.0,0.0,0.0
U017815,control,DE,2026-05-20 16:40:08,0.0,0,0.0,0.0,0.0
U021387,control,DE,2026-05-20 17:05:31,0.0,0,0.0,0.0,0.0
U023930,treatment,IT,2026-05-20 17:06:30,0.0,0,0.0,0.0,0.0
U025640,treatment,IT,2026-05-20 17:15:41,1.0,1,76.98,0.0,0.0
U023263,treatment,DE,2026-05-20 17:38:56,0.0,0,0.0,0.0,0.0
U025641,treatment,IT,2026-05-20 17:54:28,1.0,1,11.99,0.0,0.0
U025642,control,IT,2026-05-20 17:57:55,1.0,1,26.99,0.0,0.0
U025643,control,DE,2026-05-20 18:08:48,1.0,1,13.49,0.0,0.0
U010400,control,DE,2026-05-20 19:03:14,0.0,0,0.0,0.0,0.0
U015508,control,DE,2026-05-20 19:04:30,0.0,0,0.0,0.0,0.0
U025644,treatment,IT,2026-05-20 19:28:38,1.0,1,24.99,0.0,0.0
U025645,control,DE,2026-05-20 19:33:58,1.0,1,33.28,0.0,1.0
U025646,treatment,DE,2026-05-20 19:59:31,1.0,1,67.52,1.0,0.0
U011427,treatment,DE,2026-05-20 20:08:58,0.0,0,0.0,0.0,0.0
U025647,control,IT,2026-05-20 20:14:52,1.0,1,21.99,0.0,0.0
U025648,treatment,IT,2026-05-20 20:23:23,1.0,1,39.98,0.0,0.0
U011448,treatment,DE,2026-05-20 20:29:37,1.0,1,25.18,0.0,0.0
U025649,control,DE,2026-05-20 20:53:04,1.0,1,66.97,0.0,0.0
U025650,control,DE,2026-05-20 21:36:29,1.0,1,41.98,0.0,0.0
U022072,control,DE,2026-05-20 21:44:22,0.0,0,0.0,0.0,0.0
U025651,control,IT,2026-05-20 21:47:44,1.0,1,54.97,0.0,0.0
U025652,control,DE,2026-05-20 22:21:15,1.0,1,29.98,0.0,0.0
U012380,treatment,IT,2026-05-20 22:32:48,0.0,0,0.0,0.0,0.0
U025653,treatment,DE,2026-05-20 22:37:12,2.0,1,132.62,2.0,0.0
U025654,control,IT,2026-05-20 23:04:24,1.0,1,26.09,0.0,0.0
U025655,treatment,DE,2026-05-20 23:34:27,1.0,1,78.72,1.0,0.0
U020452,treatment,DE,2026-05-21 00:30:33,0.0,0,0.0,0.0,0.0
U025656,control,IT,2026-05-21 00:30:41,1.0,1,36.98,0.0,0.0
U015014,control,DE,2026-05-21 00:55:24,0.0,0,0.0,0.0,0.0
U016793,control,DE,2026-05-21 01:29:42,0.0,0,0.0,0.0,0.0
U015930,treatment,DE,2026-05-21 02:41:50,0.0,0,0.0,0.0,0.0
U025657,control,DE,2026-05-21 03:35:49,1.0,1,17.99,0.0,0.0
U018136,control,IT,2026-05-21 04:18:33,0.0,0,0.0,0.0,0.0
U022543,control,DE,2026-05-21 04:24:54,0.0,0,0.0,0.0,0.0
U013335,treatment,IT,2026-05-21 04:35:38,0.0,0,0.0,0.0,0.0
U012093,control,IT,2026-05-21 04:48:12,0.0,0,0.0,0.0,0.0
U023753,treatment,DE,2026-05-21 04:55:27,1.0,1,59.99,0.0,0.0
U021270,treatment,IT,2026-05-21 05:02:46,0.0,0,0.0,0.0,0.0
U019411,control,IT,2026-05-21 05:35:29,0.0,0,0.0,0.0,0.0
U025658,control,IT,2026-05-21 05:42:40,1.0,1,37.98,0.0,0.0
U014679,treatment,IT,2026-05-21 06:44:24,0.0,0,0.0,0.0,0.0
U021105,control,DE,2026-05-21 06:51:04,0.0,0,0.0,0.0,0.0
U020922,treatment,DE,2026-05-21 06:56:10,0.0,0,0.0,0.0,0.0
U020147,control,IT,2026-05-21 07:18:21,0.0,0,0.0,0.0,0.0
U023870,control,DE,2026-05-21 07:19:19,0.0,0,0.0,0.0,0.0
U017214,control,IT,2026-05-21 07:56:13,0.0,0,0.0,0.0,0.0
U025659,treatment,DE,2026-05-21 08:09:24,1.0,1,19.99,0.0,0.0
U012790,control,DE,2026-05-21 08:20:50,0.0,0,0.0,0.0,0.0
U025660,control,DE,2026-05-21 08:38:50,1.0,1,26.99,0.0,0.0
U015883,control,IT,2026-05-21 08:44:39,1.0,1,11.99,0.0,0.0
U019630,treatment,DE,2026-05-21 08:47:56,0.0,0,0.0,0.0,0.0
U024153,control,DE,2026-05-21 09:00:36,0.0,0,0.0,0.0,0.0
U018980,treatment,IT,2026-05-21 09:16:20,0.0,0,0.0,0.0,0.0
U020312,control,IT,2026-05-21 10:09:35,0.0,0,0.0,0.0,0.0
U022609,treatment,DE,2026-05-21 10:10:21,0.0,0,0.0,0.0,0.0
U025661,treatment,IT,2026-05-21 10:14:33,1.0,1,36.98,0.0,0.0
U025662,control,DE,2026-05-21 10:35:04,1.0,1,22.49,0.0,0.0
U025663,control,DE,2026-05-21 10:42:58,1.0,1,31.98,0.0,0.0
U012320,control,IT,2026-05-21 11:01:38,0.0,0,0.0,0.0,0.0
U025665,treatment,DE,2026-05-21 11:01:44,1.0,1,50.02,1.0,0.0
U003736,control,DE,2026-05-21 11:06:15,2.0,1,218.93,0.0,0.0
U021590,control,IT,2026-05-21 11:07:38,0.0,0,0.0,0.0,0.0
U025664,control,DE,2026-05-21 11:10:20,1.0,1,14.99,0.0,0.0
U025666,control,DE,2026-05-21 11:33:33,1.0,1,34.98,0.0,0.0
U015489,treatment,DE,2026-05-21 12:02:03,0.0,0,0.0,0.0,0.0
U025667,control,DE,2026-05-21 12:08:53,1.0,1,24.99,0.0,0.0
U016179,control,IT,2026-05-21 12:10:05,0.0,0,0.0,0.0,0.0
U007339,control,DE,2026-05-21 12:28:20,1.0,1,69.98,0.0,0.0
U025668,control,IT,2026-05-21 12:47:07,1.0,1,39.98,0.0,0.0
U016983,control,DE,2026-05-21 12:50:02,0.0,0,0.0,0.0,0.0
U022681,control,DE,2026-05-21 12:53:13,0.0,0,0.0,0.0,0.0
U025670,control,IT,2026-05-21 12:56:54,1.0,1,36.98,0.0,0.0
U025669,control,DE,2026-05-21 13:03:13,1.0,1,53.97,0.0,0.0
U021020,control,DE,2026-05-21 13:20:21,0.0,0,0.0,0.0,0.0
U023955,treatment,IT,2026-05-21 13:22:36,0.0,0,0.0,0.0,0.0
U012066,treatment,DE,2026-05-21 14:03:36,0.0,0,0.0,0.0,0.0
U025671,control,IT,2026-05-21 14:20:15,1.0,1,34.18,0.0,0.0
U014750,control,DE,2026-05-21 14:25:36,0.0,0,0.0,0.0,0.0
U013987,control,DE,2026-05-21 14:29:17,0.0,0,0.0,0.0,0.0
U019453,control,DE,2026-05-21 14:54:22,0.0,0,0.0,0.0,0.0
U025672,treatment,DE,2026-05-21 15:13:08,1.0,1,19.79,0.0,0.0
U025673,control,IT,2026-05-21 15:25:19,1.0,1,17.99,0.0,0.0
U006145,treatment,IT,2026-05-21 15:26:14,1.0,1,34.98,0.0,0.0
U025675,control,DE,2026-05-21 15:48:28,1.0,1,55.98,0.0,0.0
U025674,control,DE,2026-05-21 15:53:07,1.0,1,19.99,0.0,0.0
U025677,treatment,IT,2026-05-21 16:50:30,2.0,1,59.97,0.0,0.0
U012686,control,DE,2026-05-21 16:57:42,0.0,0,0.0,0.0,0.0
U025676,treatment,DE,2026-05-21 17:03:56,1.0,1,35.98,0.0,0.0
U010393,control,DE,2026-05-21 17:20:13,0.0,0,0.0,0.0,0.0
U020916,treatment,IT,2026-05-21 17:24:16,0.0,0,0.0,0.0,0.0
U025678,treatment,IT,2026-05-21 17:28:10,1.0,1,33.28,0.0,0.0
U025679,control,DE,2026-05-21 17:38:42,1.0,1,15.29,0.0,0.0
U020609,treatment,DE,2026-05-21 18:12:42,1.0,1,22.49,0.0,0.0
U000187,control,IT,2026-05-21 18:16:09,1.0,1,19.99,0.0,0.0
U025680,control,IT,2026-05-21 18:20:38,1.0,1,37.78,0.0,0.0
U022530,control,DE,2026-05-21 18:48:53,0.0,0,0.0,0.0,0.0
U025681,treatment,DE,2026-05-21 18:52:37,1.0,1,30.98,0.0,0.0
U020413,treatment,IT,2026-05-21 19:04:24,0.0,0,0.0,0.0,0.0
U025682,control,IT,2026-05-21 19:26:24,1.0,1,53.07,0.0,0.0
U025683,treatment,IT,2026-05-21 19:43:46,1.0,1,36.78,1.0,0.0
U025684,treatment,IT,2026-05-21 19:45:47,1.0,1,29.99,0.0,0.0
U025685,treatment,DE,2026-05-21 20:08:48,1.0,1,48.98,0.0,0.0
U025686,control,DE,2026-05-21 20:14:48,1.0,1,46.78,0.0,0.0
U011501,control,IT,2026-05-21 20:15:12,0.0,0,0.0,0.0,0.0
U021400,control,IT,2026-05-21 20:46:29,1.0,1,29.99,0.0,0.0
U025689,control,DE,2026-05-21 20:57:36,1.0,1,39.58,0.0,0.0
U025687,control,DE,2026-05-21 20:58:08,1.0,1,81.98,0.0,0.0
U025688,control,DE,2026-05-21 21:11:21,1.0,1,29.99,0.0,0.0
U025690,treatment,DE,2026-05-21 21:23:21,1.0,1,24.28,0.0,0.0
U025691,control,DE,2026-05-21 21:28:44,1.0,1,37.78,0.0,0.0
U025692,control,DE,2026-05-21 21:34:37,1.0,1,37.98,0.0,0.0
U020258,control,IT,2026-05-21 21:38:46,0.0,0,0.0,0.0,0.0
U025693,control,IT,2026-05-21 22:01:48,1.0,1,29.68,0.0,0.0
U025694,treatment,DE,2026-05-21 22:26:08,1.0,1,71.77,1.0,0.0
U017910,treatment,DE,2026-05-21 22:37:04,0.0,0,0.0,0.0,0.0
U023036,control,DE,2026-05-21 22:43:32,1.0,1,12.99,0.0,0.0
U025695,control,DE,2026-05-21 23:29:27,1.0,1,32.98,0.0,0.0
U019161,control,DE,2026-05-21 23:40:29,0.0,0,0.0,0.0,0.0
U008442,control,DE,2026-05-22 00:15:25,0.0,0,0.0,0.0,0.0
U022201,control,DE,2026-05-22 00:22:04,0.0,0,0.0,0.0,0.0
U022058,control,DE,2026-05-22 00:23:16,1.0,1,19.99,0.0,0.0
U018394,control,DE,2026-05-22 00:28:14,0.0,0,0.0,0.0,0.0
U009920,control,DE,2026-05-22 01:20:59,0.0,0,0.0,0.0,0.0
U017842,treatment,IT,2026-05-22 01:33:32,1.0,1,65.97,1.0,0.0
U002850,control,DE,2026-05-22 02:21:45,0.0,0,0.0,0.0,0.0
U017994,treatment,DE,2026-05-22 02:23:48,0.0,0,0.0,0.0,0.0
U016049,treatment,DE,2026-05-22 02:26:21,1.0,1,29.99,0.0,0.0
U023850,control,DE,2026-05-22 02:35:52,0.0,0,0.0,0.0,0.0
U009031,treatment,DE,2026-05-22 02:39:36,1.0,1,104.95,0.0,0.0
U010055,treatment,IT,2026-05-22 02:46:16,0.0,0,0.0,0.0,0.0
U022968,treatment,IT,2026-05-22 02:51:04,0.0,0,0.0,0.0,0.0
U009435,control,IT,2026-05-22 03:01:46,0.0,0,0.0,0.0,0.0
U022958,treatment,IT,2026-05-22 03:09:20,1.0,1,64.98,0.0,0.0
U013870,treatment,DE,2026-05-22 03:22:09,4.0,1,277.91,0.0,0.0
U014738,control,IT,2026-05-22 04:06:44,0.0,0,0.0,0.0,0.0
U011471,treatment,IT,2026-05-22 04:08:57,1.0,1,19.99,0.0,0.0
U003368,treatment,IT,2026-05-22 04:30:20,0.0,0,0.0,0.0,0.0
U002003,control,IT,2026-05-22 05:29:32,0.0,0,0.0,0.0,0.0
U018721,control,DE,2026-05-22 05:41:57,0.0,0,0.0,0.0,0.0
U021808,control,IT,2026-05-22 06:47:39,0.0,0,0.0,0.0,0.0
U025696,control,DE,2026-05-22 07:20:51,1.0,1,41.98,0.0,0.0
U025697,treatment,DE,2026-05-22 07:45:57,1.0,1,73.77,0.0,0.0
U022394,control,IT,2026-05-22 08:27:36,0.0,0,0.0,0.0,0.0
U025698,treatment,DE,2026-05-22 08:41:58,1.0,1,105.96,1.0,0.0
U020280,control,DE,2026-05-22 09:02:42,0.0,0,0.0,0.0,0.0
U020353,treatment,IT,2026-05-22 09:04:47,0.0,0,0.0,0.0,0.0
U025699,control,IT,2026-05-22 10:07:16,1.0,1,16.99,0.0,0.0
U016586,control,DE,2026-05-22 10:16:11,0.0,0,0.0,0.0,0.0
U022839,control,DE,2026-05-22 11:06:24,1.0,1,28.99,0.0,0.0
U025700,control,DE,2026-05-22 11:14:07,1.0,1,17.99,0.0,0.0
U014861,control,DE,2026-05-22 11:18:51,0.0,0,0.0,0.0,0.0
U015277,treatment,DE,2026-05-22 11:41:08,0.0,0,0.0,0.0,0.0
U021899,treatment,IT,2026-05-22 11:53:00,0.0,0,0.0,0.0,0.0
U025701,control,IT,2026-05-22 11:59:16,1.0,1,81.98,0.0,0.0
U025702,control,IT,2026-05-22 13:10:46,1.0,1,26.99,0.0,0.0
U025703,treatment,IT,2026-05-22 13:28:41,1.0,1,77.17,1.0,0.0
U014014,treatment,DE,2026-05-22 13:55:59,0.0,0,0.0,0.0,0.0
U025704,treatment,IT,2026-05-22 14:51:46,1.0,1,28.99,0.0,0.0
U008858,treatment,DE,2026-05-22 15:40:14,0.0,0,0.0,0.0,0.0
U025706,control,IT,2026-05-22 15:43:53,1.0,1,26.99,0.0,0.0
U025705,treatment,DE,2026-05-22 15:44:31,1.0,1,46.97,0.0,0.0
U013507,control,IT,2026-05-22 15:57:50,0.0,0,0.0,0.0,0.0
U022041,control,DE,2026-05-22 16:05:13,0.0,0,0.0,0.0,0.0
U025708,control,IT,2026-05-22 16:06:26,1.0,1,19.99,0.0,0.0
U025707,treatment,IT,2026-05-22 16:08:02,1.0,1,19.79,0.0,0.0
U025709,control,DE,2026-05-22 16:41:01,1.0,1,57.98,0.0,0.0
U025710,treatment,DE,2026-05-22 17:16:39,1.0,1,26.09,0.0,0.0
U025711,control,DE,2026-05-22 18:45:04,1.0,1,34.18,0.0,0.0
U018252,treatment,DE,2026-05-22 18:55:41,0.0,0,0.0,0.0,0.0
U025712,treatment,DE,2026-05-22 18:56:28,1.0,1,38.98,1.0,0.0
U025713,treatment,DE,2026-05-22 19:12:50,1.0,1,34.98,1.0,0.0
U025714,control,DE,2026-05-22 19:55:46,1.0,1,26.99,0.0,0.0
U025715,treatment,IT,2026-05-22 20:06:09,1.0,1,17.99,0.0,0.0
U007167,control,DE,2026-05-22 20:35:33,1.0,1,44.98,0.0,0.0
U025716,treatment,IT,2026-05-22 20:37:10,1.0,1,66.72,1.0,1.0
U003181,treatment,DE,2026-05-22 21:08:21,0.0,0,0.0,0.0,0.0
U025717,control,IT,2026-05-22 21:08:40,1.0,1,15.29,0.0,0.0
U025718,treatment,IT,2026-05-22 21:16:11,1.0,1,26.99,0.0,0.0
U025719,control,IT,2026-05-22 21:24:06,1.0,1,38.98,0.0,0.0
U025720,control,IT,2026-05-22 21:36:38,1.0,1,21.59,0.0,0.0
U014073,treatment,DE,2026-05-22 21:57:47,1.0,1,55.72,1.0,0.0
U020226,control,DE,2026-05-22 22:15:04,1.0,1,29.99,0.0,0.0
U023662,control,DE,2026-05-22 22:35:56,0.0,0,0.0,0.0,0.0
U019489,control,DE,2026-05-22 23:13:06,0.0,0,0.0,0.0,0.0
U010786,treatment,DE,2026-05-22 23:49:15,1.0,1,29.98,0.0,0.0
U010394,control,IT,2026-05-22 23:54:28,0.0,0,0.0,0.0,0.0
U016447,control,IT,2026-05-23 00:24:08,0.0,0,0.0,0.0,0.0
U001973,treatment,IT,2026-05-23 01:01:23,0.0,0,0.0,0.0,0.0
U009196,control,IT,2026-05-23 01:02:30,1.0,1,94.97,0.0,0.0
U020932,treatment,IT,2026-05-23 01:03:26,0.0,0,0.0,0.0,0.0
U016398,treatment,IT,2026-05-23 01:14:06,0.0,0,0.0,0.0,0.0
U018487,control,DE,2026-05-23 01:41:15,0.0,0,0.0,0.0,0.0
U013792,treatment,DE,2026-05-23 01:47:02,0.0,0,0.0,0.0,0.0
U023584,control,DE,2026-05-23 01:59:01,0.0,0,0.0,0.0,0.0
U019910,treatment,DE,2026-05-23 02:01:47,0.0,0,0.0,0.0,0.0
U019822,treatment,DE,2026-05-23 02:04:24,0.0,0,0.0,0.0,0.0
U020011,treatment,DE,2026-05-23 02:15:33,0.0,0,0.0,0.0,0.0
U025721,control,DE,2026-05-23 02:42:09,1.0,1,31.48,0.0,0.0
U017242,control,DE,2026-05-23 03:03:45,1.0,1,24.99,0.0,0.0
U025722,control,DE,2026-05-23 03:21:03,1.0,1,29.98,0.0,0.0
U025723,control,DE,2026-05-23 03:53:04,1.0,1,49.47,0.0,0.0
U025724,control,DE,2026-05-23 04:15:49,1.0,1,14.99,0.0,0.0
U015897,control,IT,2026-05-23 04:24:19,0.0,0,0.0,0.0,0.0
U022249,treatment,DE,2026-05-23 04:27:53,0.0,0,0.0,0.0,0.0
U017690,control,IT,2026-05-23 04:55:58,1.0,1,67.97,0.0,1.0
U022404,control,IT,2026-05-23 05:46:56,0.0,0,0.0,0.0,0.0
U025725,control,DE,2026-05-23 06:15:53,1.0,1,31.48,0.0,0.0
U015596,treatment,DE,2026-05-23 06:44:38,0.0,0,0.0,0.0,0.0
U006928,control,DE,2026-05-23 06:44:54,0.0,0,0.0,0.0,0.0
U020546,control,IT,2026-05-23 06:54:13,1.0,1,30.98,0.0,0.0
U016779,control,IT,2026-05-23 07:44:13,1.0,1,23.99,0.0,0.0
U023931,control,IT,2026-05-23 07:54:11,0.0,0,0.0,0.0,0.0
U025726,control,DE,2026-05-23 08:40:51,1.0,1,17.99,0.0,0.0
U025727,treatment,DE,2026-05-23 08:55:16,1.0,1,41.28,1.0,0.0
U025728,treatment,DE,2026-05-23 09:09:08,1.0,1,65.67,0.0,0.0
U017710,control,DE,2026-05-23 09:39:15,0.0,0,0.0,0.0,0.0
U020799,control,DE,2026-05-23 09:48:04,0.0,0,0.0,0.0,0.0
U025730,control,DE,2026-05-23 10:07:05,1.0,1,12.99,0.0,1.0
U025729,control,IT,2026-05-23 10:08:15,1.0,1,29.68,0.0,0.0
U022114,control,DE,2026-05-23 10:31:36,0.0,0,0.0,0.0,0.0
U025731,treatment,DE,2026-05-23 10:45:05,1.0,1,39.58,0.0,0.0
U025732,control,DE,2026-05-23 10:57:19,1.0,1,34.18,0.0,0.0
U013375,control,IT,2026-05-23 11:25:58,0.0,0,0.0,0.0,0.0
U025734,treatment,DE,2026-05-23 11:48:17,1.0,1,26.99,0.0,0.0
U025733,control,DE,2026-05-23 11:50:10,1.0,1,26.99,0.0,0.0
U022990,treatment,IT,2026-05-23 11:59:33,0.0,0,0.0,0.0,0.0
U020989,treatment,IT,2026-05-23 12:02:39,0.0,0,0.0,0.0,0.0
U025735,control,DE,2026-05-23 12:10:59,1.0,1,40.48,0.0,0.0
U021199,control,IT,2026-05-23 12:13:33,0.0,0,0.0,0.0,0.0
U023320,treatment,IT,2026-05-23 12:28:55,0.0,0,0.0,0.0,0.0
U025736,treatment,IT,2026-05-23 12:33:39,1.0,1,36.98,0.0,0.0
U020434,treatment,DE,2026-05-23 13:23:18,0.0,0,0.0,0.0,0.0
U025737,control,IT,2026-05-23 13:35:57,1.0,1,26.09,0.0,0.0
U025738,treatment,DE,2026-05-23 13:53:49,1.0,1,43.98,1.0,0.0
U025739,treatment,DE,2026-05-23 14:02:12,1.0,1,57.57,0.0,0.0
U002912,treatment,IT,2026-05-23 14:19:44,0.0,0,0.0,0.0,0.0
U025740,control,IT,2026-05-23 14:39:35,1.0,1,59.98,0.0,0.0
U025741,control,IT,2026-05-23 14:56:40,1.0,1,32.98,0.0,0.0
U015951,treatment,IT,2026-05-23 15:35:18,0.0,0,0.0,0.0,0.0
U024162,control,DE,2026-05-23 15:47:15,1.0,1,49.98,0.0,0.0
U023598,treatment,DE,2026-05-23 15:47:19,0.0,0,0.0,0.0,0.0
U011084,control,DE,2026-05-23 15:58:41,1.0,1,34.98,0.0,0.0
U025742,treatment,DE,2026-05-23 17:07:39,1.0,1,71.77,1.0,0.0
U021731,control,IT,2026-05-23 18:21:25,0.0,0,0.0,0.0,0.0
U025743,control,IT,2026-05-23 18:54:22,1.0,1,15.29,0.0,0.0
U025744,control,IT,2026-05-23 19:06:34,1.0,1,47.98,0.0,0.0
U025745,control,IT,2026-05-23 19:30:33,1.0,1,31.98,0.0,0.0
U019129,treatment,DE,2026-05-23 19:47:41,0.0,0,0.0,0.0,0.0
U025746,treatment,DE,2026-05-23 19:50:41,1.0,1,34.98,0.0,0.0
U025748,control,DE,2026-05-23 20:06:53,1.0,1,46.98,0.0,0.0
U025747,control,DE,2026-05-23 20:07:58,1.0,1,19.79,0.0,0.0
U025749,control,IT,2026-05-23 20:22:12,1.0,1,21.99,0.0,0.0
U025750,treatment,DE,2026-05-23 21:02:59,1.0,1,56.22,1.0,0.0
U021672,treatment,DE,2026-05-23 21:09:51,0.0,0,0.0,0.0,0.0
U025751,treatment,IT,2026-05-23 21:13:04,1.0,1,64.92,1.0,0.0
U025752,treatment,IT,2026-05-23 21:25:24,1.0,1,26.09,0.0,0.0
U020463,treatment,DE,2026-05-23 21:32:07,0.0,0,0.0,0.0,0.0
U020951,control,DE,2026-05-23 21:36:18,0.0,0,0.0,0.0,0.0
U025753,treatment,DE,2026-05-23 21:44:08,1.0,1,54.22,1.0,0.0
U025754,treatment,DE,2026-05-23 21:58:41,1.0,1,36.98,0.0,0.0
U020417,treatment,DE,2026-05-23 22:13:37,1.0,1,144.97,0.0,0.0
U025755,treatment,DE,2026-05-23 22:29:36,1.0,1,37.78,0.0,0.0
U000231,treatment,IT,2026-05-23 22:39:28,0.0,0,0.0,0.0,0.0
U025756,treatment,DE,2026-05-23 22:54:21,1.0,1,49.98,0.0,0.0
U025757,control,IT,2026-05-23 22:56:18,1.0,1,33.28,0.0,0.0
U024074,treatment,DE,2026-05-23 23:01:25,0.0,0,0.0,0.0,0.0
U023275,treatment,IT,2026-05-24 00:21:42,0.0,0,0.0,0.0,0.0
U025758,control,IT,2026-05-24 01:44:38,1.0,1,41.98,0.0,0.0
U021834,treatment,DE,2026-05-24 01:46:52,0.0,0,0.0,0.0,0.0
U023841,treatment,IT,2026-05-24 02:12:26,1.0,1,36.98,1.0,0.0
U017384,treatment,DE,2026-05-24 03:02:20,1.0,1,59.99,0.0,0.0
U025759,treatment,DE,2026-05-24 05:32:09,1.0,1,44.08,0.0,0.0
U025760,treatment,IT,2026-05-24 06:43:34,1.0,1,87.96,1.0,0.0
U023367,treatment,DE,2026-05-24 07:26:59,1.0,1,28.93,1.0,0.0
U017126,control,DE,2026-05-24 07:28:02,0.0,0,0.0,0.0,0.0
U023590,treatment,DE,2026-05-24 08:47:55,0.0,0,0.0,0.0,0.0
U025761,control,DE,2026-05-24 08:58:19,1.0,1,34.98,0.0,0.0
U023078,treatment,DE,2026-05-24 09:04:09,0.0,0,0.0,0.0,0.0
U023379,control,DE,2026-05-24 09:16:45,0.0,0,0.0,0.0,0.0
U013807,control,DE,2026-05-24 09:25:35,0.0,0,0.0,0.0,0.0
U025762,control,DE,2026-05-24 09:26:55,1.0,1,31.98,0.0,0.0
U025763,control,IT,2026-05-24 09:28:43,1.0,1,38.98,0.0,0.0
U018273,control,IT,2026-05-24 09:41:53,0.0,0,0.0,0.0,0.0
U025764,treatment,DE,2026-05-24 10:05:30,1.0,1,36.98,0.0,0.0
U025765,control,DE,2026-05-24 10:16:22,1.0,1,26.09,0.0,0.0
U016905,treatment,DE,2026-05-24 10:18:49,0.0,0,0.0,0.0,0.0
U002694,control,DE,2026-05-24 10:19:03,1.0,1,19.99,0.0,0.0
U025766,treatment,DE,2026-05-24 10:35:18,1.0,1,181.93,0.0,0.0
U012346,treatment,DE,2026-05-24 11:02:47,0.0,0,0.0,0.0,0.0
U024007,control,IT,2026-05-24 11:33:14,0.0,0,0.0,0.0,0.0
U010775,control,DE,2026-05-24 11:42:00,1.0,1,21.99,0.0,0.0
U025768,treatment,IT,2026-05-24 11:58:18,1.0,1,21.99,0.0,0.0
U025767,control,IT,2026-05-24 12:09:05,1.0,1,31.98,0.0,0.0
U006798,treatment,DE,2026-05-24 12:28:21,0.0,0,0.0,0.0,0.0
U025770,control,IT,2026-05-24 12:31:52,1.0,1,21.59,0.0,0.0
U025769,control,DE,2026-05-24 12:41:07,1.0,1,32.98,0.0,0.0
U023215,control,DE,2026-05-24 13:20:33,0.0,0,0.0,0.0,0.0
U025771,treatment,DE,2026-05-24 13:23:38,1.0,1,14.99,0.0,0.0
U025772,control,DE,2026-05-24 13:39:50,1.0,1,12.99,0.0,0.0
U006588,treatment,DE,2026-05-24 13:55:58,0.0,0,0.0,0.0,0.0
U025773,treatment,DE,2026-05-24 14:02:55,1.0,1,79.97,0.0,0.0
U019208,treatment,DE,2026-05-24 14:07:30,0.0,0,0.0,0.0,0.0
U025774,control,DE,2026-05-24 14:12:07,1.0,1,31.98,0.0,0.0
U012505,control,DE,2026-05-24 14:13:11,0.0,0,0.0,0.0,0.0
U022360,treatment,DE,2026-05-24 14:16:50,0.0,0,0.0,0.0,0.0
U025775,treatment,DE,2026-05-24 14:25:47,1.0,1,38.83,1.0,0.0
U025776,treatment,DE,2026-05-24 14:30:24,0.0,0,0.0,0.0,0.0
U025777,treatment,DE,2026-05-24 14:39:02,1.0,1,51.97,1.0,0.0
U021116,control,IT,2026-05-24 14:40:51,0.0,0,0.0,0.0,0.0
U014527,treatment,DE,2026-05-24 14:58:53,0.0,0,0.0,0.0,0.0
U025779,treatment,DE,2026-05-24 15:15:07,1.0,1,21.99,0.0,0.0
U025778,treatment,DE,2026-05-24 15:15:43,1.0,1,17.99,0.0,0.0
U013243,control,DE,2026-05-24 15:30:16,0.0,0,0.0,0.0,0.0
U025780,treatment,DE,2026-05-24 15:30:24,1.0,1,34.98,0.0,0.0
U011654,control,DE,2026-05-24 15:48:50,0.0,0,0.0,0.0,0.0
U025781,treatment,IT,2026-05-24 15:57:50,1.0,1,84.96,0.0,0.0
U016103,treatment,IT,2026-05-24 16:25:39,0.0,0,0.0,0.0,0.0
U023792,treatment,DE,2026-05-24 16:27:23,0.0,0,0.0,0.0,0.0
U025782,treatment,DE,2026-05-24 16:51:22,1.0,1,11.99,0.0,0.0
U025783,control,IT,2026-05-24 17:06:31,1.0,1,21.99,0.0,0.0
U025784,treatment,DE,2026-05-24 18:09:51,1.0,1,63.22,1.0,0.0
U012202,treatment,DE,2026-05-24 18:19:50,0.0,0,0.0,0.0,0.0
U022797,control,DE,2026-05-24 18:27:52,0.0,0,0.0,0.0,0.0
U025785,treatment,DE,2026-05-24 18:27:59,1.0,1,24.99,0.0,0.0
U025786,control,DE,2026-05-24 18:33:47,1.0,1,41.98,0.0,0.0
U025787,treatment,DE,2026-05-24 18:38:54,1.0,1,41.98,0.0,0.0
U025788,treatment,DE,2026-05-24 18:39:33,1.0,1,35.98,0.0,0.0
U025789,treatment,IT,2026-05-24 18:59:35,1.0,1,17.99,0.0,0.0
U003457,treatment,DE,2026-05-24 19:18:56,0.0,0,0.0,0.0,0.0
U025790,control,DE,2026-05-24 19:26:00,1.0,1,21.99,0.0,0.0
U025792,treatment,IT,2026-05-24 19:33:49,1.0,1,35.98,0.0,0.0
U025795,control,IT,2026-05-24 19:35:12,1.0,1,41.98,0.0,0.0
U025791,control,DE,2026-05-24 19:39:14,1.0,1,69.97,0.0,0.0
U020903,control,DE,2026-05-24 19:43:16,0.0,0,0.0,0.0,0.0
U025793,treatment,IT,2026-05-24 19:49:59,1.0,1,37.98,0.0,0.0
U021851,treatment,IT,2026-05-24 19:51:41,0.0,0,0.0,0.0,0.0
U025794,control,IT,2026-05-24 19:57:27,1.0,1,31.48,0.0,0.0
U010064,treatment,DE,2026-05-24 20:24:30,0.0,0,0.0,0.0,0.0
U025796,treatment,DE,2026-05-24 20:29:02,1.0,1,26.99,0.0,0.0
U009882,control,DE,2026-05-24 20:33:55,1.0,1,16.99,0.0,0.0
U018745,treatment,DE,2026-05-24 20:48:27,0.0,0,0.0,0.0,0.0
U025797,treatment,DE,2026-05-24 21:04:23,1.0,1,15.29,0.0,0.0
U022862,treatment,DE,2026-05-24 21:11:55,0.0,0,0.0,0.0,0.0
U000675,treatment,DE,2026-05-24 21:30:43,2.0,1,221.68,1.0,1.0
U016399,control,IT,2026-05-24 21:31:57,0.0,0,0.0,0.0,0.0
U025800,treatment,DE,2026-05-24 21:47:45,1.0,1,15.29,0.0,0.0
U025798,control,IT,2026-05-24 21:53:08,1.0,1,31.48,0.0,0.0
U025799,treatment,DE,2026-05-24 21:54:54,1.0,1,120.94,0.0,0.0
U023229,control,IT,2026-05-24 21:59:47,1.0,1,29.99,0.0,0.0
U025801,control,DE,2026-05-24 22:29:52,1.0,1,35.98,0.0,0.0
U023780,control,DE,2026-05-24 22:51:47,0.0,0,0.0,0.0,0.0
U025802,control,DE,2026-05-24 23:01:07,1.0,1,36.98,0.0,1.0
U017056,treatment,DE,2026-05-24 23:28:18,1.0,1,21.99,0.0,0.0
U025803,treatment,IT,2026-05-24 23:43:54,1.0,1,100.55,1.0,0.0
U006870,treatment,DE,2026-05-25 01:07:04,0.0,0,0.0,0.0,0.0
U018014,treatment,DE,2026-05-25 01:14:22,0.0,0,0.0,0.0,0.0
U006132,control,DE,2026-05-25 01:15:21,0.0,0,0.0,0.0,0.0
U023099,treatment,IT,2026-05-25 01:42:08,0.0,0,0.0,0.0,0.0
U023874,control,DE,2026-05-25 01:49:09,0.0,0,0.0,0.0,0.0
U012744,treatment,DE,2026-05-25 01:59:38,0.0,0,0.0,0.0,0.0
U011690,treatment,IT,2026-05-25 02:02:43,0.0,0,0.0,0.0,0.0
U010411,control,DE,2026-05-25 02:58:54,2.0,1,143.95,0.0,0.0
U016551,treatment,IT,2026-05-25 03:25:57,0.0,0,0.0,0.0,0.0
U019297,treatment,DE,2026-05-25 03:41:08,0.0,0,0.0,0.0,0.0
U007313,treatment,IT,2026-05-25 03:52:58,0.0,0,0.0,0.0,0.0
U015267,treatment,DE,2026-05-25 04:07:04,0.0,0,0.0,0.0,0.0
U013386,treatment,DE,2026-05-25 04:35:49,1.0,1,69.98,0.0,0.0
U006280,control,IT,2026-05-25 04:46:45,0.0,0,0.0,0.0,0.0
U020113,control,DE,2026-05-25 06:06:37,0.0,0,0.0,0.0,0.0
U013006,treatment,IT,2026-05-25 06:14:51,0.0,0,0.0,0.0,0.0
U019988,control,IT,2026-05-25 06:14:57,0.0,0,0.0,0.0,0.0
U025804,treatment,IT,2026-05-25 07:16:49,1.0,1,16.99,0.0,0.0
U023190,treatment,DE,2026-05-25 07:32:35,0.0,0,0.0,0.0,0.0
U023994,treatment,DE,2026-05-25 07:38:32,0.0,0,0.0,0.0,0.0
U000405,treatment,DE,2026-05-25 08:01:12,0.0,0,0.0,0.0,0.0
U025805,control,DE,2026-05-25 08:25:19,1.0,1,55.78,0.0,0.0
U019841,treatment,DE,2026-05-25 08:27:31,0.0,0,0.0,0.0,0.0
U025806,control,DE,2026-05-25 08:55:23,1.0,1,83.65,0.0,0.0
U025807,control,IT,2026-05-25 09:12:43,1.0,1,19.99,0.0,0.0
U025808,control,DE,2026-05-25 09:41:36,1.0,1,17.99,0.0,0.0
U007458,control,IT,2026-05-25 09:46:38,0.0,0,0.0,0.0,0.0
U025809,treatment,DE,2026-05-25 09:51:32,1.0,1,38.68,0.0,1.0
U022292,control,IT,2026-05-25 10:42:15,0.0,0,0.0,0.0,0.0
U025810,control,IT,2026-05-25 10:59:52,1.0,1,31.98,0.0,0.0
U022018,control,DE,2026-05-25 11:09:47,1.0,1,21.99,0.0,0.0
U025811,control,DE,2026-05-25 12:06:14,1.0,1,31.48,0.0,0.0
U023760,treatment,DE,2026-05-25 12:20:10,1.0,1,14.99,0.0,0.0
U020455,control,DE,2026-05-25 12:44:27,0.0,0,0.0,0.0,0.0
U025812,treatment,DE,2026-05-25 12:47:16,1.0,1,53.07,0.0,0.0
U005796,treatment,DE,2026-05-25 13:01:24,1.0,1,136.97,1.0,0.0
U025813,control,IT,2026-05-25 13:28:34,1.0,1,28.78,0.0,0.0
U023207,control,DE,2026-05-25 13:38:03,1.0,1,14.99,0.0,0.0
U025814,control,DE,2026-05-25 13:38:08,1.0,1,27.99,0.0,0.0
U009622,control,IT,2026-05-25 13:47:23,1.0,1,39.98,0.0,0.0
U025815,control,IT,2026-05-25 13:54:42,1.0,1,49.98,0.0,0.0
U008708,treatment,DE,2026-05-25 13:59:32,0.0,0,0.0,0.0,0.0
U025817,control,DE,2026-05-25 14:22:48,1.0,1,35.98,0.0,1.0
U025816,control,IT,2026-05-25 14:28:34,1.0,1,17.99,0.0,0.0
U025818,treatment,DE,2026-05-25 14:57:55,1.0,1,84.27,1.0,0.0
U006737,control,DE,2026-05-25 15:00:22,1.0,1,19.99,0.0,0.0
U025819,treatment,IT,2026-05-25 15:10:49,1.0,1,21.99,0.0,0.0
U025820,treatment,IT,2026-05-25 15:19:01,1.0,1,44.08,0.0,0.0
U025822,treatment,DE,2026-05-25 15:20:30,1.0,1,29.99,0.0,0.0
U017468,control,DE,2026-05-25 15:22:19,0.0,0,0.0,0.0,0.0
U025821,control,IT,2026-05-25 15:23:30,1.0,1,36.98,0.0,0.0
U025823,treatment,DE,2026-05-25 16:14:27,1.0,1,26.99,0.0,0.0
U018866,control,DE,2026-05-25 16:23:49,0.0,0,0.0,0.0,0.0
U025825,control,IT,2026-05-25 16:35:19,1.0,1,48.98,0.0,0.0
U025824,treatment,IT,2026-05-25 16:38:28,1.0,1,56.97,1.0,0.0
U022940,treatment,DE,2026-05-25 17:04:51,0.0,0,0.0,0.0,0.0
U025826,control,IT,2026-05-25 17:35:24,1.0,1,41.98,0.0,0.0
U017463,control,IT,2026-05-25 18:14:34,0.0,0,0.0,0.0,0.0
U025827,treatment,IT,2026-05-25 18:29:56,1.0,1,31.98,0.0,0.0
U023423,control,IT,2026-05-25 18:33:29,0.0,0,0.0,0.0,0.0
U025828,control,IT,2026-05-25 18:35:22,1.0,1,57.97,0.0,0.0
U025829,treatment,DE,2026-05-25 18:49:00,1.0,1,36.98,0.0,0.0
U025831,treatment,DE,2026-05-25 19:01:52,1.0,1,30.73,1.0,0.0
U018952,control,IT,2026-05-25 19:05:23,0.0,0,0.0,0.0,0.0
U025830,treatment,IT,2026-05-25 19:10:16,1.0,1,81.51,1.0,0.0
U017750,control,IT,2026-05-25 19:24:34,0.0,0,0.0,0.0,0.0
U025832,control,DE,2026-05-25 19:53:57,1.0,1,56.98,0.0,0.0
U004904,control,IT,2026-05-25 20:09:35,0.0,0,0.0,0.0,0.0
U025833,control,DE,2026-05-25 20:32:33,1.0,1,25.19,0.0,0.0
U021966,treatment,IT,2026-05-25 20:34:38,0.0,0,0.0,0.0,0.0
U021960,control,DE,2026-05-25 20:47:04,0.0,0,0.0,0.0,0.0
U011771,control,DE,2026-05-25 21:49:43,1.0,1,12.99,0.0,0.0
U025834,treatment,IT,2026-05-25 21:55:13,1.0,1,35.98,0.0,0.0
U025835,treatment,IT,2026-05-25 22:27:29,1.0,1,62.98,0.0,0.0
U016428,control,DE,2026-05-25 23:26:06,1.0,1,39.98,0.0,0.0
U021447,treatment,IT,2026-05-25 23:46:22,0.0,0,0.0,0.0,0.0
U015865,treatment,IT,2026-05-26 00:36:47,0.0,0,0.0,0.0,0.0
U021977,treatment,IT,2026-05-26 00:52:06,0.0,0,0.0,0.0,0.0
U002623,treatment,DE,2026-05-26 01:23:08,1.0,1,104.97,0.0,0.0
U007346,treatment,DE,2026-05-26 01:33:43,0.0,0,0.0,0.0,0.0
U011842,treatment,IT,2026-05-26 01:37:47,0.0,0,0.0,0.0,0.0
U006451,control,DE,2026-05-26 02:35:37,0.0,0,0.0,0.0,0.0
U013569,treatment,IT,2026-05-26 02:52:39,0.0,0,0.0,0.0,0.0
U025836,control,DE,2026-05-26 03:05:55,1.0,1,40.48,0.0,0.0
U025837,treatment,DE,2026-05-26 03:47:05,1.0,1,60.42,1.0,0.0
U017188,treatment,IT,2026-05-26 03:48:49,0.0,0,0.0,0.0,0.0
U025838,treatment,DE,2026-05-26 04:33:02,1.0,1,86.97,1.0,0.0
U018282,treatment,IT,2026-05-26 04:43:44,0.0,0,0.0,0.0,0.0
U020275,control,DE,2026-05-26 06:29:35,0.0,0,0.0,0.0,0.0
U005054,control,DE,2026-05-26 06:51:49,0.0,0,0.0,0.0,0.0
U025839,treatment,DE,2026-05-26 07:41:03,1.0,1,76.02,1.0,0.0
U025841,control,IT,2026-05-26 07:46:11,1.0,1,36.98,0.0,0.0
U025840,treatment,DE,2026-05-26 07:54:12,1.0,1,29.99,0.0,0.0
U025842,treatment,DE,2026-05-26 08:00:07,0.0,0,0.0,0.0,0.0
U023900,control,DE,2026-05-26 08:56:35,0.0,0,0.0,0.0,0.0
U022509,control,IT,2026-05-26 09:48:33,0.0,0,0.0,0.0,0.0
U020577,control,DE,2026-05-26 10:15:18,0.0,0,0.0,0.0,0.0
U025843,treatment,DE,2026-05-26 10:22:25,2.0,1,81.25,1.0,0.0
U025844,treatment,DE,2026-05-26 10:37:38,1.0,1,23.99,0.0,0.0
U025845,treatment,IT,2026-05-26 10:50:10,1.0,1,33.98,1.0,0.0
U012353,treatment,DE,2026-05-26 11:03:50,0.0,0,0.0,0.0,0.0
U025846,control,DE,2026-05-26 11:27:45,1.0,1,44.98,0.0,0.0
U022002,treatment,DE,2026-05-26 11:39:52,0.0,0,0.0,0.0,0.0
U006332,treatment,DE,2026-05-26 11:43:22,1.0,1,61.98,0.0,0.0
U025847,treatment,IT,2026-05-26 12:04:28,1.0,1,16.99,0.0,0.0
U021650,control,DE,2026-05-26 13:24:33,0.0,0,0.0,0.0,0.0
U021373,control,DE,2026-05-26 13:27:14,0.0,0,0.0,0.0,0.0
U015903,control,IT,2026-05-26 13:27:30,0.0,0,0.0,0.0,0.0
U025848,control,DE,2026-05-26 13:46:49,1.0,1,36.98,0.0,0.0
U014435,control,DE,2026-05-26 13:52:54,0.0,0,0.0,0.0,0.0
U013181,treatment,IT,2026-05-26 13:58:44,0.0,0,0.0,0.0,0.0
U010754,treatment,DE,2026-05-26 14:17:32,0.0,0,0.0,0.0,0.0
U018496,treatment,DE,2026-05-26 14:34:53,0.0,0,0.0,0.0,0.0
U013300,treatment,DE,2026-05-26 14:45:21,0.0,0,0.0,0.0,0.0
U011211,treatment,DE,2026-05-26 14:48:51,1.0,1,79.98,0.0,0.0
U025849,treatment,DE,2026-05-26 15:07:12,1.0,1,58.72,1.0,0.0
U021964,control,DE,2026-05-26 15:47:18,0.0,0,0.0,0.0,0.0
U025850,treatment,DE,2026-05-26 15:58:18,1.0,1,113.96,1.0,0.0
U014224,treatment,DE,2026-05-26 16:19:16,0.0,0,0.0,0.0,0.0
U025851,treatment,DE,2026-05-26 17:09:05,1.0,1,27.98,0.0,0.0
U025852,control,DE,2026-05-26 17:18:28,1.0,1,39.58,0.0,0.0
U008010,control,IT,2026-05-26 17:36:00,0.0,0,0.0,0.0,0.0
U021783,control,DE,2026-05-26 17:43:37,0.0,0,0.0,0.0,0.0
U021081,control,DE,2026-05-26 17:52:18,0.0,0,0.0,0.0,0.0
U025853,treatment,IT,2026-05-26 18:02:34,1.0,1,16.99,0.0,0.0
U004348,control,DE,2026-05-26 18:11:23,0.0,0,0.0,0.0,0.0
U024158,control,IT,2026-05-26 18:22:01,0.0,0,0.0,0.0,0.0
U025854,control,DE,2026-05-26 18:24:46,1.0,1,52.18,0.0,0.0
U025855,control,IT,2026-05-26 18:28:50,1.0,1,99.96,0.0,0.0
U025856,control,DE,2026-05-26 18:48:28,1.0,1,48.58,0.0,0.0
U025857,treatment,IT,2026-05-26 19:22:44,1.0,1,17.99,0.0,0.0
U025858,treatment,IT,2026-05-26 19:58:28,1.0,1,59.97,1.0,0.0
U025859,treatment,DE,2026-05-26 19:58:37,2.0,1,43.72,1.0,0.0
U025860,treatment,DE,2026-05-26 20:03:58,1.0,1,61.22,1.0,0.0
U003449,control,DE,2026-05-26 20:18:12,0.0,0,0.0,0.0,0.0
U002585,treatment,DE,2026-05-26 20:21:07,0.0,0,0.0,0.0,0.0
U025861,treatment,IT,2026-05-26 20:31:46,1.0,1,70.97,1.0,0.0
U025862,control,DE,2026-05-26 20:53:32,1.0,1,15.29,0.0,0.0
U017833,control,IT,2026-05-26 20:57:44,0.0,0,0.0,0.0,0.0
U023092,treatment,IT,2026-05-26 21:43:27,0.0,0,0.0,0.0,0.0
U025864,control,DE,2026-05-26 21:56:44,1.0,1,36.98,0.0,0.0
U025863,treatment,IT,2026-05-26 22:02:33,1.0,1,12.99,0.0,1.0
U007938,control,DE,2026-05-26 22:10:04,0.0,0,0.0,0.0,0.0
U025865,treatment,DE,2026-05-26 22:25:56,1.0,1,48.58,0.0,0.0
U025866,treatment,IT,2026-05-26 22:41:55,1.0,1,73.76,0.0,0.0
U025867,treatment,DE,2026-05-26 23:03:57,1.0,1,54.52,1.0,0.0
U025868,control,DE,2026-05-26 23:15:07,1.0,1,31.48,0.0,0.0
U022737,treatment,IT,2026-05-26 23:30:46,1.0,1,43.98,1.0,0.0
U010222,control,DE,2026-05-26 23:39:17,0.0,0,0.0,0.0,0.0
U025869,treatment,DE,2026-05-27 00:46:49,1.0,1,56.98,0.0,0.0
U007948,control,IT,2026-05-27 00:55:46,0.0,0,0.0,0.0,0.0
U022872,control,DE,2026-05-27 01:27:40,1.0,1,17.99,0.0,0.0
U017545,control,DE,2026-05-27 02:02:15,0.0,0,0.0,0.0,0.0
U025870,treatment,DE,2026-05-27 02:16:30,1.0,1,62.21,1.0,0.0
U023000,control,DE,2026-05-27 02:36:39,0.0,0,0.0,0.0,0.0
U011272,treatment,IT,2026-05-27 03:24:41,1.0,1,29.98,1.0,0.0
U005079,control,DE,2026-05-27 03:49:44,0.0,0,0.0,0.0,0.0
U020571,treatment,IT,2026-05-27 04:12:31,0.0,0,0.0,0.0,0.0
U010345,treatment,IT,2026-05-27 05:05:14,1.0,1,19.99,0.0,0.0
U024094,control,IT,2026-05-27 05:22:39,1.0,1,36.98,0.0,0.0
U019597,control,IT,2026-05-27 06:01:18,0.0,0,0.0,0.0,0.0
U023572,treatment,DE,2026-05-27 06:07:04,0.0,0,0.0,0.0,0.0
U022399,treatment,DE,2026-05-27 07:05:02,0.0,0,0.0,0.0,0.0
U025871,treatment,DE,2026-05-27 08:06:41,1.0,1,37.98,0.0,0.0
U017736,control,DE,2026-05-27 08:34:15,0.0,0,0.0,0.0,0.0
U012706,control,IT,2026-05-27 09:15:47,0.0,0,0.0,0.0,0.0
U006382,treatment,IT,2026-05-27 09:47:15,0.0,0,0.0,0.0,0.0
U005795,control,IT,2026-05-27 09:57:25,0.0,0,0.0,0.0,0.0
U025872,control,DE,2026-05-27 10:14:54,1.0,1,44.98,0.0,0.0
U023651,control,DE,2026-05-27 10:18:13,0.0,0,0.0,0.0,0.0
U022502,control,IT,2026-05-27 11:28:26,1.0,1,57.98,0.0,0.0
U021321,treatment,IT,2026-05-27 11:37:13,0.0,0,0.0,0.0,0.0
U025873,control,IT,2026-05-27 11:40:20,1.0,1,27.99,0.0,0.0
U025875,treatment,DE,2026-05-27 11:56:08,1.0,1,36.98,0.0,0.0
U025874,treatment,IT,2026-05-27 12:02:29,1.0,1,38.68,0.0,0.0
U025876,treatment,DE,2026-05-27 12:53:09,1.0,1,17.99,0.0,0.0
U025877,treatment,DE,2026-05-27 13:21:20,1.0,1,34.98,0.0,0.0
U004452,control,DE,2026-05-27 13:39:52,0.0,0,0.0,0.0,0.0
U008689,treatment,IT,2026-05-27 13:52:56,0.0,0,0.0,0.0,0.0
U025878,treatment,DE,2026-05-27 14:05:20,0.0,0,0.0,0.0,0.0
U025880,control,DE,2026-05-27 14:37:50,1.0,1,47.98,0.0,0.0
U025879,treatment,DE,2026-05-27 14:55:29,1.0,1,30.98,0.0,0.0
U010553,control,IT,2026-05-27 15:00:37,0.0,0,0.0,0.0,0.0
U021732,treatment,DE,2026-05-27 15:01:41,0.0,0,0.0,0.0,0.0
U025881,control,IT,2026-05-27 15:05:56,1.0,1,49.97,0.0,0.0
U025882,treatment,DE,2026-05-27 15:47:01,1.0,1,35.98,0.0,0.0
U025883,treatment,IT,2026-05-27 15:51:30,1.0,1,30.48,1.0,0.0
U025884,treatment,DE,2026-05-27 16:40:10,1.0,1,45.98,0.0,0.0
U025886,control,DE,2026-05-27 17:10:41,1.0,1,41.98,0.0,0.0
U025885,treatment,DE,2026-05-27 17:22:40,1.0,1,89.97,1.0,0.0
U025887,treatment,DE,2026-05-27 17:41:14,1.0,1,46.72,1.0,0.0
U017209,control,IT,2026-05-27 18:02:56,0.0,0,0.0,0.0,0.0
U021094,treatment,DE,2026-05-27 18:10:35,1.0,1,62.97,1.0,0.0
U025888,control,DE,2026-05-27 18:21:03,1.0,1,32.98,0.0,0.0
U006950,treatment,DE,2026-05-27 18:30:11,1.0,1,37.98,0.0,0.0
U015322,treatment,DE,2026-05-27 19:12:21,0.0,0,0.0,0.0,0.0
U025889,treatment,IT,2026-05-27 19:20:33,1.0,1,25.18,0.0,0.0
U025890,control,IT,2026-05-27 19:46:17,1.0,1,36.98,0.0,0.0
U025892,treatment,IT,2026-05-27 20:11:07,0.0,0,0.0,0.0,0.0
U025893,treatment,DE,2026-05-27 20:17:56,1.0,1,40.48,0.0,0.0
U010527,treatment,DE,2026-05-27 20:22:20,0.0,0,0.0,0.0,0.0
U025891,control,DE,2026-05-27 20:23:12,1.0,1,17.99,0.0,0.0
U025894,control,IT,2026-05-27 20:43:28,1.0,1,36.98,0.0,0.0
U025896,control,IT,2026-05-27 21:07:23,1.0,1,26.09,0.0,0.0
U025895,control,IT,2026-05-27 21:11:29,1.0,1,21.99,0.0,0.0
U025897,control,IT,2026-05-27 21:27:04,1.0,1,36.98,0.0,0.0
U025898,treatment,IT,2026-05-27 22:38:02,0.0,0,0.0,0.0,0.0
U025899,control,IT,2026-05-27 23:34:35,1.0,1,36.98,0.0,0.0
U021639,control,DE,2026-05-28 00:13:03,0.0,0,0.0,0.0,0.0
U013239,control,IT,2026-05-28 01:51:10,1.0,1,39.99,0.0,0.0
U023023,control,DE,2026-05-28 02:47:33,0.0,0,0.0,0.0,0.0
U022861,treatment,IT,2026-05-28 04:01:15,1.0,1,74.72,1.0,0.0
U021646,treatment,IT,2026-05-28 04:34:23,1.0,1,46.72,1.0,0.0
U021725,control,DE,2026-05-28 05:26:52,0.0,0,0.0,0.0,0.0
U025900,control,DE,2026-05-28 05:30:39,1.0,1,31.48,0.0,0.0
U013806,treatment,IT,2026-05-28 06:48:16,0.0,0,0.0,0.0,0.0
U023251,treatment,DE,2026-05-28 07:46:27,0.0,0,0.0,0.0,0.0
U022358,control,DE,2026-05-28 07:58:59,0.0,0,0.0,0.0,0.0
U025901,treatment,IT,2026-05-28 08:18:00,1.0,1,17.99,0.0,0.0
U025902,treatment,DE,2026-05-28 08:58:14,1.0,1,16.99,0.0,0.0
U025903,treatment,DE,2026-05-28 09:19:43,1.0,1,27.99,0.0,0.0
U014514,treatment,IT,2026-05-28 09:41:02,0.0,0,0.0,0.0,0.0
U025904,control,DE,2026-05-28 09:42:07,1.0,1,19.79,0.0,0.0
U025905,treatment,DE,2026-05-28 09:44:47,1.0,1,26.99,0.0,0.0
U025906,control,IT,2026-05-28 09:57:41,1.0,1,29.99,0.0,0.0
U025907,treatment,IT,2026-05-28 10:05:41,1.0,1,16.19,0.0,0.0
U023463,control,IT,2026-05-28 10:40:53,1.0,1,24.99,0.0,0.0
U006881,treatment,IT,2026-05-28 10:47:57,0.0,0,0.0,0.0,0.0
U011176,control,IT,2026-05-28 11:06:58,0.0,0,0.0,0.0,0.0
U025908,control,DE,2026-05-28 11:16:33,1.0,1,31.48,0.0,0.0
U025909,control,DE,2026-05-28 11:23:27,1.0,1,58.98,0.0,0.0
U025910,control,DE,2026-05-28 11:42:55,1.0,1,37.78,0.0,0.0
U020605,control,IT,2026-05-28 11:57:09,0.0,0,0.0,0.0,0.0
U013824,treatment,IT,2026-05-28 12:24:58,1.0,1,21.99,0.0,0.0
U025911,treatment,DE,2026-05-28 12:27:56,1.0,1,62.97,1.0,0.0
U017955,control,DE,2026-05-28 12:39:06,0.0,0,0.0,0.0,0.0
U025912,control,DE,2026-05-28 13:02:33,1.0,1,26.99,0.0,0.0
U025913,treatment,DE,2026-05-28 13:10:38,1.0,1,17.99,0.0,0.0
U019906,control,IT,2026-05-28 13:38:55,0.0,0,0.0,0.0,0.0
U006334,treatment,DE,2026-05-28 13:56:44,1.0,1,19.99,0.0,0.0
U022763,control,IT,2026-05-28 14:19:06,0.0,0,0.0,0.0,0.0
U012483,control,IT,2026-05-28 14:19:37,1.0,1,32.98,0.0,0.0
U025914,treatment,IT,2026-05-28 14:24:31,1.0,1,17.99,0.0,0.0
U000355,treatment,DE,2026-05-28 14:27:16,0.0,0,0.0,0.0,0.0
U025915,control,DE,2026-05-28 16:03:22,1.0,1,36.98,0.0,0.0
U023869,treatment,IT,2026-05-28 16:06:29,0.0,0,0.0,0.0,0.0
U023959,treatment,DE,2026-05-28 16:20:45,0.0,0,0.0,0.0,0.0
U025916,treatment,DE,2026-05-28 16:34:54,1.0,1,17.99,0.0,0.0
U011850,control,DE,2026-05-28 17:17:41,1.0,1,39.99,0.0,0.0
U025917,treatment,DE,2026-05-28 17:29:48,1.0,1,54.97,0.0,0.0
U025918,control,DE,2026-05-28 17:34:39,1.0,1,59.98,0.0,0.0
U025919,treatment,DE,2026-05-28 17:36:55,1.0,1,40.98,1.0,0.0
U025920,treatment,DE,2026-05-28 17:38:38,1.0,1,27.98,0.0,0.0
U025921,control,DE,2026-05-28 18:05:30,1.0,1,15.29,0.0,0.0
U025922,control,IT,2026-05-28 18:34:25,1.0,1,69.98,0.0,0.0
U023624,control,IT,2026-05-28 18:39:21,0.0,0,0.0,0.0,0.0
U025923,treatment,DE,2026-05-28 18:49:06,1.0,1,26.99,0.0,0.0
U025924,control,IT,2026-05-28 19:12:11,1.0,1,21.99,0.0,0.0
U025925,control,IT,2026-05-28 19:37:35,1.0,1,17.99,0.0,0.0
U025927,treatment,DE,2026-05-28 19:48:48,1.0,1,30.73,1.0,0.0
U025926,treatment,IT,2026-05-28 19:51:43,1.0,1,56.97,0.0,0.0
U015199,control,IT,2026-05-28 20:06:45,0.0,0,0.0,0.0,0.0
U025928,control,DE,2026-05-28 21:00:22,1.0,1,19.79,0.0,0.0
U025929,control,DE,2026-05-28 21:10:10,1.0,1,28.99,0.0,0.0
U010077,treatment,DE,2026-05-28 21:15:09,0.0,0,0.0,0.0,0.0
U021275,treatment,IT,2026-05-28 21:17:43,0.0,0,0.0,0.0,0.0
U025930,control,IT,2026-05-28 21:30:27,1.0,1,16.99,0.0,0.0
U023791,control,IT,2026-05-28 21:58:24,0.0,0,0.0,0.0,0.0
U025931,treatment,DE,2026-05-28 22:21:50,1.0,1,65.97,1.0,0.0
U016819,control,DE,2026-05-28 22:38:57,0.0,0,0.0,0.0,0.0
U020299,control,IT,2026-05-28 23:12:55,0.0,0,0.0,0.0,0.0
U009697,control,DE,2026-05-28 23:37:59,1.0,1,89.97,0.0,0.0
U011697,control,DE,2026-05-29 02:43:27,0.0,0,0.0,0.0,0.0
U020355,treatment,IT,2026-05-29 02:51:45,0.0,0,0.0,0.0,0.0
U011930,treatment,DE,2026-05-29 03:32:07,0.0,0,0.0,0.0,0.0
U011512,treatment,DE,2026-05-29 03:56:20,0.0,0,0.0,0.0,0.0
U016126,control,IT,2026-05-29 04:08:37,0.0,0,0.0,0.0,0.0
U008075,control,IT,2026-05-29 04:18:49,0.0,0,0.0,0.0,0.0
U025932,control,DE,2026-05-29 04:59:45,1.0,1,44.98,0.0,0.0
U008970,treatment,DE,2026-05-29 05:25:48,0.0,0,0.0,0.0,0.0
U025933,treatment,IT,2026-05-29 05:34:48,1.0,1,21.99,0.0,0.0
U021979,control,DE,2026-05-29 05:48:25,0.0,0,0.0,0.0,0.0
U015861,control,IT,2026-05-29 06:17:02,0.0,0,0.0,0.0,0.0
U025934,control,DE,2026-05-29 06:19:51,1.0,1,26.09,0.0,0.0
U008129,control,DE,2026-05-29 06:20:09,0.0,0,0.0,0.0,0.0
U006446,treatment,IT,2026-05-29 07:11:10,0.0,0,0.0,0.0,0.0
U005324,control,DE,2026-05-29 07:17:10,1.0,1,49.97,0.0,0.0
U025935,treatment,IT,2026-05-29 07:30:04,1.0,1,28.78,0.0,0.0
U025936,treatment,DE,2026-05-29 07:33:11,1.0,1,38.58,1.0,0.0
U006406,treatment,DE,2026-05-29 08:13:50,0.0,0,0.0,0.0,0.0
U025937,treatment,DE,2026-05-29 08:15:17,1.0,1,35.98,0.0,0.0
U025938,treatment,IT,2026-05-29 08:58:10,1.0,1,21.99,0.0,0.0
U006796,treatment,DE,2026-05-29 09:00:38,0.0,0,0.0,0.0,0.0
U023892,treatment,DE,2026-05-29 10:01:57,0.0,0,0.0,0.0,0.0
U023510,control,DE,2026-05-29 10:08:43,0.0,0,0.0,0.0,0.0
U019487,control,IT,2026-05-29 10:10:31,0.0,0,0.0,0.0,0.0
U017496,control,IT,2026-05-29 11:05:06,0.0,0,0.0,0.0,0.0
U025939,control,DE,2026-05-29 11:12:33,1.0,1,29.68,0.0,0.0
U020686,control,IT,2026-05-29 11:38:26,0.0,0,0.0,0.0,0.0
U023270,treatment,DE,2026-05-29 11:40:40,0.0,0,0.0,0.0,0.0
U017270,treatment,DE,2026-05-29 11:42:07,0.0,0,0.0,0.0,0.0
U010441,treatment,IT,2026-05-29 11:53:49,0.0,0,0.0,0.0,0.0
U025940,treatment,DE,2026-05-29 12:22:30,1.0,1,24.73,1.0,0.0
U013965,control,DE,2026-05-29 12:35:19,1.0,1,19.99,0.0,0.0
U025941,control,DE,2026-05-29 12:59:42,1.0,1,17.99,0.0,0.0
U020738,control,IT,2026-05-29 13:44:02,1.0,1,15.99,0.0,0.0
U001902,control,DE,2026-05-29 13:47:49,0.0,0,0.0,0.0,0.0
U025942,treatment,DE,2026-05-29 13:49:57,1.0,1,110.96,1.0,0.0
U025943,treatment,DE,2026-05-29 14:00:38,1.0,1,89.21,1.0,0.0
U025944,control,IT,2026-05-29 14:06:58,1.0,1,35.98,0.0,0.0
U022585,treatment,DE,2026-05-29 14:09:52,0.0,0,0.0,0.0,0.0
U008938,control,IT,2026-05-29 14:11:44,0.0,0,0.0,0.0,0.0
U018935,control,DE,2026-05-29 15:10:23,1.0,1,14.99,0.0,0.0
U021430,control,IT,2026-05-29 15:10:30,0.0,0,0.0,0.0,0.0
U018327,treatment,DE,2026-05-29 15:43:12,0.0,0,0.0,0.0,0.0
U019853,control,IT,2026-05-29 16:30:16,0.0,0,0.0,0.0,0.0
U025945,treatment,IT,2026-05-29 16:35:15,1.0,1,39.98,0.0,0.0
U025946,treatment,DE,2026-05-29 16:45:24,2.0,1,126.75,1.0,1.0
U025947,control,DE,2026-05-29 17:11:30,1.0,1,33.28,0.0,0.0
U025948,control,IT,2026-05-29 17:16:30,1.0,1,85.96,0.0,0.0
U025949,control,DE,2026-05-29 17:39:32,1.0,1,24.29,0.0,0.0
U018803,control,DE,2026-05-29 17:47:12,0.0,0,0.0,0.0,0.0
U025950,control,DE,2026-05-29 18:31:53,1.0,1,35.98,0.0,0.0
U025951,treatment,DE,2026-05-29 18:43:58,1.0,1,60.28,0.0,0.0
U025952,control,DE,2026-05-29 19:01:37,1.0,1,29.68,0.0,0.0
U025953,treatment,DE,2026-05-29 19:14:47,1.0,1,47.98,0.0,1.0
U025954,treatment,DE,2026-05-29 19:51:03,1.0,1,49.98,0.0,0.0
U012824,control,DE,2026-05-29 20:00:00,0.0,0,0.0,0.0,0.0
U005099,control,IT,2026-05-29 20:05:29,0.0,0,0.0,0.0,0.0
U025955,treatment,DE,2026-05-29 20:09:19,1.0,1,32.73,1.0,0.0
U025956,treatment,IT,2026-05-29 20:15:42,1.0,1,76.72,1.0,0.0
U021404,treatment,DE,2026-05-29 20:27:26,1.0,1,14.99,0.0,0.0
U025957,treatment,DE,2026-05-29 21:11:55,1.0,1,24.99,0.0,0.0
U025959,control,IT,2026-05-29 21:12:04,1.0,1,34.98,0.0,0.0
U014876,treatment,DE,2026-05-29 21:24:31,0.0,0,0.0,0.0,0.0
U025958,control,IT,2026-05-29 21:29:06,1.0,1,15.29,0.0,0.0
U009087,treatment,IT,2026-05-29 21:35:52,0.0,0,0.0,0.0,0.0
U025960,treatment,DE,2026-05-29 21:41:35,1.0,1,37.93,1.0,0.0
U025961,control,DE,2026-05-29 21:59:41,1.0,1,43.98,0.0,0.0
U025962,control,IT,2026-05-29 22:03:19,1.0,1,12.99,0.0,0.0
U025963,treatment,DE,2026-05-29 22:20:07,1.0,1,21.99,0.0,0.0
U015730,treatment,DE,2026-05-29 22:23:30,1.0,1,27.98,0.0,0.0
U007572,treatment,IT,2026-05-29 22:31:09,0.0,0,0.0,0.0,0.0
U004596,treatment,IT,2026-05-29 22:50:32,0.0,0,0.0,0.0,0.0
U021885,treatment,DE,2026-05-29 23:14:54,0.0,0,0.0,0.0,0.0
U010256,treatment,DE,2026-05-30 00:16:30,0.0,0,0.0,0.0,0.0
U025964,control,DE,2026-05-30 00:25:14,1.0,1,24.29,0.0,0.0
U016444,control,DE,2026-05-30 01:03:27,0.0,0,0.0,0.0,0.0
U025965,treatment,DE,2026-05-30 01:35:33,1.0,1,29.73,1.0,0.0
U010846,treatment,DE,2026-05-30 01:47:55,1.0,1,64.97,0.0,0.0
U025966,treatment,IT,2026-05-30 02:09:42,1.0,1,87.97,1.0,1.0
U020878,treatment,DE,2026-05-30 02:31:27,0.0,0,0.0,0.0,0.0
U020314,treatment,DE,2026-05-30 03:07:12,0.0,0,0.0,0.0,0.0
U015809,control,DE,2026-05-30 03:11:39,0.0,0,0.0,0.0,0.0
U017260,control,DE,2026-05-30 03:20:03,0.0,0,0.0,0.0,0.0
U021290,treatment,DE,2026-05-30 03:22:48,0.0,0,0.0,0.0,0.0
U007008,treatment,DE,2026-05-30 03:26:27,0.0,0,0.0,0.0,0.0
U025967,control,IT,2026-05-30 04:34:14,1.0,1,26.99,0.0,0.0
U021942,control,IT,2026-05-30 04:45:27,0.0,0,0.0,0.0,0.0
U022779,treatment,DE,2026-05-30 05:17:25,0.0,0,0.0,0.0,0.0
U009583,control,IT,2026-05-30 05:18:18,0.0,0,0.0,0.0,0.0
U025968,control,DE,2026-05-30 05:31:26,1.0,1,56.98,0.0,0.0
U025969,control,IT,2026-05-30 05:59:41,1.0,1,62.97,0.0,0.0
U019287,control,DE,2026-05-30 06:35:21,0.0,0,0.0,0.0,0.0
U004832,treatment,DE,2026-05-30 06:42:30,0.0,0,0.0,0.0,0.0
U023280,control,DE,2026-05-30 06:43:43,0.0,0,0.0,0.0,0.0
U016841,treatment,IT,2026-05-30 06:56:48,0.0,0,0.0,0.0,0.0
U025970,treatment,IT,2026-05-30 07:10:28,1.0,1,29.98,0.0,0.0
U025971,control,IT,2026-05-30 07:55:10,1.0,1,16.99,0.0,0.0
U025973,control,IT,2026-05-30 08:12:03,1.0,1,44.98,0.0,1.0
U025972,control,DE,2026-05-30 08:17:23,1.0,1,28.78,0.0,0.0
U023406,control,IT,2026-05-30 08:39:39,0.0,0,0.0,0.0,0.0
U025974,treatment,DE,2026-05-30 08:45:11,1.0,1,37.03,1.0,1.0
U025975,control,IT,2026-05-30 09:29:15,1.0,1,34.98,0.0,0.0
U023430,control,DE,2026-05-30 09:29:40,0.0,0,0.0,0.0,0.0
U022347,treatment,DE,2026-05-30 09:47:03,0.0,0,0.0,0.0,0.0
U022666,treatment,DE,2026-05-30 10:07:54,0.0,0,0.0,0.0,0.0
U022759,control,IT,2026-05-30 10:25:21,0.0,0,0.0,0.0,0.0
U025977,treatment,DE,2026-05-30 10:33:45,1.0,1,26.99,0.0,0.0
U019228,control,IT,2026-05-30 10:43:49,1.0,1,31.98,0.0,0.0
U025976,control,IT,2026-05-30 10:51:12,1.0,1,15.29,0.0,0.0
U003232,control,DE,2026-05-30 11:21:06,0.0,0,0.0,0.0,0.0
U025978,treatment,IT,2026-05-30 12:03:37,1.0,1,34.98,0.0,0.0
U025980,treatment,DE,2026-05-30 12:10:56,1.0,1,71.77,1.0,0.0
U025979,control,DE,2026-05-30 12:11:12,1.0,1,40.98,0.0,0.0
U022061,treatment,IT,2026-05-30 12:12:17,1.0,1,38.98,0.0,0.0
U025981,treatment,IT,2026-05-30 12:25:40,1.0,1,27.73,1.0,0.0
U008100,control,DE,2026-05-30 12:40:28,0.0,0,0.0,0.0,0.0
U016757,control,DE,2026-05-30 13:21:33,1.0,1,14.99,0.0,0.0
U025982,treatment,IT,2026-05-30 13:34:50,1.0,1,29.73,1.0,0.0
U010544,control,DE,2026-05-30 13:42:14,1.0,1,19.99,0.0,0.0
U006632,treatment,IT,2026-05-30 14:30:04,0.0,0,0.0,0.0,0.0
U017757,treatment,DE,2026-05-30 14:53:09,0.0,0,0.0,0.0,0.0
U015332,control,DE,2026-05-30 14:55:06,0.0,0,0.0,0.0,0.0
U008799,control,DE,2026-05-30 15:08:41,0.0,0,0.0,0.0,0.0
U025983,control,IT,2026-05-30 15:19:32,1.0,1,28.99,0.0,1.0
U025985,control,IT,2026-05-30 15:41:19,1.0,1,34.98,0.0,0.0
U025984,treatment,DE,2026-05-30 15:45:27,1.0,1,65.72,1.0,0.0
U023071,control,IT,2026-05-30 16:08:07,0.0,0,0.0,0.0,0.0
U025986,treatment,DE,2026-05-30 16:29:52,1.0,1,62.97,0.0,0.0
U025987,treatment,IT,2026-05-30 16:59:57,1.0,1,29.99,0.0,0.0
U025988,treatment,DE,2026-05-30 17:04:56,1.0,1,39.73,1.0,0.0
U025989,treatment,DE,2026-05-30 18:00:08,1.0,1,43.18,0.0,0.0
U015043,treatment,IT,2026-05-30 18:22:42,0.0,0,0.0,0.0,0.0
U025990,treatment,DE,2026-05-30 18:24:58,1.0,1,36.98,0.0,0.0
U025991,control,IT,2026-05-30 18:49:05,1.0,1,26.99,0.0,0.0
U019532,treatment,IT,2026-05-30 20:15:44,0.0,0,0.0,0.0,0.0
U025992,control,DE,2026-05-30 20:24:00,1.0,1,14.99,0.0,0.0
U015511,treatment,DE,2026-05-30 20:46:12,0.0,0,0.0,0.0,0.0
U025994,control,DE,2026-05-30 21:44:30,1.0,1,26.09,0.0,0.0
U025993,control,IT,2026-05-30 21:52:39,1.0,1,44.98,0.0,0.0
U025995,control,DE,2026-05-30 22:28:18,1.0,1,17.99,0.0,0.0
U025996,treatment,IT,2026-05-30 23:02:42,1.0,1,26.99,0.0,0.0
U025997,control,DE,2026-05-30 23:19:06,1.0,1,49.97,0.0,0.0
U009439,control,DE,2026-05-31 00:50:31,0.0,0,0.0,0.0,0.0
U025998,treatment,IT,2026-05-31 00:58:37,1.0,1,40.48,0.0,0.0
U019265,control,DE,2026-05-31 01:14:48,1.0,1,21.99,0.0,0.0
U005648,control,IT,2026-05-31 01:47:58,0.0,0,0.0,0.0,0.0
U017981,treatment,IT,2026-05-31 01:50:06,0.0,0,0.0,0.0,0.0
U015037,treatment,DE,2026-05-31 03:19:01,1.0,1,49.73,1.0,0.0
U025999,treatment,DE,2026-05-31 04:12:50,1.0,1,48.98,0.0,0.0
U020152,treatment,DE,2026-05-31 04:16:28,0.0,0,0.0,0.0,0.0
U026000,control,IT,2026-05-31 04:42:15,1.0,1,29.99,0.0,0.0
U026001,control,IT,2026-05-31 04:51:15,1.0,1,46.98,0.0,0.0
U024222,control,IT,2026-05-31 05:03:05,0.0,0,0.0,0.0,0.0
U026002,control,IT,2026-05-31 05:09:37,1.0,1,12.99,0.0,0.0
U008008,treatment,DE,2026-05-31 05:51:51,1.0,1,72.73,1.0,0.0
U021800,control,DE,2026-05-31 05:57:20,0.0,0,0.0,0.0,0.0
U026003,treatment,DE,2026-05-31 06:14:08,1.0,1,33.28,0.0,0.0
U016433,control,IT,2026-05-31 06:16:16,0.0,0,0.0,0.0,0.0
U019979,treatment,DE,2026-05-31 06:51:05,0.0,0,0.0,0.0,0.0
U021855,control,DE,2026-05-31 07:18:13,1.0,1,14.99,0.0,0.0
U021021,control,DE,2026-05-31 07:33:20,0.0,0,0.0,0.0,0.0
U012514,control,DE,2026-05-31 07:42:41,1.0,1,14.99,0.0,0.0
U018700,treatment,DE,2026-05-31 07:44:38,0.0,0,0.0,0.0,0.0
U015697,treatment,DE,2026-05-31 07:47:22,1.0,1,36.23,1.0,0.0
U026004,treatment,DE,2026-05-31 07:58:58,1.0,1,30.73,1.0,0.0
U026005,treatment,DE,2026-05-31 08:01:02,1.0,1,28.99,0.0,0.0
U026007,control,DE,2026-05-31 08:06:40,1.0,1,44.08,0.0,0.0
U026006,control,IT,2026-05-31 08:19:31,1.0,1,57.96,0.0,1.0
U026008,control,IT,2026-05-31 08:21:09,1.0,1,31.48,0.0,0.0
U026009,control,IT,2026-05-31 08:31:24,1.0,1,65.68,0.0,0.0
U015992,treatment,DE,2026-05-31 08:33:58,0.0,0,0.0,0.0,0.0
U023007,treatment,DE,2026-05-31 08:46:20,0.0,0,0.0,0.0,0.0
U019701,control,DE,2026-05-31 09:03:16,1.0,1,39.98,0.0,0.0
U026010,control,IT,2026-05-31 09:07:53,1.0,1,22.49,0.0,0.0
U024061,control,DE,2026-05-31 09:19:36,0.0,0,0.0,0.0,0.0
U012634,control,DE,2026-05-31 09:48:22,0.0,0,0.0,0.0,0.0
U017999,control,IT,2026-05-31 10:00:13,0.0,0,0.0,0.0,0.0
U026011,control,IT,2026-05-31 10:08:13,1.0,1,26.98,0.0,0.0
U022255,treatment,DE,2026-05-31 10:14:14,0.0,0,0.0,0.0,0.0
U017435,control,DE,2026-05-31 10:16:11,0.0,0,0.0,0.0,0.0
U026012,control,DE,2026-05-31 10:52:07,1.0,1,29.99,0.0,0.0
U021817,treatment,IT,2026-05-31 10:54:04,1.0,1,31.98,1.0,0.0
U023371,control,DE,2026-05-31 11:07:49,1.0,1,34.98,0.0,0.0
U014057,control,DE,2026-05-31 11:14:29,0.0,0,0.0,0.0,0.0
U026014,treatment,DE,2026-05-31 11:21:27,1.0,1,28.99,0.0,0.0
U026013,treatment,IT,2026-05-31 11:21:43,1.0,1,71.97,1.0,0.0
U019604,control,DE,2026-05-31 11:30:49,1.0,1,106.96,0.0,0.0
U001327,control,DE,2026-05-31 11:38:32,0.0,0,0.0,0.0,0.0
U019482,treatment,IT,2026-05-31 11:48:48,0.0,0,0.0,0.0,0.0
U026015,control,IT,2026-05-31 11:56:10,1.0,1,21.99,0.0,0.0
U026016,treatment,DE,2026-05-31 12:01:46,1.0,1,51.98,0.0,0.0
U018186,treatment,DE,2026-05-31 12:13:05,0.0,0,0.0,0.0,0.0
U026017,treatment,IT,2026-05-31 12:59:31,1.0,1,32.98,0.0,0.0
U015842,treatment,DE,2026-05-31 13:31:22,1.0,1,28.99,0.0,0.0
U017671,treatment,DE,2026-05-31 13:44:46,0.0,0,0.0,0.0,0.0
U026018,control,DE,2026-05-31 13:50:40,1.0,1,34.18,0.0,0.0
U026019,control,IT,2026-05-31 13:58:10,1.0,1,16.99,0.0,1.0
U022521,control,DE,2026-05-31 14:24:05,1.0,1,14.99,0.0,0.0
U021248,treatment,DE,2026-05-31 14:42:13,0.0,0,0.0,0.0,0.0
U026020,control,IT,2026-05-31 14:48:28,1.0,1,40.48,0.0,0.0
U026021,treatment,DE,2026-05-31 15:40:01,1.0,1,70.22,1.0,0.0
U020891,treatment,IT,2026-05-31 16:07:12,0.0,0,0.0,0.0,0.0
U010597,treatment,IT,2026-05-31 16:30:42,0.0,0,0.0,0.0,0.0
U026024,treatment,DE,2026-05-31 16:38:01,1.0,1,19.79,0.0,0.0
U026022,control,IT,2026-05-31 16:43:40,1.0,1,41.98,0.0,0.0
U026023,control,DE,2026-05-31 16:48:29,1.0,1,21.99,0.0,0.0
U026025,treatment,DE,2026-05-31 17:01:34,1.0,1,44.08,0.0,0.0
U026026,treatment,IT,2026-05-31 17:39:11,1.0,1,26.09,0.0,0.0
U026027,control,IT,2026-05-31 17:53:02,1.0,1,39.98,0.0,0.0
U026028,control,DE,2026-05-31 18:10:27,1.0,1,46.98,0.0,0.0
U026029,treatment,DE,2026-05-31 18:29:31,1.0,1,16.99,0.0,0.0
U023895,control,DE,2026-05-31 18:39:44,0.0,0,0.0,0.0,0.0
U026030,control,DE,2026-05-31 18:57:24,1.0,1,49.98,0.0,0.0
U026031,control,IT,2026-05-31 19:01:20,1.0,1,65.97,0.0,0.0
U026032,treatment,DE,2026-05-31 19:20:20,1.0,1,55.92,1.0,0.0
U026033,control,IT,2026-05-31 19:20:27,1.0,1,41.98,0.0,0.0
U001993,treatment,IT,2026-05-31 19:21:21,0.0,0,0.0,0.0,0.0
U026035,control,IT,2026-05-31 19:38:10,1.0,1,26.99,0.0,0.0
U026034,treatment,DE,2026-05-31 19:41:12,1.0,1,43.18,0.0,0.0
U026036,control,IT,2026-05-31 19:43:18,1.0,1,23.99,0.0,0.0
U001649,treatment,DE,2026-05-31 19:58:52,0.0,0,0.0,0.0,0.0
U026037,control,DE,2026-05-31 20:08:02,1.0,1,28.99,0.0,0.0
U026038,treatment,DE,2026-05-31 20:17:54,1.0,1,24.73,1.0,0.0
U026039,control,DE,2026-05-31 20:19:12,1.0,1,28.78,0.0,0.0
U023210,control,DE,2026-05-31 20:27:52,0.0,0,0.0,0.0,0.0
U026040,treatment,IT,2026-05-31 20:28:39,1.0,1,19.79,0.0,0.0
U026041,treatment,IT,2026-05-31 20:37:41,1.0,1,88.98,0.0,0.0
U026042,treatment,DE,2026-05-31 20:54:38,1.0,1,37.78,0.0,0.0
U026043,treatment,DE,2026-05-31 20:55:12,1.0,1,33.98,1.0,0.0
U026044,control,DE,2026-05-31 21:01:09,1.0,1,182.93,0.0,0.0
U026046,treatment,IT,2026-05-31 21:01:59,1.0,1,19.79,0.0,0.0
U026045,control,DE,2026-05-31 21:02:57,1.0,1,37.98,0.0,0.0
U026047,treatment,IT,2026-05-31 21:04:26,1.0,1,37.78,0.0,0.0
U017295,treatment,DE,2026-05-31 21:28:59,0.0,0,0.0,0.0,0.0
U026048,control,DE,2026-05-31 21:30:41,1.0,1,44.08,0.0,0.0
U026050,control,IT,2026-05-31 21:43:51,1.0,1,24.99,0.0,0.0
U026049,treatment,DE,2026-05-31 21:43:55,1.0,1,14.99,0.0,0.0
U026051,control,DE,2026-05-31 22:00:45,1.0,1,86.98,0.0,0.0
U026053,treatment,DE,2026-05-31 22:10:45,1.0,1,35.98,0.0,0.0
U026052,treatment,DE,2026-05-31 22:19:57,1.0,1,42.73,1.0,1.0
U026054,control,IT,2026-05-31 22:37:43,1.0,1,28.78,0.0,0.0
U020371,control,IT,2026-05-31 22:47:58,1.0,1,52.97,0.0,0.0
U018917,treatment,DE,2026-05-31 23:22:43,0.0,0,0.0,0.0,0.0
U026055,treatment,IT,2026-05-31 23:41:10,1.0,1,78.22,1.0,0.0
